trip_id,vessel_id,dep_ts,arr_ts,duration_h,fishing_h,steaming_h,distance_km,dep_lat,dep_lon,arr_lat,arr_lon,dep_date,arr_date,year
matsumae01_T0,matsumae01,2023-04-26 21:20:39,2023-04-26 21:33:39,0.21666666666666667,0.0,0.21666666666666667,8.054201073528034,41.84285,140.767683,41.816667,140.7198,2023-04-26,2023-04-26,2023
matsumae01_T1,matsumae01,2023-07-08 00:39:39,2023-07-08 07:13:39,6.566666666666666,4.2,2.3666666666666667,38.373312408126374,41.479967,139.994417,41.485583,139.9927,2023-07-08,2023-07-08,2023
matsumae01_T10,matsumae01,2023-08-10 08:08:39,2023-08-10 08:14:39,0.1,0.0,0.1,2.043892443559916,41.507783,139.99945,41.52565,139.996,2023-08-10,2023-08-10,2023
matsumae01_T11,matsumae01,2023-08-10 08:49:39,2023-08-10 08:56:40,0.11694444444444445,0.06666666666666667,0.05027777777777778,0.5786299840327851,41.52905,139.9772,41.527717,139.98005,2023-08-10,2023-08-10,2023
matsumae01_T12,matsumae01,2023-08-10 09:30:40,2023-08-10 09:37:39,0.11638888888888889,0.08305555555555555,0.03333333333333334,0.6532943015997342,41.527883,139.97945,41.527683,139.98005,2023-08-10,2023-08-10,2023
matsumae01_T13,matsumae01,2023-08-10 10:13:39,2023-08-10 10:21:39,0.13333333333333333,0.11666666666666667,0.016666666666666666,0.700314212637361,41.52785,139.979783,41.52785,139.979583,2023-08-10,2023-08-10,2023
matsumae01_T14,matsumae01,2023-08-10 10:22:39,2023-08-10 10:52:39,0.5,0.3666666666666667,0.13333333333333333,2.3531616332613914,41.528133,139.979017,41.527683,139.980183,2023-08-10,2023-08-10,2023
matsumae01_T15,matsumae01,2023-08-10 12:22:39,2023-08-10 12:46:39,0.4,0.2833333333333333,0.11666666666666667,2.108023723750752,41.52555,139.992983,41.50765,140.001183,2023-08-10,2023-08-10,2023
matsumae01_T16,matsumae01,2023-08-11 07:41:39,2023-08-11 07:50:39,0.15,0.0,0.15,2.836417986321751,41.5038,139.99475,41.527183,139.9812,2023-08-11,2023-08-11,2023
matsumae01_T17,matsumae01,2023-08-11 08:03:40,2023-08-11 14:08:39,6.083055555555556,4.083333333333334,1.9997222222222224,10.479884924301727,41.563867,139.972283,41.560933,139.968067,2023-08-11,2023-08-11,2023
matsumae01_T18,matsumae01,2023-08-11 14:18:39,2023-08-11 14:27:39,0.15,0.0,0.15,3.284881515893551,41.528383,139.977667,41.501717,139.99415,2023-08-11,2023-08-11,2023
matsumae01_T19,matsumae01,2023-08-19 07:42:39,2023-08-19 07:49:39,0.11666666666666667,0.0,0.11666666666666667,2.2868095178791634,41.505433,139.996033,41.5247,139.986483,2023-08-19,2023-08-19,2023
matsumae01_T2,matsumae01,2023-07-10 01:10:40,2023-07-10 12:23:39,11.21638888888889,8.067222222222222,3.149166666666667,56.49839082281349,41.4813,139.996683,41.415433,140.065167,2023-07-10,2023-07-10,2023
matsumae01_T20,matsumae01,2023-08-19 08:03:39,2023-08-19 13:25:39,5.366666666666667,4.1002777777777775,1.266388888888889,13.683135291937537,41.566483,139.97635,41.564317,139.9737,2023-08-19,2023-08-19,2023
matsumae01_T21,matsumae01,2023-08-19 14:05:39,2023-08-19 14:25:40,0.33361111111111114,0.1836111111111111,0.15000000000000002,3.144561334790861,41.527567,139.979717,41.50265,139.994217,2023-08-19,2023-08-19,2023
matsumae01_T22,matsumae01,2023-08-20 07:59:40,2023-08-20 08:06:39,0.1163888888888889,0.0,0.1163888888888889,2.257577988861686,41.505883,139.996683,41.525083,139.9879,2023-08-20,2023-08-20,2023
matsumae01_T23,matsumae01,2023-08-20 08:29:39,2023-08-20 08:33:39,0.06666666666666667,0.03333333333333333,0.03333333333333333,0.36050868075705245,41.566167,139.977167,41.566367,139.977483,2023-08-20,2023-08-20,2023
matsumae01_T24,matsumae01,2023-08-20 08:35:39,2023-08-20 08:44:39,0.15,0.13305555555555557,0.016944444444444446,0.46428475548475656,41.565867,139.976083,41.566883,139.97845,2023-08-20,2023-08-20,2023
matsumae01_T25,matsumae01,2023-08-20 08:49:40,2023-08-20 10:19:39,1.4997222222222222,1.0666666666666667,0.4330555555555555,5.853079275612139,41.566383,139.9783,41.565917,139.976967,2023-08-20,2023-08-20,2023
matsumae01_T26,matsumae01,2023-08-20 11:33:39,2023-08-20 11:52:40,0.3169444444444445,0.1663888888888889,0.15055555555555555,1.7423418867125566,41.5639,139.972767,41.566717,139.977317,2023-08-20,2023-08-20,2023
matsumae01_T27,matsumae01,2023-08-20 11:59:39,2023-08-20 12:21:40,0.36694444444444446,0.08361111111111111,0.2833333333333333,3.3890132613104003,41.566283,139.977433,41.5937,139.970717,2023-08-20,2023-08-20,2023
matsumae01_T28,matsumae01,2023-08-20 14:11:39,2023-08-20 14:18:40,0.11694444444444445,0.0,0.11694444444444445,2.450875507061019,41.52545,139.9864,41.504833,139.9968,2023-08-20,2023-08-20,2023
matsumae01_T29,matsumae01,2023-08-21 07:43:39,2023-08-21 07:44:39,0.016666666666666666,0.016666666666666666,0.0,0.08261010467093664,41.50965,140.005817,41.50975,140.006617,2023-08-21,2023-08-21,2023
matsumae01_T3,matsumae01,2023-07-10 13:14:40,2023-07-10 13:20:39,0.09972222222222223,0.0,0.09972222222222223,1.7823328143236732,41.419817,140.0653,41.428817,140.047617,2023-07-10,2023-07-10,2023
matsumae01_T30,matsumae01,2023-08-21 07:45:40,2023-08-21 08:44:39,0.9830555555555556,0.8008333333333334,0.18222222222222223,4.329429413161878,41.509683,140.005633,41.5097,140.006533,2023-08-21,2023-08-21,2023
matsumae01_T31,matsumae01,2023-08-21 08:46:39,2023-08-21 09:04:39,0.3,0.0,0.3,2.707715007206399,41.509533,140.005583,41.526483,139.983417,2023-08-21,2023-08-21,2023
matsumae01_T32,matsumae01,2023-08-21 09:18:40,2023-08-21 09:49:40,0.5166666666666667,0.35000000000000003,0.16666666666666669,2.8719170225620907,41.527133,139.981233,41.5039,139.996083,2023-08-21,2023-08-21,2023
matsumae01_T33,matsumae01,2023-08-21 10:39:39,2023-08-21 11:05:40,0.4336111111111111,0.2505555555555556,0.18305555555555555,2.695392346580317,41.504233,139.995817,41.509683,140.006517,2023-08-21,2023-08-21,2023
matsumae01_T34,matsumae01,2023-08-21 11:11:40,2023-08-21 11:39:39,0.4663888888888889,0.43333333333333335,0.03305555555555556,2.3269634136646697,41.5077,140.001767,41.504817,139.996883,2023-08-21,2023-08-21,2023
matsumae01_T35,matsumae01,2023-08-21 11:44:39,2023-08-21 11:47:39,0.05,0.05,0.0,0.22089892852570955,41.504967,139.997183,41.50455,139.996933,2023-08-21,2023-08-21,2023
matsumae01_T36,matsumae01,2023-08-22 11:02:40,2023-08-22 11:05:40,0.05,0.0,0.05,0.3242835857971111,41.45755,140.010967,41.45575,140.01345,2023-08-22,2023-08-22,2023
matsumae01_T37,matsumae01,2023-08-22 11:54:40,2023-08-22 11:58:39,0.06638888888888889,0.03333333333333333,0.03305555555555556,0.37197475163958493,41.453217,140.018733,41.45,140.019933,2023-08-22,2023-08-22,2023
matsumae01_T38,matsumae01,2023-08-23 07:44:39,2023-08-23 07:45:40,0.016944444444444446,0.0,0.016944444444444446,0.1474757553068977,41.452333,140.019617,41.45115,140.020417,2023-08-23,2023-08-23,2023
matsumae01_T39,matsumae01,2023-08-23 08:04:40,2023-08-23 08:52:40,0.8,0.45,0.35000000000000003,4.746989295489147,41.432867,140.057833,41.419167,140.065617,2023-08-23,2023-08-23,2023
matsumae01_T4,matsumae01,2023-07-10 13:33:39,2023-07-10 13:34:39,0.016666666666666666,0.0,0.016666666666666666,0.2733075684879064,41.451217,140.02,41.453367,140.018417,2023-07-10,2023-07-10,2023
matsumae01_T40,matsumae01,2023-08-23 09:05:39,2023-08-23 09:25:40,0.33361111111111114,0.3,0.03361111111111111,1.8082719998862298,41.421383,140.065867,41.428967,140.046767,2023-08-23,2023-08-23,2023
matsumae01_T41,matsumae01,2023-08-23 10:30:39,2023-08-23 10:41:40,0.1836111111111111,0.03333333333333333,0.1502777777777778,1.0569300521159648,41.432533,140.056983,41.42895,140.068683,2023-08-23,2023-08-23,2023
matsumae01_T42,matsumae01,2023-08-23 10:48:39,2023-08-23 10:48:39,0.0,0.0,0.0,0.03933504122195581,41.426317,140.067183,41.426617,140.067433,2023-08-23,2023-08-23,2023
matsumae01_T43,matsumae01,2023-08-23 11:05:39,2023-08-23 11:18:39,0.21666666666666667,0.20027777777777778,0.01638888888888889,1.0289441880856578,41.429033,140.068567,41.43255,140.05725,2023-08-23,2023-08-23,2023
matsumae01_T44,matsumae01,2023-08-23 12:50:39,2023-08-23 12:50:39,0.0,0.0,0.0,0.0,41.452267,140.02235,41.452267,140.02235,2023-08-23,2023-08-23,2023
matsumae01_T45,matsumae01,2023-08-23 12:56:40,2023-08-23 13:55:39,0.9830555555555556,0.8833333333333333,0.09972222222222223,3.8408480059594368,41.460167,140.008383,41.482017,139.995833,2023-08-23,2023-08-23,2023
matsumae01_T46,matsumae01,2023-08-24 07:27:39,2023-08-24 07:34:39,0.11666666666666667,0.0,0.11666666666666667,2.2582862257040426,41.505033,139.996,41.524667,139.989067,2023-08-24,2023-08-24,2023
matsumae01_T47,matsumae01,2023-08-24 07:50:40,2023-08-24 12:12:40,4.366666666666666,0.2,4.166666666666667,9.046532294405331,41.56565,139.97465,41.5666,139.979183,2023-08-24,2023-08-24,2023
matsumae01_T48,matsumae01,2023-08-24 13:16:40,2023-08-24 13:24:39,0.13305555555555557,0.0,0.13305555555555557,2.2795529313354996,41.525417,139.98985,41.505667,139.997067,2023-08-24,2023-08-24,2023
matsumae01_T49,matsumae01,2023-09-12 08:03:40,2023-09-12 10:41:39,2.6330555555555555,0.16694444444444445,2.466111111111111,45.35430537116535,41.4677,140.0042,41.461117,140.007783,2023-09-12,2023-09-12,2023
matsumae01_T5,matsumae01,2023-07-17 01:09:40,2023-07-17 10:04:40,8.916666666666666,6.6675,2.2491666666666665,40.12328526914209,41.4875,139.9921,41.44575,140.017683,2023-07-17,2023-07-17,2023
matsumae01_T50,matsumae01,2023-10-25 06:33:39,2023-10-25 11:03:39,4.5,2.6675,1.8325,33.69788184592935,41.474667,139.999117,41.479367,139.994667,2023-10-25,2023-10-25,2023
matsumae01_T51,matsumae01,2023-10-27 09:56:40,2023-10-27 11:57:40,2.0166666666666666,0.03333333333333333,1.9833333333333334,29.517526552645375,41.349683,139.8718,41.460633,140.007333,2023-10-27,2023-10-27,2023
matsumae01_T52,matsumae01,2023-11-09 06:10:40,2023-11-09 09:10:39,2.999722222222222,0.4166666666666667,2.5830555555555557,46.025081686769155,41.461367,140.007317,41.467983,140.0052,2023-11-09,2023-11-09,2023
matsumae01_T6,matsumae01,2023-07-17 10:12:39,2023-07-17 10:18:39,0.1,0.0,0.1,1.9206257387511225,41.429033,140.04715,41.41825,140.064983,2023-07-17,2023-07-17,2023
matsumae01_T7,matsumae01,2023-07-17 11:20:39,2023-07-17 11:27:39,0.11666666666666667,0.0,0.11666666666666667,1.954298601714622,41.418333,140.065133,41.428817,140.046333,2023-07-17,2023-07-17,2023
matsumae01_T8,matsumae01,2023-07-17 11:39:39,2023-07-17 11:40:39,0.016666666666666666,0.0,0.016666666666666666,0.2626254289733257,41.4511,140.0198,41.453183,140.018317,2023-07-17,2023-07-17,2023
matsumae01_T9,matsumae01,2023-07-20 08:50:39,2023-07-20 13:22:39,4.533333333333333,2.483611111111111,2.0497222222222224,40.24399981898507,41.473233,140.00125,41.472517,140.0014,2023-07-20,2023-07-20,2023
matsumae02_T0,matsumae02,2023-04-25 06:26:19,2023-04-25 06:41:20,0.2502777777777778,0.049444444444444444,0.20083333333333334,8.008932486462857,41.815033,140.719,41.840683,140.7678,2023-04-25,2023-04-25,2023
matsumae02_T1,matsumae02,2023-07-08 00:21:20,2023-07-08 06:36:19,6.249722222222222,3.6497222222222225,2.6,34.6524730198813,41.54015,139.96745,41.5341,139.969067,2023-07-08,2023-07-08,2023
matsumae02_T10,matsumae02,2023-08-21 01:29:19,2023-08-21 06:43:19,5.233333333333333,1.3825,3.8508333333333336,33.22456900077503,41.546317,139.963917,41.53555,139.969483,2023-08-21,2023-08-21,2023
matsumae02_T11,matsumae02,2023-09-03 01:39:19,2023-09-03 07:21:20,5.700277777777778,3.766388888888889,1.933888888888889,29.81482642386469,41.5406,139.967333,41.54265,139.964917,2023-09-03,2023-09-03,2023
matsumae02_T12,matsumae02,2023-09-08 05:05:20,2023-09-08 09:26:20,4.3500000000000005,3.116111111111111,1.2338888888888888,15.585952870529637,41.56015,139.9671,41.55775,139.96505,2023-09-08,2023-09-08,2023
matsumae02_T13,matsumae02,2023-09-23 02:26:20,2023-09-23 07:03:20,4.616666666666667,2.2169444444444446,2.399722222222222,29.32941541864973,41.534283,139.970317,41.539617,139.96815,2023-09-23,2023-09-23,2023
matsumae02_T14,matsumae02,2023-09-24 02:35:20,2023-09-24 08:12:19,5.616388888888889,2.616111111111111,3.000277777777778,41.75880323718441,41.54795,139.96405,41.553217,139.96385,2023-09-24,2023-09-24,2023
matsumae02_T15,matsumae02,2023-09-25 02:25:19,2023-09-25 08:24:19,5.983333333333333,2.8666666666666667,3.1166666666666667,41.189917238224965,41.549883,139.964167,41.563117,139.971133,2023-09-25,2023-09-25,2023
matsumae02_T16,matsumae02,2023-09-26 02:27:20,2023-09-26 07:48:19,5.349722222222223,2.617777777777778,2.7319444444444447,35.62980383725553,41.55075,139.964033,41.5632,139.970383,2023-09-26,2023-09-26,2023
matsumae02_T17,matsumae02,2023-09-27 02:26:20,2023-09-27 07:31:20,5.083333333333333,2.1819444444444445,2.901388888888889,35.34088394149406,41.548983,139.9636,41.55965,139.966683,2023-09-27,2023-09-27,2023
matsumae02_T18,matsumae02,2023-09-30 02:29:20,2023-09-30 08:20:19,5.849722222222223,3.7,2.149722222222222,33.388258929897546,41.547367,139.963217,41.551983,139.963283,2023-09-30,2023-09-30,2023
matsumae02_T19,matsumae02,2023-10-26 06:37:19,2023-10-26 10:43:19,4.1000000000000005,2.9655555555555555,1.1344444444444446,16.91541128805515,41.541633,139.9662,41.54135,139.966617,2023-10-26,2023-10-26,2023
matsumae02_T2,matsumae02,2023-07-10 00:54:19,2023-07-10 08:53:20,7.983611111111111,5.883888888888889,2.0997222222222223,35.23373643650662,41.550567,139.963667,41.492717,139.990867,2023-07-10,2023-07-10,2023
matsumae02_T20,matsumae02,2023-11-05 05:28:20,2023-11-05 12:50:19,7.366388888888889,5.55,1.8163888888888888,21.436637604102753,41.55585,139.96515,41.563867,139.971567,2023-11-05,2023-11-05,2023
matsumae02_T21,matsumae02,2023-11-09 05:27:20,2023-11-09 13:43:20,8.266666666666667,4.483333333333333,3.783333333333333,35.428921655864315,41.5567,139.964983,41.562017,139.969933,2023-11-09,2023-11-09,2023
matsumae02_T22,matsumae02,2023-11-15 06:11:19,2023-11-15 13:03:20,6.866944444444445,4.969444444444445,1.8975,34.571142595952566,41.538683,139.9688,41.541133,139.96635,2023-11-15,2023-11-15,2023
matsumae02_T23,matsumae02,2023-11-16 05:35:19,2023-11-16 12:23:19,6.800000000000001,1.4669444444444444,5.333055555555556,15.955134897988772,41.561233,139.969367,41.560783,139.969017,2023-11-16,2023-11-16,2023
matsumae02_T24,matsumae02,2023-11-27 06:21:20,2023-11-27 06:54:20,0.55,0.36694444444444446,0.18305555555555555,2.704061213677679,41.538683,139.9686,41.53845,139.9651,2023-11-27,2023-11-27,2023
matsumae02_T25,matsumae02,2023-11-27 06:56:20,2023-11-27 07:13:20,0.2833333333333333,0.19972222222222222,0.08361111111111111,1.5288530644140375,41.54195,139.966767,41.542567,139.966283,2023-11-27,2023-11-27,2023
matsumae02_T26,matsumae02,2023-11-27 07:22:20,2023-11-27 14:23:20,7.0166666666666675,1.2666666666666668,5.750000000000001,15.294901445268142,41.5611,139.968833,41.5625,139.970517,2023-11-27,2023-11-27,2023
matsumae02_T27,matsumae02,2023-12-02 07:01:19,2023-12-02 11:40:19,4.65,1.0683333333333334,3.5816666666666666,33.868683095769946,41.55285,139.96405,41.563333,139.971267,2023-12-02,2023-12-02,2023
matsumae02_T28,matsumae02,2023-12-03 06:29:19,2023-12-03 11:53:20,5.400277777777778,1.166111111111111,4.234166666666667,43.63581936360418,41.54995,139.9641,41.5319,139.972733,2023-12-03,2023-12-03,2023
matsumae02_T29,matsumae02,2023-12-04 06:17:19,2023-12-04 10:28:19,4.183333333333334,0.5494444444444445,3.633888888888889,36.706862258439855,41.54815,139.9639,41.5401,139.967417,2023-12-04,2023-12-04,2023
matsumae02_T3,matsumae02,2023-07-10 09:09:19,2023-07-10 09:09:19,0.0,0.0,0.0,0.15898463711021232,41.452967,140.019733,41.4517,140.020617,2023-07-10,2023-07-10,2023
matsumae02_T30,matsumae02,2023-12-24 07:12:20,2023-12-24 07:12:20,0.0,0.0,0.0,0.0,41.547983,139.963983,41.547983,139.963983,2023-12-24,2023-12-24,2023
matsumae02_T31,matsumae02,2023-12-24 07:15:20,2023-12-24 07:17:19,0.03305555555555556,0.01638888888888889,0.016666666666666666,0.12768547704486613,41.545983,139.964717,41.547017,139.964517,2023-12-24,2023-12-24,2023
matsumae02_T32,matsumae02,2023-12-24 07:22:20,2023-12-24 07:23:20,0.016666666666666666,0.0,0.016666666666666666,0.04782551548787581,41.543883,139.965567,41.544233,139.965233,2023-12-24,2023-12-24,2023
matsumae02_T33,matsumae02,2023-12-24 07:26:20,2023-12-24 07:31:19,0.08305555555555556,0.0,0.08305555555555556,0.4858060330597863,41.546383,139.9643,41.549933,139.96385,2023-12-24,2023-12-24,2023
matsumae02_T34,matsumae02,2023-12-24 07:37:19,2023-12-24 07:48:20,0.1836111111111111,0.0,0.1836111111111111,1.1462629861072455,41.545117,139.965083,41.554117,139.964767,2023-12-24,2023-12-24,2023
matsumae02_T35,matsumae02,2023-12-24 07:58:20,2023-12-24 10:04:20,2.1,0.8833333333333333,1.2166666666666668,13.243785671844444,41.558017,139.966533,41.5494,139.963617,2023-12-24,2023-12-24,2023
matsumae02_T4,matsumae02,2023-07-10 09:19:19,2023-07-10 09:25:20,0.10027777777777779,0.0,0.10027777777777779,2.0182200543829785,41.4285,140.0461,41.417583,140.065367,2023-07-10,2023-07-10,2023
matsumae02_T5,matsumae02,2023-07-10 10:18:20,2023-07-10 10:24:20,0.1,0.0,0.1,1.5300154243012076,41.420933,140.065033,41.428833,140.050033,2023-07-10,2023-07-10,2023
matsumae02_T6,matsumae02,2023-07-10 10:38:20,2023-07-10 10:38:20,0.0,0.0,0.0,0.13310850850464698,41.45105,140.022217,41.4521,140.02145,2023-07-10,2023-07-10,2023
matsumae02_T7,matsumae02,2023-07-10 11:01:19,2023-07-10 11:11:20,0.16694444444444445,0.0,0.16694444444444445,2.7027788223741362,41.50275,139.9938,41.526117,139.985,2023-07-10,2023-07-10,2023
matsumae02_T8,matsumae02,2023-08-06 05:53:20,2023-08-06 08:41:19,2.7997222222222224,1.7,1.0997222222222223,9.031316871260456,41.554083,139.961583,41.555883,139.964933,2023-08-06,2023-08-06,2023
matsumae02_T9,matsumae02,2023-08-19 01:15:19,2023-08-19 07:17:19,6.033333333333333,3.0005555555555556,3.032777777777778,39.74851059097618,41.542433,139.96545,41.528967,139.974817,2023-08-19,2023-08-19,2023
matsumae03_T0,matsumae03,2023-04-28 22:36:14,2023-04-28 23:02:14,0.43333333333333335,0.16666666666666666,0.26666666666666666,8.645055266268077,41.84305,140.76885,41.8151,140.71845,2023-04-28,2023-04-28,2023
matsumae03_T1,matsumae03,2023-07-08 00:39:14,2023-07-08 05:57:14,5.3,2.9677777777777776,2.332222222222222,37.76327812636217,41.484667,139.993383,41.477733,139.996867,2023-07-08,2023-07-08,2023
matsumae03_T10,matsumae03,2023-09-23 02:24:15,2023-09-23 09:42:14,7.299722222222222,4.733888888888889,2.5658333333333334,40.3277510971641,41.484167,139.993783,41.48955,139.990333,2023-09-23,2023-09-23,2023
matsumae03_T11,matsumae03,2023-09-25 05:04:14,2023-09-25 08:04:14,3.0,1.4825,1.5175,21.614826722313953,41.499633,139.82515,41.50035,139.9919,2023-09-25,2023-09-25,2023
matsumae03_T2,matsumae03,2023-07-10 01:13:15,2023-07-10 09:50:14,8.616388888888888,5.783333333333333,2.8330555555555557,46.92295057978779,41.480367,139.996517,41.40805,140.071967,2023-07-10,2023-07-10,2023
matsumae03_T3,matsumae03,2023-07-10 10:58:15,2023-07-10 11:06:14,0.13305555555555557,0.0,0.13305555555555557,2.4100782878075897,41.418233,140.06525,41.428533,140.039983,2023-07-10,2023-07-10,2023
matsumae03_T4,matsumae03,2023-07-10 11:15:14,2023-07-10 11:17:15,0.03361111111111111,0.0,0.03361111111111111,0.6826348846838978,41.449017,140.018,41.454733,140.015033,2023-07-10,2023-07-10,2023
matsumae03_T5,matsumae03,2023-08-09 01:32:14,2023-08-09 08:48:14,7.266666666666667,4.917777777777778,2.348888888888889,38.23809934106111,41.481967,139.994517,41.47305,140.000667,2023-08-09,2023-08-09,2023
matsumae03_T6,matsumae03,2023-09-03 04:10:14,2023-09-03 09:11:14,5.016666666666667,3.0502777777777776,1.966388888888889,39.763625953131715,41.469267,140.00265,41.469133,140.002217,2023-09-03,2023-09-03,2023
matsumae03_T7,matsumae03,2023-09-04 01:52:15,2023-09-04 06:52:14,4.999722222222222,2.701388888888889,2.2983333333333333,34.31820383403644,41.485217,139.992833,41.495267,139.990533,2023-09-04,2023-09-04,2023
matsumae03_T8,matsumae03,2023-09-11 02:05:14,2023-09-11 07:07:14,5.033333333333333,2.5661111111111112,2.4672222222222224,33.76897375268691,41.478267,139.996383,41.483083,139.993983,2023-09-11,2023-09-11,2023
matsumae03_T9,matsumae03,2023-09-12 02:03:14,2023-09-12 08:05:15,6.033611111111111,3.350277777777778,2.6833333333333336,43.31580992917696,41.483267,139.994783,41.496333,139.9905,2023-09-12,2023-09-12,2023
matsumae04_T0,matsumae04,2023-04-24 22:40:49,2023-04-24 22:55:50,0.25027777777777777,0.016666666666666666,0.2336111111111111,8.267871890837098,41.842933,140.76725,41.81525,140.7182,2023-04-24,2023-04-24,2023
matsumae04_T1,matsumae04,2023-06-25 06:28:50,2023-06-25 15:23:49,8.91638888888889,0.06666666666666667,8.849722222222223,73.0159179059629,41.46845,140.00395,41.466033,140.007,2023-06-25,2023-06-25,2023
matsumae04_T10,matsumae04,2023-08-01 01:39:49,2023-08-01 07:17:49,5.633333333333334,3.1658333333333335,2.4675000000000002,41.75193326703017,41.486367,139.992233,41.49385,139.990867,2023-08-01,2023-08-01,2023
matsumae04_T11,matsumae04,2023-08-07 01:37:50,2023-08-07 08:07:50,6.5,4.334722222222222,2.165277777777778,41.891531031564924,41.478383,139.99405,41.487767,139.991683,2023-08-07,2023-08-07,2023
matsumae04_T12,matsumae04,2023-08-19 01:40:49,2023-08-19 06:29:49,4.816666666666666,2.0661111111111112,2.7505555555555556,36.08951369553665,41.47525,139.997917,41.474483,139.998517,2023-08-19,2023-08-19,2023
matsumae04_T13,matsumae04,2023-08-21 01:33:49,2023-08-21 06:55:49,5.366666666666667,1.935,3.4316666666666666,48.70259920435709,41.4738,140.000133,41.4726,140.000683,2023-08-21,2023-08-21,2023
matsumae04_T14,matsumae04,2023-08-28 02:02:49,2023-08-28 07:20:50,5.300277777777778,2.0836111111111113,3.216666666666667,50.07076558581619,41.475367,139.998333,41.492733,139.991117,2023-08-28,2023-08-28,2023
matsumae04_T15,matsumae04,2023-09-04 02:06:49,2023-09-04 06:48:49,4.7,2.602222222222222,2.097777777777778,33.78489686874516,41.493317,139.990817,41.497117,139.99035,2023-09-04,2023-09-04,2023
matsumae04_T16,matsumae04,2023-09-06 02:10:50,2023-09-06 08:30:50,6.333333333333333,2.5008333333333335,3.8325,39.794894488627655,41.498567,139.97495,41.499867,139.990767,2023-09-06,2023-09-06,2023
matsumae04_T17,matsumae04,2023-09-11 02:07:50,2023-09-11 08:10:49,6.049722222222222,4.333888888888889,1.7158333333333333,29.773829954008,41.4884,139.991667,41.489767,139.991283,2023-09-11,2023-09-11,2023
matsumae04_T18,matsumae04,2023-09-26 07:28:50,2023-09-26 07:36:49,0.13305555555555557,0.0,0.13305555555555557,3.1110050937350864,41.500483,139.993283,41.526783,139.980633,2023-09-26,2023-09-26,2023
matsumae04_T2,matsumae04,2023-07-08 00:36:50,2023-07-08 06:18:49,5.699722222222222,3.285,2.414722222222222,34.893525272743396,41.479233,139.9956,41.474267,139.998967,2023-07-08,2023-07-08,2023
matsumae04_T3,matsumae04,2023-07-10 01:14:49,2023-07-10 09:38:50,8.400277777777777,5.699166666666667,2.701111111111111,46.52120087275728,41.47795,139.99625,41.411833,140.067683,2023-07-10,2023-07-10,2023
matsumae04_T4,matsumae04,2023-07-10 10:45:49,2023-07-10 10:54:50,0.1502777777777778,0.0,0.1502777777777778,2.362774387627334,41.4157,140.0655,41.42835,140.042883,2023-07-10,2023-07-10,2023
matsumae04_T5,matsumae04,2023-07-10 11:07:49,2023-07-10 11:08:50,0.016944444444444446,0.0,0.016944444444444446,0.3911570997702084,41.45035,140.02075,41.453483,140.018617,2023-07-10,2023-07-10,2023
matsumae04_T6,matsumae04,2023-07-17 01:08:50,2023-07-17 08:26:50,7.3,4.916388888888889,2.383611111111111,43.608037005119044,41.48035,139.995917,41.413633,140.067233,2023-07-17,2023-07-17,2023
matsumae04_T7,matsumae04,2023-07-17 09:20:50,2023-07-17 09:28:50,0.13333333333333333,0.0,0.13333333333333333,2.3908493987057797,41.415933,140.066367,41.427683,140.0426,2023-07-17,2023-07-17,2023
matsumae04_T8,matsumae04,2023-07-17 09:40:50,2023-07-17 09:41:50,0.016666666666666666,0.0,0.016666666666666666,0.2589969066088711,41.450867,140.01945,41.45305,140.018367,2023-07-17,2023-07-17,2023
matsumae04_T9,matsumae04,2023-07-24 05:53:49,2023-07-24 08:27:49,2.566666666666667,0.8172222222222223,1.7494444444444446,22.415331371433368,41.498083,139.990633,41.510767,139.97315,2023-07-24,2023-07-24,2023
matsumae05_T0,matsumae05,2023-04-26 06:26:09,2023-04-26 06:41:09,0.25,0.03333333333333333,0.21666666666666667,8.348716987342351,41.815067,140.71905,41.842917,140.767167,2023-04-26,2023-04-26,2023
matsumae05_T1,matsumae05,2023-08-01 01:38:10,2023-08-01 07:41:09,6.049722222222222,2.9833333333333334,3.066388888888889,42.48057817626619,41.47105,140.004367,41.467583,140.006417,2023-08-01,2023-08-01,2023
matsumae05_T2,matsumae05,2023-08-21 01:43:10,2023-08-21 06:56:09,5.216388888888889,1.7180555555555557,3.4983333333333335,45.21762088745085,41.4666,140.008217,41.461183,140.00725,2023-08-21,2023-08-21,2023
matsumae05_T3,matsumae05,2023-09-03 02:10:09,2023-09-03 07:16:10,5.100277777777778,2.8494444444444444,2.2508333333333335,29.988854441333363,41.468283,140.005683,41.4721,140.00265,2023-09-03,2023-09-03,2023
matsumae05_T4,matsumae05,2023-09-12 02:22:09,2023-09-12 06:54:09,4.533333333333333,2.0494444444444446,2.483888888888889,31.1581166376857,41.47085,140.003167,41.48615,139.992583,2023-09-12,2023-09-12,2023
matsumae05_T5,matsumae05,2023-09-14 02:22:09,2023-09-14 07:14:10,4.866944444444445,2.2997222222222224,2.567222222222222,33.493901777460756,41.471133,140.003367,41.48525,139.99335,2023-09-14,2023-09-14,2023
matsumae05_T6,matsumae05,2023-09-21 02:16:10,2023-09-21 10:15:09,7.983055555555556,5.0325,2.950555555555556,42.254466538423394,41.468117,140.005833,41.478283,139.9965,2023-09-21,2023-09-21,2023
matsumae05_T7,matsumae05,2023-10-09 02:54:09,2023-10-09 04:21:10,1.4502777777777778,0.6661111111111111,0.7841666666666667,10.02419235375085,41.46855,140.00515,41.471183,140.003767,2023-10-09,2023-10-09,2023
matsumae05_T8,matsumae05,2023-10-12 03:06:09,2023-10-12 03:59:10,0.8836111111111111,0.0,0.8836111111111111,12.657874817250331,41.468667,140.004317,41.40425,139.892133,2023-10-12,2023-10-12,2023
matsumae06_T0,matsumae06,2023-04-28 06:26:24,2023-07-08 06:41:24,1704.25,2.8830555555555555,1701.3669444444442,138.38268064902374,41.8151,140.719067,41.4347,140.0233,2023-04-28,2023-07-08,2023
matsumae06_T1,matsumae06,2023-07-08 06:46:25,2023-07-08 06:51:24,0.08305555555555556,0.0,0.08305555555555556,1.7907681602938077,41.428483,140.045867,41.420567,140.0645,2023-07-08,2023-07-08,2023
matsumae06_T10,matsumae06,2023-09-23 01:36:25,2023-09-23 01:44:25,0.13333333333333333,0.0,0.13333333333333333,2.5719185436659635,41.402767,140.129967,41.402483,140.09915,2023-09-23,2023-09-23,2023
matsumae06_T11,matsumae06,2023-09-23 01:51:24,2023-09-23 08:35:24,6.733333333333333,1.9169444444444446,4.816388888888889,53.78933255488955,41.406083,140.0744,41.563533,139.971483,2023-09-23,2023-09-23,2023
matsumae06_T12,matsumae06,2023-09-23 08:47:24,2023-09-23 08:56:25,0.1502777777777778,0.0,0.1502777777777778,2.890273028740696,41.52685,139.981967,41.502433,139.993767,2023-09-23,2023-09-23,2023
matsumae06_T13,matsumae06,2023-09-23 09:14:24,2023-09-23 09:14:24,0.0,0.0,0.0,0.0,41.45185,140.0216,41.45185,140.0216,2023-09-23,2023-09-23,2023
matsumae06_T14,matsumae06,2023-09-23 09:24:25,2023-09-23 09:28:24,0.06638888888888889,0.0,0.06638888888888889,1.6652927154994444,41.42865,140.049833,41.419717,140.0658,2023-09-23,2023-09-23,2023
matsumae06_T15,matsumae06,2023-10-12 03:25:24,2023-12-24 12:07:25,1760.7002777777777,405.4838888888888,1355.2163888888888,191.55429801048987,41.372083,140.133883,41.339117,140.1869,2023-10-12,2023-12-24,2023
matsumae06_T2,matsumae06,2023-07-10 02:11:26,2023-07-10 07:39:24,5.466111111111111,0.0,5.466111111111111,9.819876279921905,41.328117,140.1868,41.407633,140.221033,2023-07-10,2023-07-10,2023
matsumae06_T3,matsumae06,2023-07-24 03:17:25,2023-07-24 04:15:25,0.9666666666666667,0.9,0.06666666666666667,3.8220244198690647,41.3374,140.204067,41.311317,140.230533,2023-07-24,2023-07-24,2023
matsumae06_T4,matsumae06,2023-07-24 07:39:23,2023-08-21 07:11:25,671.5338888888889,2.0186111111111114,669.5152777777778,68.02048852183451,41.407383,140.146683,41.403717,140.0805,2023-07-24,2023-08-21,2023
matsumae06_T5,matsumae06,2023-08-21 07:16:24,2023-08-21 07:19:24,0.05,0.0,0.05,1.012569846802069,41.405033,140.10345,41.405633,140.11555,2023-08-21,2023-08-21,2023
matsumae06_T6,matsumae06,2023-09-12 01:57:25,2023-09-12 07:00:25,5.05,1.7991666666666668,3.2508333333333335,51.28680893740017,41.403933,140.0796,41.449283,140.016283,2023-09-12,2023-09-12,2023
matsumae06_T7,matsumae06,2023-09-12 07:09:25,2023-09-12 07:13:24,0.06638888888888889,0.0,0.06638888888888889,1.792680449313266,41.42865,140.0482,41.41875,140.065133,2023-09-12,2023-09-12,2023
matsumae06_T8,matsumae06,2023-09-12 07:23:25,2023-09-21 10:39:24,219.26638888888888,5.517222222222222,213.74916666666667,57.25309306485636,41.40845,140.110467,41.447533,140.016717,2023-09-12,2023-09-21,2023
matsumae06_T9,matsumae06,2023-09-21 10:48:25,2023-09-21 10:54:24,0.09972222222222223,0.0,0.09972222222222223,1.9732762968422386,41.428617,140.046417,41.418117,140.065483,2023-09-21,2023-09-21,2023
matsumae07_T0,matsumae07,2023-04-27 06:25:34,2023-04-27 06:39:34,0.23333333333333334,0.04972222222222222,0.1836111111111111,7.959909464050972,41.81505,140.71905,41.841167,140.767517,2023-04-27,2023-04-27,2023
matsumae07_T1,matsumae07,2023-07-05 02:11:35,2023-07-05 03:10:34,0.9830555555555556,0.0,0.9830555555555556,13.636867247542508,41.490333,139.9913,41.490867,139.990083,2023-07-05,2023-07-05,2023
matsumae07_T10,matsumae07,2023-09-11 02:13:34,2023-09-11 09:01:34,6.8,4.5325,2.2675,31.905132463413004,41.48955,139.990683,41.49785,139.9913,2023-09-11,2023-09-11,2023
matsumae07_T11,matsumae07,2023-09-23 02:41:35,2023-09-23 08:32:35,5.85,3.416388888888889,2.433611111111111,35.82342190858069,41.495067,139.9904,41.538267,139.969283,2023-09-23,2023-09-23,2023
matsumae07_T12,matsumae07,2023-09-23 08:37:34,2023-09-23 08:47:34,0.16666666666666666,0.0,0.16666666666666666,3.086810382949724,41.528333,139.977583,41.504883,139.9972,2023-09-23,2023-09-23,2023
matsumae07_T13,matsumae07,2023-09-24 02:41:34,2023-09-24 08:50:35,6.150277777777778,1.4491666666666667,4.7011111111111115,39.860020184323744,41.4971,139.99115,41.50305,139.995067,2023-09-24,2023-09-24,2023
matsumae07_T2,matsumae07,2023-08-01 01:29:34,2023-08-01 07:54:34,6.416666666666667,3.867777777777778,2.548888888888889,44.22269279128463,41.4984,139.991117,41.494433,139.990417,2023-08-01,2023-08-01,2023
matsumae07_T3,matsumae07,2023-08-07 01:25:35,2023-08-07 09:04:35,7.65,4.417222222222223,3.2327777777777778,44.587142804821305,41.48735,139.992067,41.49085,139.990217,2023-08-07,2023-08-07,2023
matsumae07_T4,matsumae07,2023-08-09 01:49:34,2023-08-09 08:20:34,6.516666666666667,3.951111111111111,2.5655555555555556,36.71598085738311,41.488033,139.991667,41.488383,139.990767,2023-08-09,2023-08-09,2023
matsumae07_T5,matsumae07,2023-08-19 01:46:34,2023-08-19 07:36:34,5.833333333333333,3.1838888888888888,2.6494444444444447,38.44854254155607,41.489467,139.991367,41.48955,139.990117,2023-08-19,2023-08-19,2023
matsumae07_T6,matsumae07,2023-08-21 01:38:35,2023-08-21 07:17:34,5.6497222222222225,1.6325,4.017222222222222,46.69126786748891,41.482017,139.995433,41.487717,139.990467,2023-08-21,2023-08-21,2023
matsumae07_T7,matsumae07,2023-08-29 02:08:34,2023-08-29 08:53:34,6.75,2.9347222222222222,3.8152777777777778,45.30632087215269,41.490767,139.991,41.50235,139.994583,2023-08-29,2023-08-29,2023
matsumae07_T8,matsumae07,2023-09-04 02:01:34,2023-09-04 07:31:34,5.5,3.166666666666667,2.3333333333333335,32.76343803092909,41.4941,139.99095,41.498983,139.991533,2023-09-04,2023-09-04,2023
matsumae07_T9,matsumae07,2023-09-06 02:00:35,2023-09-06 08:59:34,6.983055555555556,5.283611111111111,1.6994444444444445,30.352131316242232,41.491983,139.989867,41.498867,139.99185,2023-09-06,2023-09-06,2023
matsumae08_T0,matsumae08,2023-04-27 22:07:40,2023-04-27 22:21:39,0.23305555555555557,0.016666666666666666,0.2163888888888889,8.344005296613176,41.842767,140.7672,41.81515,140.719,2023-04-27,2023-04-27,2023
matsumae08_T1,matsumae08,2023-07-05 02:16:40,2023-07-05 03:09:39,0.8830555555555556,0.09972222222222223,0.7833333333333333,11.476534047743575,41.492267,139.990867,41.494767,139.991167,2023-07-05,2023-07-05,2023
matsumae08_T10,matsumae08,2023-09-23 02:39:39,2023-09-23 08:06:39,5.45,2.9325,2.5175,35.41363089329295,41.4943,139.991283,41.50435,139.996183,2023-09-23,2023-09-23,2023
matsumae08_T11,matsumae08,2023-09-24 02:39:40,2023-09-24 08:15:40,5.6000000000000005,2.7658333333333336,2.834166666666667,40.652777921091285,41.496017,139.99035,41.505,139.996667,2023-09-24,2023-09-24,2023
matsumae08_T12,matsumae08,2023-09-26 02:36:39,2023-09-26 08:00:40,5.400277777777778,2.833888888888889,2.566388888888889,38.84144396175685,41.493333,139.9909,41.503967,139.9956,2023-09-26,2023-09-26,2023
matsumae08_T13,matsumae08,2023-09-27 02:44:40,2023-09-27 08:28:40,5.733333333333333,2.533333333333333,3.2,40.53703541840958,41.49245,139.990317,41.5014,139.992617,2023-09-27,2023-09-27,2023
matsumae08_T14,matsumae08,2023-10-09 02:55:39,2023-10-09 07:55:39,5.0,2.4,2.6,34.17547188280471,41.494283,139.990667,41.502683,139.994117,2023-10-09,2023-10-09,2023
matsumae08_T15,matsumae08,2023-10-12 03:16:40,2023-10-12 08:01:39,4.749722222222222,2.6508333333333334,2.098888888888889,28.13738136065655,41.491033,139.991167,41.49745,139.991633,2023-10-12,2023-10-12,2023
matsumae08_T16,matsumae08,2023-10-15 03:11:40,2023-10-15 07:23:39,4.199722222222222,2.282777777777778,1.9169444444444446,25.15456139565992,41.493533,139.99105,41.494,139.990967,2023-10-15,2023-10-15,2023
matsumae08_T17,matsumae08,2023-11-05 02:38:40,2023-11-05 08:49:39,6.183055555555556,3.2330555555555556,2.95,41.92887540457117,41.4849,139.993117,41.426983,139.91785,2023-11-05,2023-11-05,2023
matsumae08_T18,matsumae08,2023-12-25 03:54:40,2023-12-25 10:08:40,6.233333333333333,3.016388888888889,3.2169444444444446,52.08228134833859,41.483783,139.95195,41.4805,139.99625,2023-12-25,2023-12-25,2023
matsumae08_T2,matsumae08,2023-07-20 01:27:39,2023-07-20 07:07:39,5.666666666666667,3.3169444444444447,2.3497222222222223,33.10430796947104,41.496133,139.990617,41.45015,140.018883,2023-07-20,2023-07-20,2023
matsumae08_T3,matsumae08,2023-07-20 07:21:40,2023-07-20 07:27:39,0.09972222222222223,0.0,0.09972222222222223,1.4040967584949662,41.4297,140.051467,41.4227,140.065467,2023-07-20,2023-07-20,2023
matsumae08_T4,matsumae08,2023-07-20 08:00:39,2023-07-20 08:05:39,0.08333333333333333,0.0,0.08333333333333333,1.4246199336782175,41.4216,140.064833,41.43035,140.0524,2023-07-20,2023-07-20,2023
matsumae08_T5,matsumae08,2023-07-24 01:27:40,2023-07-24 07:54:40,6.45,3.483611111111111,2.966388888888889,38.834839039063056,41.494317,139.9909,41.503167,139.994467,2023-07-24,2023-07-24,2023
matsumae08_T6,matsumae08,2023-08-07 01:42:40,2023-08-07 07:23:40,5.683333333333334,3.0,2.6833333333333336,37.74411252801968,41.491883,139.990033,41.49265,139.989867,2023-08-07,2023-08-07,2023
matsumae08_T7,matsumae08,2023-09-04 02:14:39,2023-09-04 07:23:40,5.150277777777778,3.15,2.000277777777778,31.14123713141143,41.493167,139.990233,41.501517,139.994217,2023-09-04,2023-09-04,2023
matsumae08_T8,matsumae08,2023-09-11 02:24:40,2023-09-11 07:08:40,4.733333333333333,2.7008333333333336,2.0325,30.293284825076817,41.490667,139.9909,41.49055,139.9913,2023-09-11,2023-09-11,2023
matsumae08_T9,matsumae08,2023-09-14 02:22:39,2023-09-14 07:10:40,4.800277777777778,3.033055555555556,1.7672222222222222,26.432019467433832,41.4913,139.990117,41.498883,139.991583,2023-09-14,2023-09-14,2023
matsumae09_T0,matsumae09,2023-06-24 05:13:44,2023-06-24 06:12:44,0.9833333333333334,0.75,0.23333333333333334,8.81943319138027,41.815167,140.718433,41.780933,140.703683,2023-06-24,2023-06-24,2023
matsumae09_T1,matsumae09,2023-09-21 02:00:45,2023-09-21 09:18:45,7.3,4.798611111111112,2.501388888888889,38.1364974216041,41.4431,140.017967,41.46485,140.005333,2023-09-21,2023-09-21,2023
matsumae09_T10,matsumae09,2023-11-15 13:48:45,2023-11-15 13:48:45,0.0,0.0,0.0,0.0,41.4711,140.003783,41.4711,140.003783,2023-11-15,2023-11-15,2023
matsumae09_T11,matsumae09,2023-11-15 13:49:45,2023-11-15 13:50:45,0.016666666666666666,0.0,0.016666666666666666,0.14359363270206038,41.467617,140.006333,41.466467,140.007117,2023-11-15,2023-11-15,2023
matsumae09_T12,matsumae09,2023-11-15 13:56:45,2023-11-15 13:57:44,0.01638888888888889,0.0,0.01638888888888889,0.2833038789637483,41.452733,140.019633,41.450917,140.022017,2023-11-15,2023-11-15,2023
matsumae09_T13,matsumae09,2023-11-16 05:45:45,2023-11-16 05:45:45,0.0,0.0,0.0,0.0,41.452483,140.022533,41.452483,140.022533,2023-11-16,2023-11-16,2023
matsumae09_T14,matsumae09,2023-11-16 06:11:45,2023-11-16 08:18:44,2.116388888888889,1.2169444444444444,0.8994444444444445,13.098379409117316,41.49365,139.991183,41.5468,139.96465,2023-11-16,2023-11-16,2023
matsumae09_T15,matsumae09,2023-11-16 08:20:44,2023-11-16 11:00:44,2.6666666666666665,1.6830555555555555,0.9836111111111111,16.890850662808,41.5509,139.964217,41.4885,139.991767,2023-11-16,2023-11-16,2023
matsumae09_T16,matsumae09,2023-11-16 11:16:44,2023-11-16 11:16:44,0.0,0.0,0.0,0.0,41.45195,140.02215,41.45195,140.02215,2023-11-16,2023-11-16,2023
matsumae09_T17,matsumae09,2023-11-27 05:45:44,2023-11-27 05:48:44,0.05,0.0,0.05,0.6209426038741599,41.450317,140.019717,41.45485,140.015417,2023-11-27,2023-11-27,2023
matsumae09_T18,matsumae09,2023-11-27 05:55:44,2023-11-27 05:55:44,0.0,0.0,0.0,0.09547067036143247,41.46595,140.007983,41.46675,140.007567,2023-11-27,2023-11-27,2023
matsumae09_T19,matsumae09,2023-11-27 06:11:45,2023-11-27 07:51:44,1.666388888888889,0.8497222222222223,0.8166666666666667,11.287142171439049,41.493717,139.99125,41.540983,139.966683,2023-11-27,2023-11-27,2023
matsumae09_T2,matsumae09,2023-09-21 09:25:46,2023-09-21 09:25:46,0.0,0.0,0.0,0.14449761144925063,41.452483,140.020233,41.4515,140.021367,2023-09-21,2023-09-21,2023
matsumae09_T20,matsumae09,2023-11-27 07:52:44,2023-11-27 08:02:44,0.16666666666666669,0.11666666666666667,0.05,0.7625158183145754,41.541367,139.967167,41.540883,139.966783,2023-11-27,2023-11-27,2023
matsumae09_T21,matsumae09,2023-11-27 08:03:44,2023-11-27 08:07:45,0.06694444444444445,0.05,0.016944444444444446,0.29514428449352614,41.5413,139.9671,41.541333,139.967067,2023-11-27,2023-11-27,2023
matsumae09_T22,matsumae09,2023-11-27 08:08:45,2023-11-27 08:17:45,0.15000000000000002,0.13333333333333333,0.016666666666666666,0.5933573856212292,41.542367,139.966467,41.54095,139.967233,2023-11-27,2023-11-27,2023
matsumae09_T23,matsumae09,2023-11-27 08:25:45,2023-11-27 08:29:44,0.06638888888888889,0.04972222222222222,0.016666666666666666,0.22579113264273667,41.542633,139.966017,41.541717,139.966283,2023-11-27,2023-11-27,2023
matsumae09_T24,matsumae09,2023-11-27 08:31:44,2023-11-27 08:36:44,0.08333333333333333,0.05,0.03333333333333333,0.3191405956859311,41.543367,139.9659,41.541883,139.96675,2023-11-27,2023-11-27,2023
matsumae09_T25,matsumae09,2023-11-27 08:37:44,2023-11-27 08:49:44,0.2,0.15,0.05,0.8968638270550482,41.54165,139.966933,41.54105,139.9672,2023-11-27,2023-11-27,2023
matsumae09_T26,matsumae09,2023-11-27 08:50:45,2023-11-27 09:13:44,0.3830555555555556,0.26611111111111113,0.11694444444444445,1.7047088867278564,41.54115,139.967233,41.5424,139.96645,2023-11-27,2023-11-27,2023
matsumae09_T27,matsumae09,2023-11-27 09:15:44,2023-11-27 10:34:44,1.3166666666666667,0.5497222222222222,0.7669444444444444,13.36274651470126,41.54335,139.9659,41.450967,140.020283,2023-11-27,2023-11-27,2023
matsumae09_T28,matsumae09,2023-12-03 06:05:45,2023-12-03 11:31:45,5.433333333333334,0.7327777777777778,4.700555555555556,48.18084308378996,41.433,140.0247,41.4285,140.040783,2023-12-03,2023-12-03,2023
matsumae09_T29,matsumae09,2023-12-06 06:00:44,2023-12-06 10:08:44,4.133333333333334,0.6988888888888889,3.4344444444444444,37.14803892601802,41.436533,140.021283,41.434567,140.0236,2023-12-06,2023-12-06,2023
matsumae09_T3,matsumae09,2023-10-15 05:27:44,2023-10-15 10:10:44,4.716666666666667,2.6833333333333336,2.033333333333333,31.996616609621217,41.438267,140.019283,41.437867,140.02025,2023-10-15,2023-10-15,2023
matsumae09_T30,matsumae09,2023-12-12 11:04:45,2023-12-12 12:46:45,1.7,0.21638888888888888,1.4836111111111112,17.381745169006727,41.4433,140.01775,41.436083,140.021533,2023-12-12,2023-12-12,2023
matsumae09_T31,matsumae09,2023-12-15 11:08:45,2023-12-15 12:20:45,1.2,1.100277777777778,0.09972222222222223,1.514859484096728,41.42975,140.051133,41.430317,140.053033,2023-12-15,2023-12-15,2023
matsumae09_T32,matsumae09,2023-12-20 09:47:44,2023-12-20 11:05:44,1.3,1.1166666666666667,0.18333333333333335,1.954377093108465,41.431383,140.054983,41.430117,140.053733,2023-12-20,2023-12-20,2023
matsumae09_T33,matsumae09,2023-12-24 12:07:45,2023-12-24 12:24:45,0.2833333333333333,0.21666666666666667,0.06666666666666668,0.6749393137712139,41.430533,140.053283,41.4297,140.0523,2023-12-24,2023-12-24,2023
matsumae09_T34,matsumae09,2023-12-25 09:57:44,2023-12-25 10:04:45,0.11694444444444445,0.11694444444444445,0.0,0.035721102575688286,41.429883,140.051733,41.4302,140.05175,2023-12-25,2023-12-25,2023
matsumae09_T35,matsumae09,2023-12-25 10:09:44,2023-12-25 10:12:45,0.05027777777777778,0.016944444444444446,0.03333333333333333,0.27344854368872096,41.430033,140.0516,41.43,140.051333,2023-12-25,2023-12-25,2023
matsumae09_T36,matsumae09,2023-12-29 11:39:45,2023-12-29 12:02:45,0.38333333333333336,0.33333333333333337,0.05,1.2672135406367195,41.430667,140.053133,41.430217,140.054,2023-12-29,2023-12-29,2023
matsumae09_T4,matsumae09,2023-10-30 06:35:44,2023-10-30 11:17:45,4.700277777777778,2.332222222222222,2.368055555555556,37.974273706713795,41.437867,140.019633,41.4489,140.01765,2023-10-30,2023-10-30,2023
matsumae09_T5,matsumae09,2023-11-15 06:18:44,2023-11-15 06:18:44,0.0,0.0,0.0,0.1301871405991031,41.451883,140.0228,41.452617,140.021583,2023-11-15,2023-11-15,2023
matsumae09_T6,matsumae09,2023-11-15 06:27:44,2023-11-15 10:05:45,3.633611111111111,2.165277777777778,1.4683333333333333,22.941818806522868,41.4642,140.005883,41.54125,139.966467,2023-11-15,2023-11-15,2023
matsumae09_T7,matsumae09,2023-11-15 10:06:44,2023-11-15 10:06:44,0.0,0.0,0.0,0.0,41.54305,139.966083,41.54305,139.966083,2023-11-15,2023-11-15,2023
matsumae09_T8,matsumae09,2023-11-15 10:07:44,2023-11-15 12:40:44,2.5500000000000003,1.6830555555555555,0.8669444444444444,12.43878255231807,41.54315,139.966017,41.54135,139.966567,2023-11-15,2023-11-15,2023
matsumae09_T9,matsumae09,2023-11-15 12:42:44,2023-11-15 13:30:44,0.8,0.3333333333333333,0.4666666666666667,6.832812387812157,41.541583,139.967017,41.49255,139.99105,2023-11-15,2023-11-15,2023
matsumae10_T0,matsumae10,2023-06-24 12:04:14,2023-10-15 07:34:14,2707.5,17.73472222222222,2689.765277777778,280.6246359910656,41.8409,140.767333,41.579383,139.922633,2023-06-24,2023-10-15,2023
matsumae11_T0,matsumae11,2023-06-22 18:56:00,2023-06-22 19:49:59,0.8997222222222222,0.6502777777777778,0.24944444444444444,8.888646071251202,41.843467,140.768,41.81505,140.71905,2023-06-22,2023-06-22,2023
matsumae11_T1,matsumae11,2023-09-11 02:11:59,2023-09-11 06:57:59,4.766666666666667,3.2491666666666665,1.5175,22.986197821251523,41.547633,139.9639,41.54285,139.9648,2023-09-11,2023-09-11,2023
matsumae12_T0,matsumae12,2023-06-23 05:33:50,2023-06-23 06:23:50,0.8333333333333334,0.6161111111111112,0.21722222222222223,8.301599541898298,41.81515,140.719117,41.84295,140.767133,2023-06-23,2023-06-23,2023
matsumae12_T1,matsumae12,2023-09-11 01:52:49,2023-09-11 07:07:50,5.250277777777778,3.5322222222222224,1.7180555555555557,24.39310349523402,41.5467,139.964083,41.555233,139.96455,2023-09-11,2023-09-11,2023
matsumae12_T10,matsumae12,2023-12-03 06:46:49,2023-12-03 09:54:49,3.1333333333333333,0.7991666666666667,2.334166666666667,29.540425239589492,41.5435,139.96575,41.541083,139.9671,2023-12-03,2023-12-03,2023
matsumae12_T11,matsumae12,2023-12-03 11:10:50,2023-12-03 13:07:49,1.9497222222222224,0.23333333333333334,1.716388888888889,21.171516125603144,41.54,139.96705,41.550083,139.96415,2023-12-03,2023-12-03,2023
matsumae12_T12,matsumae12,2023-12-04 06:37:50,2023-12-04 12:25:50,5.8,0.716388888888889,5.083611111111111,60.038276899971336,41.543667,139.965533,41.542217,139.9658,2023-12-04,2023-12-04,2023
matsumae12_T13,matsumae12,2023-12-06 06:34:49,2023-12-06 10:08:50,3.5669444444444447,0.7675000000000001,2.7994444444444446,34.81214957597689,41.5381,139.969233,41.545983,139.963983,2023-12-06,2023-12-06,2023
matsumae12_T14,matsumae12,2023-12-12 06:48:49,2023-12-12 10:23:50,3.5836111111111113,1.4994444444444446,2.0841666666666665,26.57241403352187,41.540533,139.966683,41.54945,139.964217,2023-12-12,2023-12-12,2023
matsumae12_T15,matsumae12,2023-12-12 11:00:49,2023-12-12 12:57:50,1.9502777777777778,0.6666666666666667,1.283611111111111,16.423893230625755,41.539533,139.968117,41.54945,139.963167,2023-12-12,2023-12-12,2023
matsumae12_T16,matsumae12,2023-12-15 06:50:49,2023-12-15 10:03:49,3.216666666666667,0.8161111111111111,2.4005555555555556,24.108846071332255,41.52885,139.977467,41.53445,139.96945,2023-12-15,2023-12-15,2023
matsumae12_T17,matsumae12,2023-12-16 07:00:49,2023-12-16 09:54:49,2.9,0.0,2.9,36.36138837945446,41.535167,139.968683,41.5359,139.96945,2023-12-16,2023-12-16,2023
matsumae12_T18,matsumae12,2023-12-20 07:24:50,2023-12-20 10:06:50,2.7,1.3161111111111112,1.383888888888889,19.559477914044333,41.535817,139.9695,41.548817,139.963817,2023-12-20,2023-12-20,2023
matsumae12_T19,matsumae12,2023-12-21 07:22:50,2023-12-21 09:02:49,1.666388888888889,0.7836111111111111,0.8827777777777778,12.01110534243001,41.53235,139.97145,41.539433,139.967633,2023-12-21,2023-12-21,2023
matsumae12_T2,matsumae12,2023-09-12 01:51:49,2023-09-12 06:32:49,4.683333333333334,3.6011111111111114,1.0822222222222222,21.309400861352312,41.541167,139.966817,41.5485,139.9628,2023-09-12,2023-09-12,2023
matsumae12_T20,matsumae12,2023-12-24 07:26:50,2023-12-24 09:39:50,2.216666666666667,0.8830555555555556,1.333611111111111,15.940782640161716,41.539267,139.968233,41.54735,139.963733,2023-12-24,2023-12-24,2023
matsumae12_T21,matsumae12,2023-12-25 06:57:49,2023-12-25 09:58:49,3.0166666666666666,0.5825,2.4341666666666666,31.897713637917597,41.5427,139.96605,41.54565,139.964933,2023-12-25,2023-12-25,2023
matsumae12_T3,matsumae12,2023-09-23 02:14:49,2023-09-23 07:09:50,4.916944444444445,2.7822222222222224,2.1347222222222224,28.359772494144483,41.548533,139.964283,41.55565,139.964217,2023-09-23,2023-09-23,2023
matsumae12_T4,matsumae12,2023-09-24 02:25:49,2023-09-24 07:20:50,4.916944444444445,2.8341666666666665,2.082777777777778,32.39864473043346,41.547917,139.964217,41.56215,139.969817,2023-09-24,2023-09-24,2023
matsumae12_T5,matsumae12,2023-09-26 02:17:50,2023-09-26 07:02:49,4.749722222222222,2.850277777777778,1.8994444444444445,27.915936635744245,41.54615,139.96475,41.557633,139.9659,2023-09-26,2023-09-26,2023
matsumae12_T6,matsumae12,2023-09-30 02:27:49,2023-09-30 08:06:49,5.65,4.199722222222222,1.4502777777777778,24.433942413679866,41.541933,139.96605,41.55225,139.963217,2023-09-30,2023-09-30,2023
matsumae12_T7,matsumae12,2023-10-15 03:05:49,2023-10-15 07:40:49,4.583333333333333,2.966388888888889,1.6169444444444445,23.676423781492705,41.547767,139.964333,41.54735,139.964417,2023-10-15,2023-10-15,2023
matsumae12_T8,matsumae12,2023-11-16 03:22:49,2023-11-16 08:04:49,4.7,2.7666666666666666,1.9333333333333333,25.288894780679225,41.545833,139.9648,41.529167,139.976433,2023-11-16,2023-11-16,2023
matsumae12_T9,matsumae12,2023-12-02 06:56:49,2023-12-02 11:42:49,4.766666666666667,0.6497222222222222,4.116944444444445,46.40317682580298,41.535183,139.96945,41.5443,139.96545,2023-12-02,2023-12-02,2023
matsumae13_T0,matsumae13,2023-06-24 06:30:44,2023-06-24 06:49:45,0.3169444444444445,0.06638888888888889,0.2505555555555556,9.089651970471122,41.781083,140.703783,41.8143,140.7172,2023-06-24,2023-06-24,2023
matsumae13_T1,matsumae13,2023-09-23 02:33:44,2023-09-23 08:34:44,6.016666666666667,3.866388888888889,2.1502777777777777,33.533743592767685,41.4979,139.990317,41.555,139.964883,2023-09-23,2023-09-23,2023
matsumae13_T10,matsumae13,2023-12-16 07:11:44,2023-12-16 14:23:44,7.2,1.0180555555555555,6.1819444444444445,68.99931306658004,41.483167,139.9935,41.484967,139.993083,2023-12-16,2023-12-16,2023
matsumae13_T11,matsumae13,2023-12-24 08:36:44,2023-12-24 13:47:44,5.183333333333334,1.5322222222222224,3.651111111111111,46.879483523035944,41.47095,140.002683,41.473433,140.0004,2023-12-24,2023-12-24,2023
matsumae13_T12,matsumae13,2023-12-25 08:05:44,2023-12-25 12:37:44,4.533333333333333,0.46694444444444444,4.066388888888889,54.11847913190259,41.47645,139.997817,41.48375,139.994167,2023-12-25,2023-12-25,2023
matsumae13_T2,matsumae13,2023-09-23 08:46:44,2023-09-23 08:53:45,0.11694444444444445,0.0,0.11694444444444445,2.1747143115970426,41.52515,139.98765,41.507867,139.999667,2023-09-23,2023-09-23,2023
matsumae13_T3,matsumae13,2023-09-24 02:34:44,2023-09-24 07:30:45,4.933611111111111,2.500277777777778,2.4333333333333336,37.87175810215026,41.50035,139.991833,41.550983,139.963933,2023-09-24,2023-09-24,2023
matsumae13_T4,matsumae13,2023-09-24 07:40:45,2023-09-24 07:47:45,0.11666666666666667,0.0,0.11666666666666667,2.478694712548309,41.526533,139.983267,41.507117,139.997867,2023-09-24,2023-09-24,2023
matsumae13_T5,matsumae13,2023-09-26 02:31:44,2023-09-26 08:15:44,5.733333333333333,2.6991666666666667,3.0341666666666667,38.33136604667575,41.498933,139.99205,41.563167,139.970467,2023-09-26,2023-09-26,2023
matsumae13_T6,matsumae13,2023-09-26 08:29:44,2023-09-26 08:36:44,0.11666666666666667,0.0,0.11666666666666667,2.244332347354355,41.52495,139.98835,41.5062,139.998233,2023-09-26,2023-09-26,2023
matsumae13_T7,matsumae13,2023-09-27 02:41:45,2023-09-27 08:24:45,5.716666666666667,3.151111111111111,2.5655555555555556,42.507620619057725,41.490317,139.9904,41.503133,139.993883,2023-09-27,2023-09-27,2023
matsumae13_T8,matsumae13,2023-11-16 03:08:45,2023-11-16 07:46:45,4.633333333333334,1.8177777777777777,2.8155555555555556,33.52325572263023,41.493217,139.989917,41.430283,139.983883,2023-11-16,2023-11-16,2023
matsumae13_T9,matsumae13,2023-12-12 07:22:45,2023-12-12 13:19:44,5.949722222222222,2.167777777777778,3.7819444444444446,43.33308510642281,41.47535,139.9988,41.489467,139.990383,2023-12-12,2023-12-12,2023
matsumae14_T0,matsumae14,2023-06-23 20:33:19,2023-06-23 21:11:19,0.6333333333333333,0.35000000000000003,0.2833333333333333,8.70855852467649,41.84295,140.767283,41.8165,140.719567,2023-06-23,2023-06-23,2023
matsumae14_T1,matsumae14,2023-09-11 02:13:20,2023-09-11 08:07:19,5.8997222222222225,4.149444444444445,1.7502777777777778,35.60192540002461,41.491483,139.990933,41.496917,139.99185,2023-09-11,2023-09-11,2023
matsumae14_T10,matsumae14,2023-09-27 02:41:19,2023-09-27 07:53:19,5.2,2.133611111111111,3.066388888888889,37.286805034482896,41.497883,139.99025,41.552517,139.963933,2023-09-27,2023-09-27,2023
matsumae14_T11,matsumae14,2023-09-27 08:04:20,2023-09-27 08:13:19,0.14972222222222223,0.0,0.14972222222222223,2.650668708325578,41.526783,139.98295,41.505283,139.996683,2023-09-27,2023-09-27,2023
matsumae14_T12,matsumae14,2023-09-30 02:32:20,2023-09-30 09:57:20,7.416666666666667,5.015833333333333,2.4008333333333334,46.545237238458235,41.4958,139.990217,41.50455,139.99605,2023-09-30,2023-09-30,2023
matsumae14_T13,matsumae14,2023-11-16 03:14:20,2023-11-16 08:20:19,5.099722222222223,2.133888888888889,2.9658333333333333,38.068160702394586,41.4908,139.990417,41.481983,139.99535,2023-11-16,2023-11-16,2023
matsumae14_T14,matsumae14,2023-12-06 07:05:20,2023-12-06 10:22:20,3.283333333333333,0.7836111111111111,2.499722222222222,32.316380052992095,41.486033,139.992333,41.430717,140.02925,2023-12-06,2023-12-06,2023
matsumae14_T15,matsumae14,2023-12-06 10:25:20,2023-12-06 14:16:20,3.85,0.5838888888888889,3.2661111111111114,40.251666929869124,41.4322,140.027117,41.483533,139.993133,2023-12-06,2023-12-06,2023
matsumae14_T16,matsumae14,2023-12-06 14:20:21,2023-12-06 14:22:19,0.03277777777777778,0.0,0.03277777777777778,0.4928585711989795,41.477983,139.996867,41.48195,139.994683,2023-12-06,2023-12-06,2023
matsumae14_T17,matsumae14,2023-12-06 14:27:20,2023-12-06 14:52:19,0.4163888888888889,0.2,0.2163888888888889,2.7122715320833017,41.473767,139.999383,41.480333,139.99665,2023-12-06,2023-12-06,2023
matsumae14_T18,matsumae14,2023-12-06 14:59:20,2023-12-06 15:32:19,0.5497222222222222,0.05027777777777778,0.49944444444444447,6.228132543352163,41.474683,139.99955,41.491517,139.991267,2023-12-06,2023-12-06,2023
matsumae14_T19,matsumae14,2023-12-12 08:07:20,2023-12-12 14:19:20,6.2,1.8322222222222222,4.3677777777777775,54.30638801871147,41.474817,139.999583,41.486033,139.99185,2023-12-12,2023-12-12,2023
matsumae14_T2,matsumae14,2023-09-12 02:05:20,2023-09-12 07:23:19,5.299722222222222,3.5994444444444444,1.7002777777777778,33.16332544623086,41.4942,139.991,41.496733,139.989983,2023-09-12,2023-09-12,2023
matsumae14_T20,matsumae14,2023-12-16 07:20:20,2023-12-16 14:22:20,7.033333333333333,1.8494444444444444,5.183888888888889,66.7579566049,41.482183,139.995817,41.4916,139.991,2023-12-16,2023-12-16,2023
matsumae14_T21,matsumae14,2023-12-24 08:59:20,2023-12-24 13:49:19,4.833055555555556,2.1,2.7330555555555556,38.87657602265507,41.481917,139.994917,41.475417,139.997667,2023-12-24,2023-12-24,2023
matsumae14_T22,matsumae14,2023-12-25 08:06:19,2023-12-25 13:27:19,5.3500000000000005,0.65,4.7,61.95392832923959,41.4817,139.994933,41.486317,139.992417,2023-12-25,2023-12-25,2023
matsumae14_T23,matsumae14,2023-12-25 13:35:19,2023-12-25 13:41:20,0.10027777777777777,0.0,0.10027777777777777,1.1605857862757647,41.5009,139.99345,41.495267,139.991033,2023-12-25,2023-12-25,2023
matsumae14_T24,matsumae14,2023-12-25 13:51:20,2023-12-25 13:57:19,0.09972222222222223,0.0,0.09972222222222223,1.0450351536345601,41.480733,139.9973,41.486667,139.992533,2023-12-25,2023-12-25,2023
matsumae14_T3,matsumae14,2023-09-14 02:15:19,2023-09-14 07:36:20,5.350277777777778,3.4508333333333336,1.8994444444444445,30.338513185137362,41.493167,139.991133,41.499717,139.991917,2023-09-14,2023-09-14,2023
matsumae14_T4,matsumae14,2023-09-23 02:32:19,2023-09-23 08:51:19,6.316666666666666,4.35,1.9666666666666668,34.86772685795467,41.493883,139.990583,41.50795,139.999967,2023-09-23,2023-09-23,2023
matsumae14_T5,matsumae14,2023-09-24 02:33:19,2023-09-24 09:31:20,6.966944444444445,4.149166666666667,2.8177777777777777,46.148936261431366,41.4986,139.991,41.5042,139.996117,2023-09-24,2023-09-24,2023
matsumae14_T6,matsumae14,2023-09-25 02:23:19,2023-09-25 08:37:19,6.233333333333333,3.5169444444444444,2.716388888888889,40.244214766645094,41.497367,139.991083,41.551283,139.96355,2023-09-25,2023-09-25,2023
matsumae14_T7,matsumae14,2023-09-25 08:48:20,2023-09-25 08:56:19,0.13305555555555557,0.0,0.13305555555555557,2.4984708180011213,41.526217,139.984767,41.505817,139.997233,2023-09-25,2023-09-25,2023
matsumae14_T8,matsumae14,2023-09-26 02:37:20,2023-09-26 08:00:20,5.383333333333334,1.6833333333333333,3.7,40.906826804623655,41.49585,139.989967,41.5585,139.966733,2023-09-26,2023-09-26,2023
matsumae14_T9,matsumae14,2023-09-26 08:14:20,2023-09-26 08:22:19,0.13305555555555557,0.0,0.13305555555555557,2.403928685891916,41.52545,139.985533,41.505633,139.997017,2023-09-26,2023-09-26,2023
matsumae15_T0,matsumae15,2023-06-24 08:24:04,2023-06-25 16:02:05,31.63361111111111,30.850277777777777,0.7833333333333333,16.068163527405787,41.815,140.718983,41.829167,140.7351,2023-06-24,2023-06-25,2023
matsumae15_T1,matsumae15,2023-09-23 02:39:04,2023-09-23 05:52:05,3.2169444444444446,1.6830555555555555,1.5338888888888889,25.723183654621245,41.498267,139.99195,41.6367,139.851217,2023-09-23,2023-09-23,2023
matsumae15_T10,matsumae15,2023-12-12 06:51:05,2023-12-12 11:10:05,4.316666666666666,2.783055555555556,1.5336111111111113,29.87509271846635,41.501883,139.993933,41.501817,139.993767,2023-12-12,2023-12-12,2023
matsumae15_T11,matsumae15,2023-12-15 08:19:04,2023-12-15 08:20:04,0.016666666666666666,0.0,0.016666666666666666,0.18586325584824434,41.452333,140.020633,41.450833,140.021617,2023-12-15,2023-12-15,2023
matsumae15_T12,matsumae15,2023-12-15 12:40:05,2023-12-15 12:41:05,0.016666666666666666,0.0,0.016666666666666666,0.334387925348408,41.450783,140.019533,41.453567,140.018017,2023-12-15,2023-12-15,2023
matsumae15_T13,matsumae15,2023-12-16 06:56:04,2023-12-16 06:56:04,0.0,0.0,0.0,0.0,41.451667,140.021967,41.451667,140.021967,2023-12-16,2023-12-16,2023
matsumae15_T14,matsumae15,2023-12-16 08:54:04,2023-12-16 08:55:04,0.016666666666666666,0.0,0.016666666666666666,0.2479691630788321,41.450683,140.02155,41.45265,140.02015,2023-12-16,2023-12-16,2023
matsumae15_T15,matsumae15,2023-12-16 10:41:04,2023-12-16 10:42:04,0.016666666666666666,0.0,0.016666666666666666,0.29193545383679986,41.450633,140.020717,41.453117,140.019583,2023-12-16,2023-12-16,2023
matsumae15_T16,matsumae15,2023-12-20 10:06:05,2023-12-20 10:10:04,0.06638888888888889,0.05,0.01638888888888889,0.19569461902781432,41.42965,140.050467,41.429333,140.049117,2023-12-20,2023-12-20,2023
matsumae15_T17,matsumae15,2023-12-20 10:11:04,2023-12-20 10:19:05,0.13361111111111112,0.1,0.03361111111111111,0.5302568772457897,41.429617,140.0503,41.429767,140.05035,2023-12-20,2023-12-20,2023
matsumae15_T18,matsumae15,2023-12-25 09:23:05,2023-12-25 15:55:05,6.533333333333333,2.7661111111111114,3.7672222222222222,55.122257713140826,41.483483,139.993233,41.486883,139.991317,2023-12-25,2023-12-25,2023
matsumae15_T19,matsumae15,2023-12-29 07:08:06,2023-12-29 07:08:06,0.0,0.0,0.0,0.20442198849695126,41.452667,140.02085,41.45105,140.022017,2023-12-29,2023-12-29,2023
matsumae15_T2,matsumae15,2023-09-23 10:23:05,2023-09-23 10:31:04,0.13305555555555557,0.0,0.13305555555555557,2.7996048534185958,41.5269,139.981567,41.503683,139.994533,2023-09-23,2023-09-23,2023
matsumae15_T20,matsumae15,2023-12-29 07:17:05,2023-12-29 07:21:05,0.06666666666666667,0.0,0.06666666666666667,1.4771597279921953,41.42955,140.05055,41.421933,140.06505,2023-12-29,2023-12-29,2023
matsumae15_T21,matsumae15,2023-12-29 07:31:05,2023-12-29 11:27:04,3.9330555555555553,2.5497222222222224,1.3833333333333335,13.058597798273768,41.4061,140.105633,41.394767,140.119017,2023-12-29,2023-12-29,2023
matsumae15_T22,matsumae15,2023-12-29 11:45:04,2023-12-29 12:37:04,0.8666666666666667,0.6333333333333333,0.23333333333333334,3.4679359490153705,41.4171,140.065533,41.429517,140.051267,2023-12-29,2023-12-29,2023
matsumae15_T23,matsumae15,2023-12-29 13:33:05,2023-12-29 13:33:05,0.0,0.0,0.0,0.0,41.452117,140.021983,41.452117,140.021983,2023-12-29,2023-12-29,2023
matsumae15_T3,matsumae15,2023-10-24 05:45:05,2023-10-24 14:26:04,8.683055555555557,6.351111111111111,2.3319444444444444,49.533814089040604,41.484267,139.994083,41.486,139.991817,2023-10-24,2023-10-24,2023
matsumae15_T4,matsumae15,2023-10-25 05:36:04,2023-10-25 11:21:04,5.75,3.9344444444444444,1.8155555555555556,36.641856080028106,41.484733,139.99345,41.487317,139.992,2023-10-25,2023-10-25,2023
matsumae15_T5,matsumae15,2023-10-26 05:42:04,2023-10-26 11:19:04,5.616666666666667,4.048611111111112,1.5680555555555555,29.373458261460094,41.484633,139.99215,41.492083,139.990733,2023-10-26,2023-10-26,2023
matsumae15_T6,matsumae15,2023-10-27 07:22:04,2023-10-27 11:24:04,4.033333333333333,3.250277777777778,0.7830555555555556,15.86860223535533,41.492733,139.990717,41.491333,139.98935,2023-10-27,2023-10-27,2023
matsumae15_T7,matsumae15,2023-10-30 05:57:05,2023-10-30 11:25:04,5.466388888888889,4.682777777777778,0.7836111111111111,17.755796217453,41.4927,139.98965,41.492033,139.989,2023-10-30,2023-10-30,2023
matsumae15_T8,matsumae15,2023-10-31 06:38:05,2023-10-31 11:15:05,4.616666666666667,3.648888888888889,0.9677777777777778,21.278179890975004,41.49245,139.98985,41.492317,139.989583,2023-10-31,2023-10-31,2023
matsumae15_T9,matsumae15,2023-11-05 07:07:05,2023-11-05 11:14:04,4.116388888888889,3.2169444444444446,0.8994444444444445,22.90550267766634,41.493,139.990033,41.49055,139.988883,2023-11-05,2023-11-05,2023
matsumae16_T0,matsumae16,2023-06-22 05:36:19,2023-06-22 06:18:19,0.7,0.45,0.25,8.278003692074691,41.815067,140.7192,41.842833,140.768533,2023-06-22,2023-06-22,2023
matsumae16_T1,matsumae16,2023-09-21 02:09:20,2023-09-21 12:21:19,10.199722222222222,7.250555555555556,2.9491666666666667,48.33057053359678,41.494167,139.9889,41.499133,139.99215,2023-09-21,2023-09-21,2023
matsumae16_T2,matsumae16,2023-11-16 08:11:19,2023-11-16 08:20:19,0.15000000000000002,0.0,0.15000000000000002,2.4078660353411228,41.456533,139.984933,41.476067,139.997267,2023-11-16,2023-11-16,2023
matsumae16_T3,matsumae16,2023-12-06 06:51:19,2023-12-06 11:03:19,4.2,2.7172222222222224,1.4827777777777778,26.867263977684235,41.4917,139.990083,41.495867,139.991433,2023-12-06,2023-12-06,2023
matsumae17_T0,matsumae17,2023-06-17 19:45:39,2023-06-17 20:17:39,0.5333333333333333,0.28361111111111115,0.24972222222222223,8.807719994088107,41.843433,140.7688,41.815267,140.718267,2023-06-17,2023-06-17,2023
matsumae17_T1,matsumae17,2023-10-15 06:12:39,2023-10-15 10:18:39,4.1000000000000005,2.9161111111111113,1.183888888888889,20.925538127209833,41.4847,139.993367,41.488583,139.991133,2023-10-15,2023-10-15,2023
matsumae17_T2,matsumae17,2023-10-29 08:04:40,2023-10-29 09:34:39,1.4997222222222222,0.8827777777777778,0.6169444444444444,9.747853439221323,41.43485,139.910683,41.486333,139.9924,2023-10-29,2023-10-29,2023
matsumae17_T3,matsumae17,2023-10-31 06:09:39,2023-10-31 09:32:40,3.383611111111111,1.9158333333333335,1.4677777777777778,27.462001069773045,41.482383,139.9941,41.49085,139.991067,2023-10-31,2023-10-31,2023
matsumae17_T4,matsumae17,2023-11-05 02:34:40,2023-11-05 10:21:39,7.783055555555555,4.999444444444444,2.783611111111111,46.307056204435824,41.492967,139.99055,41.476183,139.996917,2023-11-05,2023-11-05,2023
matsumae17_T5,matsumae17,2023-11-16 02:43:39,2023-11-16 09:17:39,6.566666666666667,2.919166666666667,3.6475,54.47571405388528,41.497233,139.99065,41.48115,139.996317,2023-11-16,2023-11-16,2023
matsumae18_T0,matsumae18,2023-06-20 05:29:04,2023-06-20 06:24:05,0.9169444444444445,0.6830555555555555,0.2338888888888889,8.381105771871335,41.814917,140.7189,41.84325,140.767883,2023-06-20,2023-06-20,2023
matsumae18_T1,matsumae18,2023-09-12 02:04:04,2023-09-12 06:37:05,4.550277777777778,2.6994444444444445,1.8508333333333333,30.147515406441585,41.4933,139.990933,41.493383,139.990567,2023-09-12,2023-09-12,2023
matsumae18_T2,matsumae18,2023-09-14 02:19:05,2023-09-14 07:13:05,4.9,2.868055555555556,2.0319444444444446,32.693207936188124,41.4954,139.9902,41.503733,139.995017,2023-09-14,2023-09-14,2023
matsumae18_T3,matsumae18,2023-09-23 02:34:04,2023-09-23 08:40:05,6.100277777777778,2.7669444444444444,3.3333333333333335,42.51127485494708,41.497267,139.9909,41.562617,139.970433,2023-09-23,2023-09-23,2023
matsumae18_T4,matsumae18,2023-09-23 08:53:04,2023-09-23 09:03:04,0.16666666666666669,0.0,0.16666666666666669,3.1341234882076523,41.527067,139.980767,41.50135,139.993917,2023-09-23,2023-09-23,2023
matsumae18_T5,matsumae18,2023-09-25 02:21:04,2023-09-25 07:41:04,5.333333333333333,2.5494444444444446,2.783888888888889,40.58493954118019,41.495483,139.9911,41.503383,139.994217,2023-09-25,2023-09-25,2023
matsumae18_T6,matsumae18,2023-09-26 02:32:05,2023-09-26 07:57:05,5.416666666666667,2.6327777777777777,2.783888888888889,43.09112596491592,41.4962,139.991333,41.503367,139.994933,2023-09-26,2023-09-26,2023
matsumae18_T7,matsumae18,2023-12-16 07:53:04,2023-12-16 10:51:05,2.9669444444444446,0.7000000000000001,2.2669444444444444,24.152821875196192,41.476867,139.9972,41.474133,139.999633,2023-12-16,2023-12-16,2023
matsumae18_T8,matsumae18,2023-12-25 09:12:04,2023-12-25 12:41:05,3.483611111111111,0.5491666666666667,2.9344444444444444,37.91251615764828,41.484367,139.993433,41.491983,139.990583,2023-12-25,2023-12-25,2023
matsumae18_T9,matsumae18,2023-12-25 12:42:05,2023-12-25 12:48:04,0.09972222222222223,0.0,0.09972222222222223,0.9911162111868368,41.49405,139.990917,41.492417,139.990917,2023-12-25,2023-12-25,2023
matsumae19_T0,matsumae19,2023-06-21 21:08:25,2023-06-21 21:23:25,0.25,0.03333333333333333,0.21666666666666667,8.113880717722978,41.843,140.767233,41.81585,140.718733,2023-06-21,2023-06-21,2023
matsumae19_T1,matsumae19,2023-09-11 02:23:24,2023-09-11 07:08:24,4.75,2.5169444444444444,2.2330555555555556,31.431966878866948,41.491417,139.99045,41.49735,139.9919,2023-09-11,2023-09-11,2023
matsumae19_T10,matsumae19,2023-09-27 02:38:25,2023-09-27 07:53:25,5.25,1.6994444444444445,3.5505555555555555,48.11751814885378,41.4689,140.00395,41.47045,140.003183,2023-09-27,2023-09-27,2023
matsumae19_T11,matsumae19,2023-10-08 09:17:25,2023-10-08 09:22:25,0.08333333333333334,0.0,0.08333333333333334,1.6951669695347742,41.45805,140.010383,41.444667,140.017617,2023-10-08,2023-10-08,2023
matsumae19_T12,matsumae19,2023-10-15 03:07:25,2023-10-15 07:34:25,4.45,1.833888888888889,2.616111111111111,39.51425140257484,41.467817,140.005933,41.431683,140.025833,2023-10-15,2023-10-15,2023
matsumae19_T13,matsumae19,2023-10-15 07:40:25,2023-10-15 07:41:25,0.016666666666666666,0.0,0.016666666666666666,0.18756353233880643,41.451233,140.0198,41.4528,140.018967,2023-10-15,2023-10-15,2023
matsumae19_T14,matsumae19,2023-10-24 03:27:26,2023-10-24 08:33:24,5.099444444444445,2.7994444444444446,2.3000000000000003,31.427223998573254,41.492333,139.949567,41.499617,139.992383,2023-10-24,2023-10-24,2023
matsumae19_T15,matsumae19,2023-10-25 06:16:24,2023-10-25 12:01:24,5.75,3.582777777777778,2.167222222222222,40.41126093447047,41.474583,139.998567,41.485267,139.992467,2023-10-25,2023-10-25,2023
matsumae19_T16,matsumae19,2023-10-26 06:01:24,2023-10-26 11:47:24,5.766666666666667,4.001111111111111,1.7655555555555555,32.777856113326294,41.480117,139.995567,41.484833,139.992167,2023-10-26,2023-10-26,2023
matsumae19_T17,matsumae19,2023-10-29 06:02:25,2023-10-29 11:38:24,5.599722222222223,4.383611111111112,1.2161111111111111,19.991687764623766,41.478667,139.995483,41.482933,139.993,2023-10-29,2023-10-29,2023
matsumae19_T18,matsumae19,2023-10-31 05:57:24,2023-10-31 11:25:24,5.466666666666667,4.117222222222223,1.3494444444444444,23.981886963099868,41.479,139.995767,41.485367,139.9933,2023-10-31,2023-10-31,2023
matsumae19_T19,matsumae19,2023-12-06 07:21:24,2023-12-06 13:03:25,5.700277777777778,1.433888888888889,4.266388888888889,63.69156786544862,41.470817,140.004733,41.490017,139.989617,2023-12-06,2023-12-06,2023
matsumae19_T2,matsumae19,2023-09-12 02:22:25,2023-09-12 07:14:25,4.866666666666667,2.1833333333333336,2.6833333333333336,37.04749528995232,41.492717,139.991017,41.4985,139.99175,2023-09-12,2023-09-12,2023
matsumae19_T20,matsumae19,2023-12-15 07:43:24,2023-12-15 12:19:24,4.6000000000000005,0.5330555555555556,4.066944444444444,44.899804572159134,41.476033,139.997817,41.486333,139.992483,2023-12-15,2023-12-15,2023
matsumae19_T21,matsumae19,2023-12-16 07:18:24,2023-12-16 11:00:25,3.700277777777778,0.8516666666666667,2.8486111111111114,30.609829880348727,41.471833,140.003217,41.461583,140.006867,2023-12-16,2023-12-16,2023
matsumae19_T22,matsumae19,2023-12-24 09:07:24,2023-12-24 13:37:24,4.5,1.4336111111111112,3.066388888888889,37.82867288876076,41.459617,140.008433,41.463283,140.00605,2023-12-24,2023-12-24,2023
matsumae19_T23,matsumae19,2023-12-24 13:38:26,2023-12-24 13:40:24,0.03277777777777778,0.0,0.03277777777777778,0.28239964010399654,41.4649,140.0063,41.467417,140.00675,2023-12-24,2023-12-24,2023
matsumae19_T24,matsumae19,2023-12-25 10:56:25,2023-12-25 12:36:24,1.666388888888889,0.0,1.666388888888889,21.04278483283195,41.47835,139.995633,41.474183,139.9992,2023-12-25,2023-12-25,2023
matsumae19_T25,matsumae19,2023-12-25 13:09:24,2023-12-25 13:20:25,0.1836111111111111,0.10027777777777777,0.08333333333333334,1.2316806732514065,41.478533,139.996017,41.4839,139.9939,2023-12-25,2023-12-25,2023
matsumae19_T3,matsumae19,2023-09-14 02:25:25,2023-09-14 07:18:25,4.883333333333334,2.198611111111111,2.6847222222222222,34.158152788536796,41.49525,139.990917,41.500833,139.993217,2023-09-14,2023-09-14,2023
matsumae19_T4,matsumae19,2023-09-21 02:22:24,2023-09-21 09:17:25,6.916944444444445,3.9347222222222222,2.982222222222222,38.01061668403746,41.4811,139.996333,41.479783,139.994683,2023-09-21,2023-09-21,2023
matsumae19_T5,matsumae19,2023-09-23 02:47:24,2023-09-23 07:06:24,4.316666666666666,1.9330555555555555,2.383611111111111,28.178549869646673,41.483933,139.993583,41.489983,139.9907,2023-09-23,2023-09-23,2023
matsumae19_T6,matsumae19,2023-09-24 02:36:25,2023-09-24 09:05:25,6.483333333333333,2.6825,3.8008333333333333,58.818496567325106,41.49475,139.991167,41.502833,139.9944,2023-09-24,2023-09-24,2023
matsumae19_T7,matsumae19,2023-09-25 02:36:24,2023-09-25 08:06:24,5.5,2.8666666666666667,2.6333333333333333,39.1285917146523,41.486933,139.99145,41.53655,139.96905,2023-09-25,2023-09-25,2023
matsumae19_T8,matsumae19,2023-09-25 08:10:25,2023-09-25 08:20:25,0.16666666666666669,0.0,0.16666666666666669,3.209171315662621,41.529017,139.976733,41.504317,139.99645,2023-09-25,2023-09-25,2023
matsumae19_T9,matsumae19,2023-09-26 02:36:25,2023-09-26 07:57:25,5.3500000000000005,2.3822222222222225,2.9677777777777776,40.07653341476214,41.479967,139.995117,41.49255,139.99045,2023-09-26,2023-09-26,2023
matsumae20_T0,matsumae20,2023-06-17 05:47:45,2023-06-17 06:24:45,0.6166666666666667,0.38333333333333336,0.23333333333333334,8.312275219394174,41.815117,140.718217,41.843383,140.768483,2023-06-17,2023-06-17,2023
matsumae21_T0,matsumae21,2023-06-20 18:24:54,2023-06-20 19:00:54,0.6,0.33361111111111114,0.2663888888888889,8.765413835833401,41.842967,140.767717,41.81515,140.718183,2023-06-20,2023-06-20,2023
matsumae21_T1,matsumae21,2023-09-23 02:40:55,2023-09-23 09:24:55,6.733333333333333,4.750277777777778,1.9830555555555556,34.665571592499504,41.490717,139.989933,41.501983,139.993467,2023-09-23,2023-09-23,2023
matsumae21_T10,matsumae21,2023-12-25 07:29:54,2023-12-25 11:32:55,4.050277777777778,0.8327777777777778,3.2175000000000002,37.92074130790131,41.4748,139.99925,41.475667,139.997917,2023-12-25,2023-12-25,2023
matsumae21_T2,matsumae21,2023-10-14 08:31:54,2023-10-14 08:35:54,0.06666666666666667,0.0,0.06666666666666667,1.01386789012087,41.456783,140.011917,41.44885,140.017683,2023-10-14,2023-10-14,2023
matsumae21_T3,matsumae21,2023-10-14 08:48:54,2023-10-14 08:56:54,0.13333333333333333,0.0,0.13333333333333333,2.314376483219367,41.428033,140.043417,41.416183,140.066133,2023-10-14,2023-10-14,2023
matsumae21_T4,matsumae21,2023-10-29 08:16:54,2023-10-29 08:22:54,0.1,0.0,0.1,2.019524666638465,41.418583,140.0652,41.428233,140.044717,2023-10-29,2023-10-29,2023
matsumae21_T5,matsumae21,2023-10-29 08:32:55,2023-10-29 08:33:55,0.016666666666666666,0.0,0.016666666666666666,0.30777535951526613,41.4506,140.019433,41.453033,140.017683,2023-10-29,2023-10-29,2023
matsumae21_T6,matsumae21,2023-10-31 08:15:54,2023-10-31 11:56:55,3.6836111111111114,2.6505555555555556,1.0330555555555556,18.5776292200577,41.479817,139.995583,41.480617,139.997467,2023-10-31,2023-10-31,2023
matsumae21_T7,matsumae21,2023-12-06 06:44:55,2023-12-06 11:12:54,4.466388888888889,1.7330555555555556,2.7333333333333334,36.209366452977086,41.475767,139.997633,41.457967,140.009817,2023-12-06,2023-12-06,2023
matsumae21_T8,matsumae21,2023-12-12 07:42:54,2023-12-12 11:05:55,3.383611111111111,1.2169444444444444,2.1666666666666665,28.224956478281307,41.477967,139.9962,41.472133,140.002383,2023-12-12,2023-12-12,2023
matsumae21_T9,matsumae21,2023-12-15 08:07:54,2023-12-15 10:47:55,2.6669444444444443,0.5327777777777778,2.1341666666666668,20.663916453391714,41.475967,139.997067,41.476633,139.997683,2023-12-15,2023-12-15,2023
matsumae22_T0,matsumae22,2023-06-21 05:43:09,2023-06-21 06:39:09,0.9333333333333333,0.6833333333333333,0.25,8.326372611721943,41.8152,140.718083,41.843317,140.768767,2023-06-21,2023-06-21,2023
matsumae22_T1,matsumae22,2023-09-11 08:34:10,2023-09-11 12:14:10,3.6666666666666665,1.0341666666666667,2.6325,49.52565581204109,41.468383,140.004883,41.4622,140.00705,2023-09-11,2023-09-11,2023
matsumae22_T10,matsumae22,2023-10-20 05:57:10,2023-10-20 09:54:10,3.95,2.766388888888889,1.1836111111111112,24.382497822397923,41.477367,139.996367,41.476417,139.996433,2023-10-20,2023-10-20,2023
matsumae22_T11,matsumae22,2023-10-24 05:52:09,2023-10-24 11:22:10,5.500277777777778,3.7994444444444446,1.7008333333333334,29.160635785025338,41.476083,139.998133,41.4759,139.99805,2023-10-24,2023-10-24,2023
matsumae22_T12,matsumae22,2023-10-25 06:02:09,2023-10-25 11:24:10,5.366944444444445,3.5505555555555555,1.8163888888888888,31.524069024202355,41.454883,139.9627,41.474217,139.99905,2023-10-25,2023-10-25,2023
matsumae22_T13,matsumae22,2023-10-26 05:56:10,2023-10-26 11:27:09,5.516388888888889,3.734166666666667,1.7822222222222224,28.68420404385536,41.475,139.997967,41.481567,139.995817,2023-10-26,2023-10-26,2023
matsumae22_T14,matsumae22,2023-10-31 05:56:09,2023-10-31 11:24:10,5.466944444444445,4.183888888888889,1.2830555555555556,22.04033792636528,41.480117,139.996083,41.4841,139.99385,2023-10-31,2023-10-31,2023
matsumae22_T15,matsumae22,2023-12-06 06:35:09,2023-12-06 10:53:10,4.300277777777778,1.833611111111111,2.466666666666667,32.62165021517843,41.4736,140.000717,41.44015,140.019117,2023-12-06,2023-12-06,2023
matsumae22_T16,matsumae22,2023-12-06 10:56:10,2023-12-06 10:59:09,0.04972222222222222,0.0,0.04972222222222222,0.8020754116419273,41.447133,140.017567,41.4543,140.016633,2023-12-06,2023-12-06,2023
matsumae22_T17,matsumae22,2023-12-15 06:44:09,2023-12-15 11:13:10,4.483611111111111,2.032777777777778,2.450833333333333,31.624968215838344,41.474083,139.999733,41.474483,139.999,2023-12-15,2023-12-15,2023
matsumae22_T18,matsumae22,2023-12-16 06:57:10,2023-12-16 10:20:09,3.3830555555555555,0.5669444444444445,2.8161111111111112,35.40396096829991,41.471367,140.0045,41.458117,140.009267,2023-12-16,2023-12-16,2023
matsumae22_T19,matsumae22,2023-12-25 07:09:10,2023-12-25 11:07:10,3.966666666666667,0.3661111111111111,3.6005555555555557,44.88599046140174,41.4713,140.003983,41.473233,140.000883,2023-12-25,2023-12-25,2023
matsumae22_T2,matsumae22,2023-09-23 02:39:09,2023-09-23 08:51:10,6.200277777777778,2.2325,3.967777777777777,31.130668922437653,41.491817,139.990767,41.556567,139.964683,2023-09-23,2023-09-23,2023
matsumae22_T3,matsumae22,2023-09-23 09:02:09,2023-09-23 09:12:10,0.16694444444444445,0.0,0.16694444444444445,3.333806448079232,41.528117,139.9775,41.500883,139.9937,2023-09-23,2023-09-23,2023
matsumae22_T4,matsumae22,2023-10-04 05:46:09,2023-10-04 10:54:09,5.133333333333334,3.834722222222222,1.2986111111111112,23.89986193095441,41.475817,139.996667,41.476467,139.996933,2023-10-04,2023-10-04,2023
matsumae22_T5,matsumae22,2023-10-09 05:52:09,2023-10-09 11:25:10,5.550277777777778,4.131944444444445,1.4183333333333334,25.64951054306302,41.476283,139.9975,41.47655,139.995967,2023-10-09,2023-10-09,2023
matsumae22_T6,matsumae22,2023-10-10 05:57:10,2023-10-10 10:41:09,4.733055555555556,3.450555555555556,1.2825,22.723150451956332,41.4753,139.9976,41.47685,139.9974,2023-10-10,2023-10-10,2023
matsumae22_T7,matsumae22,2023-10-12 05:42:09,2023-10-12 11:29:10,5.783611111111111,4.117222222222223,1.666388888888889,30.617179029608717,41.47575,139.998233,41.4753,139.997817,2023-10-12,2023-10-12,2023
matsumae22_T8,matsumae22,2023-10-15 05:49:09,2023-10-15 11:16:09,5.45,4.399444444444445,1.0505555555555555,21.074974351173516,41.47605,139.9982,41.4757,139.998683,2023-10-15,2023-10-15,2023
matsumae22_T9,matsumae22,2023-10-18 05:49:09,2023-10-18 11:36:09,5.783333333333333,4.501111111111111,1.2822222222222224,24.956194813753104,41.474533,139.9991,41.475583,139.996383,2023-10-18,2023-10-18,2023
matsumae23_T0,matsumae23,2023-06-16 19:10:35,2023-06-16 19:57:35,0.7833333333333333,0.5002777777777778,0.28305555555555556,8.824895277870873,41.842783,140.76735,41.815233,140.718567,2023-06-16,2023-06-16,2023
matsumae23_T1,matsumae23,2023-12-16 06:42:34,2023-12-16 06:42:34,0.0,0.0,0.0,0.0,41.47105,140.004567,41.47105,140.004567,2023-12-16,2023-12-16,2023
matsumae23_T2,matsumae23,2023-12-16 06:43:34,2023-12-16 10:30:35,3.783611111111111,0.6,3.1836111111111114,40.47578174810132,41.468583,140.003133,41.4603,140.007317,2023-12-16,2023-12-16,2023
matsumae23_T3,matsumae23,2023-12-24 07:27:35,2023-12-24 07:32:35,0.08333333333333333,0.05,0.03333333333333333,0.5054086534337618,41.46885,140.004533,41.464933,140.006317,2023-12-24,2023-12-24,2023
matsumae23_T4,matsumae23,2023-12-24 07:38:35,2023-12-24 12:01:34,4.383055555555556,2.549166666666667,1.833888888888889,28.70584517857748,41.4607,140.008083,41.462183,140.006967,2023-12-24,2023-12-24,2023
matsumae23_T5,matsumae23,2023-12-24 12:03:34,2023-12-24 12:08:35,0.08361111111111111,0.08361111111111111,0.0,0.34190140124942,41.465517,140.0069,41.46585,140.00775,2023-12-24,2023-12-24,2023
matsumae23_T6,matsumae23,2023-12-25 06:54:34,2023-12-25 11:19:34,4.416666666666667,0.9669444444444445,3.4497222222222224,49.075441946687974,41.471383,140.003333,41.477517,139.9966,2023-12-25,2023-12-25,2023
matsumae23_T7,matsumae23,2023-12-25 11:20:35,2023-12-25 11:21:34,0.01638888888888889,0.0,0.01638888888888889,0.12900173668882797,41.480967,139.995883,41.4821,139.99555,2023-12-25,2023-12-25,2023
matsumae23_T8,matsumae23,2023-12-25 11:22:35,2023-12-25 12:30:35,1.1333333333333333,0.11694444444444445,1.016388888888889,13.30171115796394,41.484033,139.993967,41.495883,139.991017,2023-12-25,2023-12-25,2023
matsumae24_T0,matsumae24,2023-06-19 05:41:39,2023-06-19 05:57:39,0.26666666666666666,0.03333333333333333,0.23333333333333334,8.139983032994797,41.815117,140.718967,41.842267,140.768383,2023-06-19,2023-06-19,2023
matsumae24_T1,matsumae24,2023-09-11 02:14:39,2023-09-11 08:19:39,6.083333333333334,4.101111111111111,1.9822222222222223,33.26296471161202,41.4865,139.9922,41.5003,139.99285,2023-09-11,2023-09-11,2023
matsumae24_T10,matsumae24,2023-12-03 09:46:39,2023-12-03 11:25:39,1.6500000000000001,0.11694444444444445,1.5330555555555556,15.261999640861875,41.471333,140.00275,41.478033,139.996733,2023-12-03,2023-12-03,2023
matsumae24_T11,matsumae24,2023-12-03 11:27:39,2023-12-03 11:45:39,0.3,0.08305555555555555,0.21694444444444444,3.493602356585708,41.47515,139.998767,41.4504,140.019817,2023-12-03,2023-12-03,2023
matsumae24_T12,matsumae24,2023-12-03 11:52:40,2023-12-03 11:52:40,0.0,0.0,0.0,0.08432798155274639,41.451317,140.0224,41.452067,140.02225,2023-12-03,2023-12-03,2023
matsumae24_T13,matsumae24,2023-12-04 06:29:40,2023-12-04 11:22:39,4.883055555555556,0.31666666666666665,4.5663888888888895,29.51256231514508,41.46775,140.00585,41.464067,140.005967,2023-12-04,2023-12-04,2023
matsumae24_T14,matsumae24,2023-12-04 11:36:39,2023-12-04 11:37:39,0.016666666666666666,0.0,0.016666666666666666,0.11498781582950085,41.466667,140.007533,41.46565,140.007283,2023-12-04,2023-12-04,2023
matsumae24_T15,matsumae24,2023-12-04 11:39:39,2023-12-04 11:41:39,0.03333333333333333,0.0,0.03333333333333333,0.2822396405989644,41.460567,140.007967,41.461417,140.007283,2023-12-04,2023-12-04,2023
matsumae24_T16,matsumae24,2023-12-06 07:44:40,2023-12-06 07:45:40,0.016666666666666666,0.0,0.016666666666666666,0.08248033449654292,41.45195,140.022383,41.452617,140.02195,2023-12-06,2023-12-06,2023
matsumae24_T17,matsumae24,2023-12-06 07:58:40,2023-12-06 09:32:40,1.5666666666666667,0.11722222222222223,1.4494444444444445,14.032358523397757,41.45595,140.0125,41.478883,139.99585,2023-12-06,2023-12-06,2023
matsumae24_T18,matsumae24,2023-12-25 07:03:40,2023-12-25 07:04:40,0.016666666666666666,0.0,0.016666666666666666,0.13691498254937223,41.45265,140.02115,41.451683,140.022167,2023-12-25,2023-12-25,2023
matsumae24_T19,matsumae24,2023-12-25 08:06:39,2023-12-25 08:19:39,0.21666666666666667,0.20027777777777778,0.01638888888888889,0.13544721018179082,41.430417,140.053417,41.430717,140.0531,2023-12-25,2023-12-25,2023
matsumae24_T2,matsumae24,2023-09-23 02:30:40,2023-09-23 09:24:39,6.8997222222222225,2.700277777777778,4.1994444444444445,38.23957069457646,41.487317,139.991983,41.559483,139.966867,2023-09-23,2023-09-23,2023
matsumae24_T20,matsumae24,2023-12-25 11:07:39,2023-12-25 11:22:40,0.2502777777777778,0.11666666666666667,0.13361111111111112,1.4292608354554706,41.430667,140.053617,41.430683,140.053217,2023-12-25,2023-12-25,2023
matsumae24_T21,matsumae24,2023-12-29 07:07:40,2023-12-29 07:07:40,0.0,0.0,0.0,0.0,41.45245,140.022033,41.45245,140.022033,2023-12-29,2023-12-29,2023
matsumae24_T22,matsumae24,2023-12-29 09:18:40,2023-12-29 09:18:40,0.0,0.0,0.0,0.021726433403327958,41.430633,140.052933,41.430483,140.0531,2023-12-29,2023-12-29,2023
matsumae24_T23,matsumae24,2023-12-29 09:35:40,2023-12-29 09:44:39,0.14972222222222223,0.11638888888888889,0.03333333333333333,0.700435788865361,41.430683,140.053333,41.430517,140.05325,2023-12-29,2023-12-29,2023
matsumae24_T3,matsumae24,2023-09-23 09:37:40,2023-09-23 09:46:39,0.14972222222222223,0.0,0.14972222222222223,2.8331937228958064,41.526233,139.982383,41.502467,139.994617,2023-09-23,2023-09-23,2023
matsumae24_T4,matsumae24,2023-10-30 08:03:40,2023-10-30 11:14:40,3.1833333333333336,2.316388888888889,0.8669444444444445,14.90199907053166,41.484017,139.99375,41.479617,139.995867,2023-10-30,2023-10-30,2023
matsumae24_T5,matsumae24,2023-11-15 06:40:39,2023-11-15 13:32:39,6.866666666666667,4.2347222222222225,2.6319444444444446,36.58375648737325,41.500817,139.993283,41.4985,139.992283,2023-11-15,2023-11-15,2023
matsumae24_T6,matsumae24,2023-11-16 06:08:40,2023-11-16 09:57:40,3.816666666666667,2.2841666666666667,1.5325,24.105102678881632,41.502417,139.99415,41.501917,139.99405,2023-11-16,2023-11-16,2023
matsumae24_T7,matsumae24,2023-11-27 06:30:39,2023-11-27 07:19:39,0.8166666666666667,0.2836111111111111,0.5330555555555556,6.815859447648175,41.502283,139.993883,41.542117,139.966633,2023-11-27,2023-11-27,2023
matsumae24_T8,matsumae24,2023-11-27 07:49:40,2023-11-27 10:04:39,2.249722222222222,0.5997222222222223,1.6500000000000001,21.81161346673036,41.545467,139.964233,41.482033,139.995683,2023-11-27,2023-11-27,2023
matsumae24_T9,matsumae24,2023-12-03 05:50:40,2023-12-03 09:11:40,3.35,0.16666666666666669,3.1833333333333336,48.993878585938035,41.468967,140.003883,41.46135,140.007283,2023-12-03,2023-12-03,2023
matsumae25_T0,matsumae25,2023-06-19 21:11:09,2023-06-19 21:27:09,0.26666666666666666,0.03333333333333333,0.23333333333333334,8.39585454521805,41.842583,140.76765,41.81505,140.71905,2023-06-19,2023-06-19,2023
matsumae25_T1,matsumae25,2023-09-12 02:19:09,2023-09-12 07:20:09,5.016666666666667,2.9675,2.049166666666667,37.07770729093052,41.46785,140.006233,41.480783,139.996983,2023-09-12,2023-09-12,2023
matsumae25_T2,matsumae25,2023-09-14 02:17:09,2023-09-14 07:29:10,5.200277777777778,3.183611111111111,2.0166666666666666,35.06856496433187,41.4672,140.007233,41.47495,139.998567,2023-09-14,2023-09-14,2023
matsumae25_T3,matsumae25,2023-09-21 02:18:10,2023-09-21 09:22:10,7.066666666666666,4.735,2.3316666666666666,34.70868287906757,41.469783,140.002817,41.478217,139.9963,2023-09-21,2023-09-21,2023
matsumae26_T0,matsumae26,2023-06-16 05:35:10,2023-06-16 06:26:09,0.8497222222222223,0.6169444444444444,0.23277777777777778,8.243326675840914,41.815267,140.71885,41.84205,140.768083,2023-06-16,2023-06-16,2023
matsumae26_T1,matsumae26,2023-09-14 02:30:10,2023-09-14 07:10:10,4.666666666666667,2.2,2.466666666666667,33.43867326187533,41.47365,140.000067,41.494967,139.990867,2023-09-14,2023-09-14,2023
matsumae26_T10,matsumae26,2023-10-04 05:10:10,2023-10-04 09:03:09,3.8830555555555555,2.6505555555555556,1.2325,19.211688330739463,41.477217,139.997333,41.490983,139.99095,2023-10-04,2023-10-04,2023
matsumae26_T11,matsumae26,2023-10-08 05:42:09,2023-10-08 10:43:10,5.016944444444444,3.8344444444444448,1.1825,20.686065763362148,41.491217,139.991017,41.488633,139.9917,2023-10-08,2023-10-08,2023
matsumae26_T12,matsumae26,2023-11-05 03:13:10,2023-11-05 08:25:10,5.2,2.232222222222222,2.967777777777778,40.30464812188279,41.46165,140.0061,41.459017,140.008467,2023-11-05,2023-11-05,2023
matsumae26_T13,matsumae26,2023-11-16 03:27:10,2023-11-16 08:19:09,4.866388888888889,0.8666666666666667,3.999722222222222,41.5901718034835,41.46435,140.005183,41.41405,140.002717,2023-11-16,2023-11-16,2023
matsumae26_T2,matsumae26,2023-09-21 02:23:09,2023-09-21 08:04:09,5.683333333333334,2.7325,2.950833333333333,36.6742196763103,41.4703,140.0035,41.471983,140.002883,2023-09-21,2023-09-21,2023
matsumae26_T3,matsumae26,2023-09-23 02:35:09,2023-09-23 07:20:09,4.75,1.9983333333333333,2.751666666666667,33.23432490343286,41.470583,140.00355,41.4749,139.999083,2023-09-23,2023-09-23,2023
matsumae26_T4,matsumae26,2023-09-24 02:43:09,2023-09-24 07:07:09,4.4,2.383611111111111,2.016388888888889,27.053242654583165,41.48415,139.993733,41.579433,139.953617,2023-09-24,2023-09-24,2023
matsumae26_T5,matsumae26,2023-09-24 07:35:10,2023-09-24 07:43:09,0.13305555555555557,0.0,0.13305555555555557,2.087108972442718,41.5248,139.992117,41.506917,139.9996,2023-09-24,2023-09-24,2023
matsumae26_T6,matsumae26,2023-09-25 02:42:10,2023-09-25 07:30:10,4.8,2.7158333333333333,2.0841666666666665,34.22627887615858,41.478633,139.996217,41.557967,139.96655,2023-09-25,2023-09-25,2023
matsumae26_T7,matsumae26,2023-09-25 07:46:09,2023-09-25 07:54:09,0.13333333333333333,0.0,0.13333333333333333,2.1968451814341523,41.525133,139.991233,41.506283,139.999083,2023-09-25,2023-09-25,2023
matsumae26_T8,matsumae26,2023-09-26 05:37:09,2023-09-26 07:23:09,1.7666666666666666,0.7008333333333333,1.0658333333333334,13.745908811355786,41.559567,139.848967,41.5461,139.964717,2023-09-26,2023-09-26,2023
matsumae26_T9,matsumae26,2023-09-26 07:35:10,2023-09-26 07:45:10,0.16666666666666666,0.0,0.16666666666666666,2.5450577469818025,41.526067,139.98375,41.505983,139.9979,2023-09-26,2023-09-26,2023
matsumae27_T0,matsumae27,2023-06-18 09:21:54,2023-06-18 12:23:54,3.033333333333333,2.6830555555555557,0.3502777777777778,9.346485821940853,41.8149,140.71895,41.814967,140.719067,2023-06-18,2023-06-18,2023
matsumae27_T1,matsumae27,2023-09-11 01:43:55,2023-09-11 07:34:54,5.849722222222223,3.533888888888889,2.3158333333333334,35.37176183582893,41.467017,140.007483,41.465967,140.0079,2023-09-11,2023-09-11,2023
matsumae27_T10,matsumae27,2023-11-16 02:35:55,2023-11-16 09:34:54,6.983055555555556,0.0,6.983055555555556,31.995297155467778,41.459683,140.008733,41.459733,140.0082,2023-11-16,2023-11-16,2023
matsumae27_T11,matsumae27,2023-11-27 02:55:54,2023-11-27 10:27:54,7.533333333333334,0.0,7.533333333333334,32.643063752729915,41.4585,140.008933,41.4609,140.007667,2023-11-27,2023-11-27,2023
matsumae27_T12,matsumae27,2023-12-04 02:48:54,2023-12-04 11:05:54,8.283333333333333,0.6330555555555556,7.650277777777777,41.55792656323872,41.460933,140.0069,41.4578,140.009433,2023-12-04,2023-12-04,2023
matsumae27_T13,matsumae27,2023-12-06 02:40:54,2023-12-06 10:42:54,8.033333333333333,0.0,8.033333333333333,29.739106970456227,41.460833,140.007483,41.460917,140.007717,2023-12-06,2023-12-06,2023
matsumae27_T14,matsumae27,2023-12-12 04:32:55,2023-12-12 09:18:54,4.766388888888889,0.0,4.766388888888889,27.50734515724342,41.459267,140.008517,41.460667,140.007133,2023-12-12,2023-12-12,2023
matsumae27_T2,matsumae27,2023-09-12 02:06:54,2023-09-12 07:20:54,5.233333333333333,3.066666666666667,2.1666666666666665,33.18996681317527,41.468183,140.005967,41.476883,139.996883,2023-09-12,2023-09-12,2023
matsumae27_T3,matsumae27,2023-09-14 02:17:55,2023-09-14 07:28:55,5.183333333333334,3.0844444444444443,2.098888888888889,32.44395453135484,41.468767,140.0042,41.480383,139.995533,2023-09-14,2023-09-14,2023
matsumae27_T4,matsumae27,2023-09-21 02:19:54,2023-09-21 09:10:55,6.850277777777778,4.083333333333333,2.7669444444444444,36.43344962029779,41.467533,140.006567,41.467283,140.006183,2023-09-21,2023-09-21,2023
matsumae27_T5,matsumae27,2023-10-15 02:31:54,2023-10-15 08:48:55,6.283611111111111,0.0,6.283611111111111,25.302621558342903,41.4601,140.007833,41.466233,140.008383,2023-10-15,2023-10-15,2023
matsumae27_T6,matsumae27,2023-10-27 02:41:54,2023-10-27 08:15:54,5.566666666666666,0.0,5.566666666666666,32.37084379462733,41.461383,140.006617,41.460933,140.007717,2023-10-27,2023-10-27,2023
matsumae27_T7,matsumae27,2023-10-30 02:39:55,2023-10-30 09:08:55,6.483333333333333,2.000277777777778,4.483055555555556,50.14428488661178,41.4604,140.007767,41.460367,140.00725,2023-10-30,2023-10-30,2023
matsumae27_T8,matsumae27,2023-11-05 02:37:54,2023-11-05 09:28:54,6.85,0.0,6.85,35.32362872234052,41.459983,140.008033,41.458517,140.008567,2023-11-05,2023-11-05,2023
matsumae27_T9,matsumae27,2023-11-09 02:36:55,2023-11-09 10:20:55,7.733333333333333,0.0,7.733333333333333,36.21271013499772,41.4592,140.0084,41.457333,140.00985,2023-11-09,2023-11-09,2023
matsumae28_T0,matsumae28,2023-06-15 21:11:34,2023-06-15 21:25:35,0.2336111111111111,0.05055555555555556,0.18305555555555555,8.190720572160357,41.843,140.767733,41.8151,140.7184,2023-06-15,2023-06-15,2023
matsumae28_T1,matsumae28,2023-09-21 02:09:35,2023-09-21 10:23:35,8.233333333333334,5.385555555555555,2.847777777777778,37.69405294720322,41.444883,140.012433,41.442317,140.017833,2023-09-21,2023-09-21,2023
matsumae28_T10,matsumae28,2023-09-24 09:03:35,2023-09-24 09:03:35,0.0,0.0,0.0,0.0,41.451833,140.02365,41.451833,140.02365,2023-09-24,2023-09-24,2023
matsumae28_T11,matsumae28,2023-09-30 06:23:34,2023-09-30 10:01:34,3.6333333333333333,1.3166666666666667,2.316666666666667,45.2257208152236,41.4308,140.028533,41.43675,140.01965,2023-09-30,2023-09-30,2023
matsumae28_T12,matsumae28,2023-10-01 06:55:35,2023-10-01 09:14:35,2.316666666666667,0.1663888888888889,2.1502777777777777,41.227788642937874,41.435133,140.02315,41.427683,140.0422,2023-10-01,2023-10-01,2023
matsumae28_T13,matsumae28,2023-10-04 05:57:34,2023-10-04 09:23:34,3.4333333333333336,1.25,2.1833333333333336,30.6865842797985,41.43645,140.021583,41.436267,140.021617,2023-10-04,2023-10-04,2023
matsumae28_T14,matsumae28,2023-10-09 03:01:35,2023-10-09 08:41:34,5.666388888888889,2.2494444444444444,3.4169444444444443,43.43373466647016,41.445067,140.017367,41.435433,140.022567,2023-10-09,2023-10-09,2023
matsumae28_T15,matsumae28,2023-10-10 06:23:35,2023-10-10 09:02:34,2.649722222222222,2.1327777777777777,0.5169444444444444,5.831914808751693,41.435867,140.020633,41.436083,140.020683,2023-10-10,2023-10-10,2023
matsumae28_T16,matsumae28,2023-10-12 03:22:34,2023-10-12 07:37:34,4.25,1.6169444444444445,2.6330555555555555,33.13725410758891,41.4297,140.031267,41.427533,140.0367,2023-10-12,2023-10-12,2023
matsumae28_T17,matsumae28,2023-10-14 07:37:35,2023-10-14 07:42:35,0.08333333333333334,0.0,0.08333333333333334,1.4088843755990363,41.431983,140.055733,41.42175,140.065683,2023-10-14,2023-10-14,2023
matsumae28_T18,matsumae28,2023-10-29 09:56:34,2023-10-29 09:58:34,0.03333333333333333,0.0,0.03333333333333333,1.0880539099792057,41.423917,140.066017,41.431433,140.057683,2023-10-29,2023-10-29,2023
matsumae28_T19,matsumae28,2023-10-30 06:12:35,2023-10-30 09:27:34,3.249722222222222,1.7,1.5497222222222222,21.795789168097592,41.427983,140.037833,41.4294,140.034367,2023-10-30,2023-10-30,2023
matsumae28_T2,matsumae28,2023-09-21 10:31:34,2023-09-21 10:36:34,0.08333333333333334,0.0,0.08333333333333334,1.9650232225433844,41.428467,140.04495,41.419483,140.065233,2023-09-21,2023-09-21,2023
matsumae28_T20,matsumae28,2023-10-31 05:58:34,2023-10-31 09:14:34,3.2666666666666666,2.3666666666666667,0.9,11.522238659744861,41.428483,140.043,41.428683,140.034633,2023-10-31,2023-10-31,2023
matsumae28_T21,matsumae28,2023-11-15 06:28:35,2023-11-15 15:00:34,8.533055555555556,5.831944444444445,2.701111111111111,49.400590753762216,41.433117,140.023017,41.43835,140.019567,2023-11-15,2023-11-15,2023
matsumae28_T22,matsumae28,2023-11-16 06:11:34,2023-11-16 10:25:34,4.233333333333333,2.1327777777777777,2.1005555555555557,34.75987353284517,41.44015,140.018933,41.44315,140.017833,2023-11-16,2023-11-16,2023
matsumae28_T23,matsumae28,2023-11-27 05:51:34,2023-11-27 14:02:34,8.183333333333334,5.282777777777778,2.9005555555555556,44.68885479445222,41.435967,140.021083,41.4373,140.018867,2023-11-27,2023-11-27,2023
matsumae28_T24,matsumae28,2023-12-03 06:00:34,2023-12-03 11:29:34,5.483333333333333,0.5666666666666667,4.916666666666667,51.143169639295905,41.4295,140.03355,41.437883,140.020467,2023-12-03,2023-12-03,2023
matsumae28_T25,matsumae28,2023-12-05 08:15:34,2023-12-05 12:24:34,4.15,0.3169444444444445,3.8330555555555557,41.29110487705217,41.428533,140.035617,41.4324,140.0257,2023-12-05,2023-12-05,2023
matsumae28_T26,matsumae28,2023-12-05 13:03:34,2023-12-05 13:19:34,0.26666666666666666,0.1663888888888889,0.10027777777777777,1.5900109433055332,41.446783,140.017,41.441817,140.018133,2023-12-05,2023-12-05,2023
matsumae28_T27,matsumae28,2023-12-06 06:07:34,2023-12-06 08:23:34,2.2666666666666666,0.3327777777777778,1.933888888888889,20.538580904185295,41.432517,140.025133,41.429483,140.033917,2023-12-06,2023-12-06,2023
matsumae28_T28,matsumae28,2023-12-06 09:02:35,2023-12-06 11:07:35,2.0833333333333335,0.26666666666666666,1.8166666666666667,23.010300882193494,41.447483,140.016433,41.4281,140.034,2023-12-06,2023-12-06,2023
matsumae28_T29,matsumae28,2023-12-12 06:42:34,2023-12-12 08:01:35,1.3169444444444445,0.15,1.1669444444444446,13.609659555914899,41.44035,140.018783,41.428533,140.037383,2023-12-12,2023-12-12,2023
matsumae28_T3,matsumae28,2023-09-21 11:17:34,2023-09-21 11:21:34,0.06666666666666667,0.0,0.06666666666666667,1.15833836194817,41.42365,140.065867,41.4314,140.056733,2023-09-21,2023-09-21,2023
matsumae28_T30,matsumae28,2023-12-12 08:02:35,2023-12-12 08:55:34,0.8830555555555556,0.7166666666666667,0.1663888888888889,2.6606213380473487,41.4283,140.040467,41.4297,140.05105,2023-12-12,2023-12-12,2023
matsumae28_T31,matsumae28,2023-12-12 08:56:34,2023-12-12 09:02:34,0.1,0.06666666666666667,0.03333333333333333,0.29792133517614977,41.430383,140.052167,41.429783,140.050367,2023-12-12,2023-12-12,2023
matsumae28_T32,matsumae28,2023-12-12 09:04:34,2023-12-12 09:25:35,0.3502777777777778,0.3002777777777778,0.05,0.6285569848974402,41.430017,140.051517,41.429783,140.051283,2023-12-12,2023-12-12,2023
matsumae28_T33,matsumae28,2023-12-12 09:26:35,2023-12-12 09:29:35,0.05,0.0,0.05,0.3709654001001223,41.42985,140.051783,41.429333,140.049667,2023-12-12,2023-12-12,2023
matsumae28_T34,matsumae28,2023-12-12 09:30:34,2023-12-12 09:31:35,0.016944444444444446,0.016944444444444446,0.0,0.0,41.4295,140.04945,41.4295,140.04945,2023-12-12,2023-12-12,2023
matsumae28_T35,matsumae28,2023-12-12 09:37:34,2023-12-12 09:37:34,0.0,0.0,0.0,0.0,41.429467,140.049367,41.429467,140.049367,2023-12-12,2023-12-12,2023
matsumae28_T36,matsumae28,2023-12-12 09:45:34,2023-12-12 09:53:34,0.13333333333333333,0.13333333333333333,0.0,0.11412331713815466,41.429483,140.049817,41.429433,140.0496,2023-12-12,2023-12-12,2023
matsumae28_T37,matsumae28,2023-12-12 09:54:34,2023-12-12 09:57:34,0.05,0.05,0.0,0.048227259076052076,41.429433,140.0497,41.4293,140.049283,2023-12-12,2023-12-12,2023
matsumae28_T38,matsumae28,2023-12-12 09:58:34,2023-12-12 09:59:34,0.016666666666666666,0.016666666666666666,0.0,0.0,41.429567,140.04955,41.429567,140.04955,2023-12-12,2023-12-12,2023
matsumae28_T39,matsumae28,2023-12-12 10:01:34,2023-12-12 10:01:34,0.0,0.0,0.0,0.0,41.42955,140.0495,41.42955,140.0495,2023-12-12,2023-12-12,2023
matsumae28_T4,matsumae28,2023-09-23 02:46:35,2023-09-23 06:54:34,4.133055555555556,1.35,2.783055555555556,35.62089909385002,41.448467,140.017467,41.478017,139.9967,2023-09-23,2023-09-23,2023
matsumae28_T40,matsumae28,2023-12-12 10:11:34,2023-12-12 10:21:35,0.16694444444444445,0.1502777777777778,0.016666666666666666,0.2971226187257435,41.429383,140.049783,41.429317,140.048617,2023-12-12,2023-12-12,2023
matsumae28_T41,matsumae28,2023-12-12 10:26:35,2023-12-12 10:26:35,0.0,0.0,0.0,0.0,41.42955,140.049867,41.42955,140.049867,2023-12-12,2023-12-12,2023
matsumae28_T42,matsumae28,2023-12-12 10:35:34,2023-12-12 10:39:34,0.06666666666666667,0.05027777777777778,0.01638888888888889,0.18900776703854638,41.428983,140.050317,41.429567,140.049617,2023-12-12,2023-12-12,2023
matsumae28_T43,matsumae28,2023-12-12 10:41:33,2023-12-12 10:43:34,0.03361111111111111,0.0,0.03361111111111111,0.1720485267889047,41.429483,140.049883,41.42895,140.0492,2023-12-12,2023-12-12,2023
matsumae28_T44,matsumae28,2023-12-12 10:45:35,2023-12-12 10:52:35,0.11666666666666667,0.08416666666666667,0.0325,0.2492613814545854,41.42975,140.05025,41.429233,140.049383,2023-12-12,2023-12-12,2023
matsumae28_T45,matsumae28,2023-12-12 10:53:35,2023-12-12 10:54:35,0.016666666666666666,0.016666666666666666,0.0,0.006613757511264499,41.42955,140.049733,41.429583,140.049667,2023-12-12,2023-12-12,2023
matsumae28_T46,matsumae28,2023-12-12 10:57:34,2023-12-12 11:03:34,0.1,0.08333333333333334,0.016666666666666666,0.16660793959147813,41.429583,140.049833,41.4295,140.049783,2023-12-12,2023-12-12,2023
matsumae28_T47,matsumae28,2023-12-12 11:05:35,2023-12-12 11:05:35,0.0,0.0,0.0,0.0,41.42965,140.05005,41.42965,140.05005,2023-12-12,2023-12-12,2023
matsumae28_T48,matsumae28,2023-12-12 11:07:35,2023-12-12 11:08:34,0.01638888888888889,0.01638888888888889,0.0,0.03989405547430951,41.429583,140.049717,41.4295,140.0494,2023-12-12,2023-12-12,2023
matsumae28_T49,matsumae28,2023-12-12 11:10:34,2023-12-12 11:40:35,0.5002777777777778,0.34944444444444445,0.15083333333333335,1.8198914454136532,41.429633,140.0503,41.429533,140.049433,2023-12-12,2023-12-12,2023
matsumae28_T5,matsumae28,2023-09-23 06:56:34,2023-09-23 06:57:34,0.016666666666666666,0.0,0.016666666666666666,0.3357973960781953,41.473133,140.0014,41.4707,140.003783,2023-09-23,2023-09-23,2023
matsumae28_T50,matsumae28,2023-12-12 11:41:35,2023-12-12 11:42:35,0.016666666666666666,0.016666666666666666,0.0,0.013786906922947515,41.429517,140.04945,41.4294,140.0495,2023-12-12,2023-12-12,2023
matsumae28_T51,matsumae28,2023-12-12 12:31:34,2023-12-12 12:36:35,0.08361111111111111,0.06694444444444445,0.016666666666666666,0.27671098155513824,41.429667,140.0509,41.429517,140.04965,2023-12-12,2023-12-12,2023
matsumae28_T52,matsumae28,2023-12-15 06:46:34,2023-12-15 07:12:35,0.4336111111111111,0.2997222222222222,0.1338888888888889,1.7403115331849324,41.429483,140.050817,41.430067,140.053767,2023-12-15,2023-12-15,2023
matsumae28_T53,matsumae28,2023-12-15 11:48:34,2023-12-15 12:04:34,0.26666666666666666,0.25,0.016666666666666666,0.25370727985913105,41.42935,140.049067,41.4298,140.050417,2023-12-15,2023-12-15,2023
matsumae28_T54,matsumae28,2023-12-15 12:10:35,2023-12-15 13:07:35,0.9500000000000001,0.9500000000000001,0.0,0.4744081385321311,41.4293,140.051483,41.4299,140.050767,2023-12-15,2023-12-15,2023
matsumae28_T55,matsumae28,2023-12-15 13:16:34,2023-12-15 13:44:34,0.4666666666666667,0.44972222222222225,0.016944444444444446,0.22033622552653248,41.429667,140.050983,41.429983,140.052033,2023-12-15,2023-12-15,2023
matsumae28_T6,matsumae28,2023-09-23 06:58:34,2023-09-23 06:58:34,0.0,0.0,0.0,0.0,41.467,140.0074,41.467,140.0074,2023-09-23,2023-09-23,2023
matsumae28_T7,matsumae28,2023-09-23 07:04:35,2023-09-23 07:04:35,0.0,0.0,0.0,0.0,41.45195,140.022017,41.45195,140.022017,2023-09-23,2023-09-23,2023
matsumae28_T8,matsumae28,2023-09-24 02:33:35,2023-09-24 02:35:34,0.03305555555555556,0.0,0.03305555555555556,0.5297744772182514,41.450483,140.020117,41.4543,140.016317,2023-09-24,2023-09-24,2023
matsumae28_T9,matsumae28,2023-09-24 02:40:35,2023-09-24 08:45:34,6.083055555555555,2.2333333333333334,3.8497222222222223,59.957550611018085,41.465033,140.005717,41.498017,139.99095,2023-09-24,2023-09-24,2023
matsumae29_T0,matsumae29,2023-06-14 19:11:25,2023-06-14 19:37:24,0.4330555555555556,0.21666666666666667,0.2163888888888889,8.413481379112524,41.843017,140.767767,41.815783,140.7187,2023-06-14,2023-06-14,2023
matsumae30_T0,matsumae30,2023-06-15 05:26:34,2023-06-15 05:59:34,0.55,0.33333333333333337,0.21666666666666667,8.358574832351604,41.815117,140.718233,41.842933,140.767067,2023-06-15,2023-06-15,2023
matsumae01_T1,matsumae01,2024-01-29 10:01:39,2024-01-29 14:18:40,4.283611111111111,2.1169444444444445,2.166666666666667,40.153461934734565,41.472217,140.000583,41.472633,140.001383,2024-01-29,2024-01-29,2024
matsumae01_T10,matsumae01,2024-07-11 01:14:40,2024-07-11 12:18:39,11.06638888888889,8.750833333333334,2.3155555555555556,46.04013412370479,41.4872,139.991517,41.44155,140.0185,2024-07-11,2024-07-11,2024
matsumae01_T11,matsumae01,2024-07-11 12:25:39,2024-07-11 12:30:40,0.08361111111111111,0.0,0.08361111111111111,2.039539740702262,41.427817,140.044667,41.418333,140.0656,2024-07-11,2024-07-11,2024
matsumae01_T12,matsumae01,2024-07-11 13:22:39,2024-07-11 13:29:39,0.11666666666666667,0.0,0.11666666666666667,2.003154597668372,41.419467,140.0648,41.428433,140.043967,2024-07-11,2024-07-11,2024
matsumae01_T13,matsumae01,2024-07-11 13:43:39,2024-07-11 13:45:40,0.03361111111111111,0.0,0.03361111111111111,0.48732072252917674,41.449683,140.018483,41.453733,140.0163,2024-07-11,2024-07-11,2024
matsumae01_T14,matsumae01,2024-07-16 01:24:40,2024-07-16 11:36:39,10.199722222222222,8.016388888888889,2.1833333333333336,46.77530232302317,41.49415,139.990417,41.410633,140.069317,2024-07-16,2024-07-16,2024
matsumae01_T15,matsumae01,2024-07-16 14:13:39,2024-07-16 14:20:39,0.11666666666666667,0.0,0.11666666666666667,2.214987543092119,41.417767,140.0657,41.428183,140.0434,2024-07-16,2024-07-16,2024
matsumae01_T16,matsumae01,2024-07-16 14:31:39,2024-07-16 14:33:39,0.03333333333333333,0.0,0.03333333333333333,0.4938088980956836,41.449533,140.019483,41.453633,140.017217,2024-07-16,2024-07-16,2024
matsumae01_T17,matsumae01,2024-09-04 08:04:39,2024-09-04 08:13:39,0.15,0.0,0.15,3.1263975403744473,41.5018,139.993083,41.527783,139.978817,2024-09-04,2024-09-04,2024
matsumae01_T18,matsumae01,2024-09-04 08:23:39,2024-09-04 09:40:40,1.283611111111111,1.0830555555555557,0.20055555555555557,5.757962154528706,41.557667,139.96545,41.560067,139.968133,2024-09-04,2024-09-04,2024
matsumae01_T19,matsumae01,2024-09-04 10:39:39,2024-09-04 10:49:39,0.16666666666666669,0.05,0.11666666666666667,1.06887850290195,41.528083,139.979233,41.52875,139.97765,2024-09-04,2024-09-04,2024
matsumae01_T2,matsumae01,2024-05-14 09:01:40,2024-05-14 13:44:40,4.716666666666667,2.516388888888889,2.200277777777778,39.99997130730776,41.472767,139.999583,41.4721,140.000517,2024-05-14,2024-05-14,2024
matsumae01_T20,matsumae01,2024-09-04 10:57:40,2024-09-04 11:26:42,0.4838888888888889,0.0,0.4838888888888889,3.175946760535838,41.527917,139.97935,41.5016,139.994117,2024-09-04,2024-09-04,2024
matsumae01_T21,matsumae01,2024-09-04 12:02:40,2024-09-04 12:03:40,0.016666666666666666,0.0,0.016666666666666666,0.050504239190825764,41.4667,140.00845,41.466267,140.008633,2024-09-04,2024-09-04,2024
matsumae01_T22,matsumae01,2024-09-04 12:14:40,2024-09-04 12:23:39,0.14972222222222223,0.0,0.14972222222222223,1.0368411012078091,41.45645,140.012767,41.447867,140.017583,2024-09-04,2024-09-04,2024
matsumae01_T23,matsumae01,2024-09-04 12:48:40,2024-09-04 15:29:39,2.6830555555555557,1.8494444444444444,0.8336111111111111,8.629216489122708,41.42875,140.037367,41.428017,140.04175,2024-09-04,2024-09-04,2024
matsumae01_T24,matsumae01,2024-09-05 07:00:40,2024-09-05 07:08:39,0.13305555555555557,0.0,0.13305555555555557,2.5759438999846282,41.50375,139.995883,41.525817,139.986483,2024-09-05,2024-09-05,2024
matsumae01_T25,matsumae01,2024-09-05 07:20:39,2024-09-05 12:16:40,4.933611111111111,4.683611111111111,0.25,6.766828557158148,41.5631,139.971133,41.560167,139.9677,2024-09-05,2024-09-05,2024
matsumae01_T26,matsumae01,2024-09-05 12:29:39,2024-09-05 13:03:40,0.5669444444444445,0.26722222222222225,0.2997222222222222,3.5735211758194967,41.527867,139.9791,41.504867,139.996683,2024-09-05,2024-09-05,2024
matsumae01_T27,matsumae01,2024-09-16 01:38:39,2024-09-16 08:03:39,6.416666666666667,3.466666666666667,2.95,49.709107910757005,41.466533,140.006667,41.4325,140.026017,2024-09-16,2024-09-16,2024
matsumae01_T28,matsumae01,2024-09-16 08:09:40,2024-09-16 08:10:39,0.01638888888888889,0.0,0.01638888888888889,0.4533587927181114,41.449783,140.0184,41.453683,140.016817,2024-09-16,2024-09-16,2024
matsumae01_T29,matsumae01,2024-10-09 08:53:39,2024-10-09 12:55:39,4.033333333333333,1.8836111111111111,2.149722222222222,40.13808096509745,41.47265,140.001217,41.471883,140.000617,2024-10-09,2024-10-09,2024
matsumae01_T3,matsumae01,2024-05-30 06:18:40,2024-05-30 06:26:39,0.13305555555555557,0.0,0.13305555555555557,2.4825117089806916,41.505367,139.9969,41.52605,139.985683,2024-05-30,2024-05-30,2024
matsumae01_T30,matsumae01,2024-10-17 09:10:39,2024-10-17 15:33:40,6.383611111111111,4.217222222222222,2.166388888888889,40.66547424943098,41.473033,140.00055,41.4727,140.00125,2024-10-17,2024-10-17,2024
matsumae01_T31,matsumae01,2024-10-26 03:10:39,2024-10-26 10:01:40,6.850277777777778,5.448888888888889,1.401388888888889,30.469241285852924,41.479167,139.995067,41.473117,139.999667,2024-10-26,2024-10-26,2024
matsumae01_T32,matsumae01,2024-10-26 10:38:40,2024-10-26 15:35:40,4.95,0.3,4.65,47.736863967539726,41.475783,139.997517,41.467083,140.0056,2024-10-26,2024-10-26,2024
matsumae01_T33,matsumae01,2024-10-27 06:30:39,2024-10-27 06:35:40,0.08361111111111111,0.0,0.08361111111111111,0.745013659451203,41.471533,140.003367,41.4654,140.006867,2024-10-27,2024-10-27,2024
matsumae01_T34,matsumae01,2024-10-27 06:41:40,2024-10-27 06:51:39,0.1663888888888889,0.0,0.1663888888888889,1.612077703312649,41.458317,140.01025,41.444983,140.017667,2024-10-27,2024-10-27,2024
matsumae01_T35,matsumae01,2024-10-27 07:03:40,2024-10-27 10:34:40,3.5166666666666666,0.26666666666666666,3.25,28.010938259891706,41.430633,140.030217,41.4926,139.990317,2024-10-27,2024-10-27,2024
matsumae01_T36,matsumae01,2024-11-10 06:29:40,2024-11-10 11:03:39,4.5663888888888895,2.466666666666667,2.0997222222222223,40.285129084377964,41.473233,140.001033,41.47265,140.00175,2024-11-10,2024-11-10,2024
matsumae01_T4,matsumae01,2024-06-14 15:29:40,2024-06-14 15:36:39,0.11638888888888889,0.0,0.11638888888888889,2.4254270507701365,41.524733,139.986467,41.504367,139.9968,2024-06-14,2024-06-14,2024
matsumae01_T5,matsumae01,2024-06-20 06:59:40,2024-06-20 11:46:39,4.783055555555555,2.783611111111111,1.9994444444444446,40.2559463001232,41.4734,140.000967,41.472567,140.0019,2024-06-20,2024-06-20,2024
matsumae01_T6,matsumae01,2024-07-09 01:14:40,2024-07-09 12:09:39,10.91638888888889,8.766666666666667,2.149722222222222,34.71100602120681,41.480833,139.996567,41.443767,140.017067,2024-07-09,2024-07-09,2024
matsumae01_T7,matsumae01,2024-07-09 12:16:39,2024-07-09 12:22:39,0.1,0.0,0.1,2.476316973582511,41.427783,140.038567,41.4173,140.064717,2024-07-09,2024-07-09,2024
matsumae01_T8,matsumae01,2024-07-09 13:14:39,2024-07-09 13:28:40,0.2336111111111111,0.0,0.2336111111111111,3.7294329222745914,41.418017,140.064733,41.432867,140.026017,2024-07-09,2024-07-09,2024
matsumae01_T9,matsumae01,2024-07-09 13:32:39,2024-07-09 13:39:40,0.11694444444444445,0.0,0.11694444444444445,1.715044871049928,41.43995,140.019117,41.4544,140.014433,2024-07-09,2024-07-09,2024
matsumae02_T1,matsumae02,2024-06-11 09:43:20,2024-06-11 15:03:19,5.333055555555556,3.981388888888889,1.3516666666666668,24.223620821856443,41.539567,139.9683,41.543183,139.964267,2024-06-11,2024-06-11,2024
matsumae02_T10,matsumae02,2024-07-09 12:02:20,2024-07-09 12:12:20,0.16666666666666669,0.0,0.16666666666666669,2.6370302711016373,41.503617,139.995667,41.52605,139.985417,2024-07-09,2024-07-09,2024
matsumae02_T11,matsumae02,2024-07-10 00:43:20,2024-07-10 09:36:19,8.883055555555556,6.6177777777777775,2.265277777777778,33.06783180595761,41.5457,139.9643,41.541633,139.967,2024-07-10,2024-07-10,2024
matsumae02_T12,matsumae02,2024-07-10 09:37:19,2024-07-10 09:37:19,0.0,0.0,0.0,0.14712435057207027,41.53935,139.968767,41.538183,139.9696,2024-07-10,2024-07-10,2024
matsumae02_T13,matsumae02,2024-07-10 09:41:19,2024-07-10 09:52:18,0.18305555555555555,0.0,0.18305555555555555,3.429127899571661,41.530017,139.975533,41.50235,139.9937,2024-07-10,2024-07-10,2024
matsumae02_T14,matsumae02,2024-07-10 10:11:19,2024-07-10 10:12:20,0.016944444444444446,0.0,0.016944444444444446,0.32541014287805153,41.453567,140.0183,41.45085,140.019733,2024-07-10,2024-07-10,2024
matsumae02_T15,matsumae02,2024-07-10 10:22:19,2024-07-10 10:29:20,0.11694444444444445,0.0,0.11694444444444445,2.136152583182393,41.428233,140.044267,41.417667,140.065583,2024-07-10,2024-07-10,2024
matsumae02_T16,matsumae02,2024-07-10 11:31:19,2024-07-10 11:40:20,0.1502777777777778,0.0,0.1502777777777778,2.176053365339823,41.41775,140.06555,41.428383,140.043767,2024-07-10,2024-07-10,2024
matsumae02_T17,matsumae02,2024-07-10 11:53:19,2024-07-10 11:55:19,0.03333333333333334,0.0,0.03333333333333334,0.37792611274069193,41.450483,140.018883,41.453617,140.01715,2024-07-10,2024-07-10,2024
matsumae02_T18,matsumae02,2024-07-10 12:16:20,2024-07-10 12:26:19,0.1663888888888889,0.0,0.1663888888888889,2.850421139328193,41.501,139.993617,41.525617,139.98425,2024-07-10,2024-07-10,2024
matsumae02_T19,matsumae02,2024-07-16 00:38:19,2024-07-16 06:45:20,6.116944444444445,5.166666666666667,0.9502777777777778,23.23800577648755,41.5523,139.963583,41.5507,139.963833,2024-07-16,2024-07-16,2024
matsumae02_T2,matsumae02,2024-06-19 05:36:19,2024-06-19 15:04:20,9.466944444444445,6.584722222222222,2.8822222222222225,35.713679552323434,41.558617,139.962283,41.5397,139.96815,2024-06-19,2024-06-19,2024
matsumae02_T20,matsumae02,2024-08-06 05:34:20,2024-08-06 07:50:19,2.266388888888889,1.7994444444444444,0.46694444444444444,11.709202276721395,41.552567,139.963367,41.558933,139.966967,2024-08-06,2024-08-06,2024
matsumae02_T21,matsumae02,2024-08-08 05:09:20,2024-08-08 08:50:19,3.6830555555555557,3.0505555555555555,0.6325000000000001,13.137548448134188,41.553267,139.9641,41.554383,139.96495,2024-08-08,2024-08-08,2024
matsumae02_T22,matsumae02,2024-08-11 04:25:19,2024-08-11 13:50:19,9.416666666666666,3.516388888888889,5.900277777777778,23.317470298802597,41.564067,139.961933,41.551667,139.9636,2024-08-11,2024-08-11,2024
matsumae02_T23,matsumae02,2024-09-10 05:48:19,2024-09-10 10:50:19,5.033333333333333,1.267777777777778,3.7655555555555553,21.32964251528446,41.550617,139.963167,41.54005,139.96695,2024-09-10,2024-09-10,2024
matsumae02_T24,matsumae02,2024-09-12 05:35:19,2024-09-12 11:12:20,5.616944444444445,3.1497222222222225,2.467222222222222,15.067138015978601,41.626233,139.9632,41.564,139.971517,2024-09-12,2024-09-12,2024
matsumae02_T25,matsumae02,2024-09-28 09:00:19,2024-09-28 09:38:19,0.6333333333333333,0.016666666666666666,0.6166666666666667,6.38025590904365,41.614767,139.949333,41.5624,139.9707,2024-09-28,2024-09-28,2024
matsumae02_T26,matsumae02,2024-10-09 05:01:19,2024-10-09 14:52:19,9.85,6.917222222222223,2.932777777777778,28.739994253277647,41.54065,139.967683,41.553533,139.963383,2024-10-09,2024-10-09,2024
matsumae02_T27,matsumae02,2024-10-11 08:06:19,2024-10-11 13:49:19,5.716666666666668,0.3661111111111111,5.350555555555556,15.251633120077631,41.5624,139.966967,41.564333,139.972467,2024-10-11,2024-10-11,2024
matsumae02_T28,matsumae02,2024-10-14 05:57:19,2024-10-14 13:51:20,7.900277777777778,4.33388888888889,3.566388888888889,34.09449234481166,41.557,139.965883,41.563517,139.9705,2024-10-14,2024-10-14,2024
matsumae02_T29,matsumae02,2024-10-17 04:52:19,2024-10-17 12:37:20,7.750277777777778,1.0008333333333335,6.749444444444444,16.853793959822106,41.562183,139.9703,41.556383,139.965183,2024-10-17,2024-10-17,2024
matsumae02_T3,matsumae02,2024-06-23 11:18:19,2024-06-23 15:55:18,4.616388888888889,3.617777777777778,0.9986111111111111,15.663713342220925,41.542267,139.9656,41.541333,139.966083,2024-06-23,2024-06-23,2024
matsumae02_T30,matsumae02,2024-10-26 10:50:20,2024-10-26 11:21:18,0.5161111111111111,0.0,0.5161111111111111,5.288240734937513,41.526633,139.982483,41.525717,139.98675,2024-10-26,2024-10-26,2024
matsumae02_T31,matsumae02,2024-10-26 12:30:20,2024-10-26 12:46:19,0.2663888888888889,0.06694444444444445,0.19944444444444445,2.848791515300664,41.525617,139.984117,41.501133,139.9939,2024-10-26,2024-10-26,2024
matsumae02_T32,matsumae02,2024-10-26 13:03:19,2024-10-26 13:03:19,0.0,0.0,0.0,0.0,41.466133,140.00805,41.466133,140.00805,2024-10-26,2024-10-26,2024
matsumae02_T33,matsumae02,2024-10-26 13:07:19,2024-10-26 13:14:20,0.11694444444444445,0.03333333333333334,0.08361111111111111,1.3374202646364592,41.456533,140.01175,41.445383,140.017733,2024-10-26,2024-10-26,2024
matsumae02_T34,matsumae02,2024-10-26 13:26:19,2024-10-26 14:49:19,1.3833333333333333,0.13361111111111112,1.2497222222222222,15.665021599562296,41.429767,140.032567,41.483483,139.99435,2024-10-26,2024-10-26,2024
matsumae02_T35,matsumae02,2024-10-26 14:54:19,2024-10-26 15:09:19,0.25,0.0,0.25,3.7692029261791467,41.493217,139.991017,41.52645,139.982317,2024-10-26,2024-10-26,2024
matsumae02_T36,matsumae02,2024-10-27 06:14:19,2024-10-27 10:28:19,4.233333333333333,1.0161111111111112,3.2172222222222224,35.45825748376668,41.548533,139.9635,41.528733,139.9774,2024-10-27,2024-10-27,2024
matsumae02_T37,matsumae02,2024-10-27 13:07:20,2024-10-27 13:23:20,0.26666666666666666,0.0,0.26666666666666666,3.8734557236450615,41.526617,139.982717,41.4929,139.99095,2024-10-27,2024-10-27,2024
matsumae02_T38,matsumae02,2024-10-27 13:33:19,2024-10-27 13:34:19,0.016666666666666666,0.0,0.016666666666666666,0.23128471817857182,41.472467,140.002333,41.47065,140.003683,2024-10-27,2024-10-27,2024
matsumae02_T39,matsumae02,2024-10-27 13:35:19,2024-10-27 13:37:19,0.03333333333333333,0.0,0.03333333333333333,0.3409992960770969,41.468817,140.005,41.466067,140.0068,2024-10-27,2024-10-27,2024
matsumae02_T4,matsumae02,2024-06-29 11:42:21,2024-06-29 17:58:19,6.266111111111111,3.1991666666666667,3.0669444444444443,27.07549425875946,41.5636,139.962933,41.55805,139.966333,2024-06-29,2024-06-29,2024
matsumae02_T40,matsumae02,2024-10-27 13:42:19,2024-10-27 14:24:20,0.7002777777777778,0.0,0.7002777777777778,9.214709641522083,41.4568,140.0116,41.5262,139.984633,2024-10-27,2024-10-27,2024
matsumae02_T41,matsumae02,2024-10-29 05:39:19,2024-10-29 10:34:19,4.916666666666667,4.1177777777777775,0.798888888888889,11.653767218370694,41.539183,139.96815,41.53855,139.96865,2024-10-29,2024-10-29,2024
matsumae02_T42,matsumae02,2024-10-30 06:06:20,2024-10-30 08:59:19,2.8830555555555555,2.5494444444444446,0.33361111111111114,4.687792089302472,41.539483,139.967217,41.541183,139.96615,2024-10-30,2024-10-30,2024
matsumae02_T43,matsumae02,2024-11-01 06:03:19,2024-11-01 10:08:20,4.083611111111111,3.334722222222222,0.7488888888888889,8.509972907113266,41.539367,139.967367,41.5398,139.966767,2024-11-01,2024-11-01,2024
matsumae02_T44,matsumae02,2024-11-01 10:09:19,2024-11-01 10:40:20,0.5169444444444444,0.48361111111111116,0.03333333333333333,0.6792246036902416,41.539467,139.968383,41.540067,139.967117,2024-11-01,2024-11-01,2024
matsumae02_T45,matsumae02,2024-11-01 10:41:20,2024-11-01 11:12:21,0.5169444444444444,0.5005555555555555,0.01638888888888889,0.595020230260593,41.540183,139.96745,41.5403,139.966867,2024-11-01,2024-11-01,2024
matsumae02_T46,matsumae02,2024-11-01 11:13:19,2024-11-01 11:34:19,0.35000000000000003,0.35000000000000003,0.0,0.306395464764908,41.539983,139.967183,41.540283,139.9672,2024-11-01,2024-11-01,2024
matsumae02_T47,matsumae02,2024-11-01 11:35:20,2024-11-01 12:12:20,0.6166666666666667,0.5672222222222223,0.049444444444444444,1.057121189080714,41.540533,139.967567,41.5405,139.967417,2024-11-01,2024-11-01,2024
matsumae02_T48,matsumae02,2024-11-02 06:01:19,2024-11-02 11:04:20,5.050277777777778,4.266666666666667,0.7836111111111111,10.241920280596839,41.539683,139.9675,41.5401,139.9668,2024-11-02,2024-11-02,2024
matsumae02_T49,matsumae02,2024-11-06 06:10:20,2024-11-06 11:31:20,5.3500000000000005,4.333611111111111,1.016388888888889,19.94120929414464,41.53925,139.9681,41.53995,139.9668,2024-11-06,2024-11-06,2024
matsumae02_T5,matsumae02,2024-07-09 00:38:19,2024-07-09 10:01:20,9.383611111111112,6.868333333333333,2.515277777777778,38.17565756367365,41.542,139.965633,41.462817,140.00665,2024-07-09,2024-07-09,2024
matsumae02_T50,matsumae02,2024-11-10 06:14:19,2024-11-10 11:19:19,5.083333333333333,4.782777777777778,0.3005555555555556,6.090002725942478,41.54025,139.9673,41.539683,139.967983,2024-11-10,2024-11-10,2024
matsumae02_T51,matsumae02,2024-11-12 06:04:19,2024-11-12 09:41:19,3.6166666666666667,3.266388888888889,0.3502777777777778,4.662899160679689,41.540233,139.967367,41.542283,139.965533,2024-11-12,2024-11-12,2024
matsumae02_T52,matsumae02,2024-11-14 06:11:20,2024-11-14 10:57:20,4.766666666666667,3.733611111111111,1.0330555555555556,17.040280505321288,41.539733,139.9678,41.5432,139.965817,2024-11-14,2024-11-14,2024
matsumae02_T53,matsumae02,2024-11-14 11:36:20,2024-11-14 11:45:19,0.14972222222222223,0.09972222222222223,0.049999999999999996,0.47475181840389596,41.540483,139.96735,41.5395,139.968717,2024-11-14,2024-11-14,2024
matsumae02_T54,matsumae02,2024-11-15 06:23:19,2024-11-15 07:33:20,1.1669444444444446,0.966388888888889,0.20055555555555557,3.6135621182356528,41.5397,139.967717,41.543917,139.965567,2024-11-15,2024-11-15,2024
matsumae02_T55,matsumae02,2024-11-15 07:34:20,2024-11-15 09:14:20,1.6666666666666667,1.3833333333333333,0.2833333333333333,4.86515219999921,41.543983,139.965583,41.542283,139.96615,2024-11-15,2024-11-15,2024
matsumae02_T56,matsumae02,2024-11-15 09:17:19,2024-11-15 09:19:20,0.03361111111111111,0.03361111111111111,0.0,0.03554936575588698,41.542067,139.966683,41.541783,139.9666,2024-11-15,2024-11-15,2024
matsumae02_T57,matsumae02,2024-11-15 09:39:20,2024-11-15 09:39:20,0.0,0.0,0.0,0.0,41.54125,139.96725,41.54125,139.96725,2024-11-15,2024-11-15,2024
matsumae02_T58,matsumae02,2024-11-15 10:59:19,2024-11-15 11:06:20,0.11694444444444445,0.10027777777777779,0.016666666666666666,0.26143248046763007,41.540167,139.968017,41.5401,139.967633,2024-11-15,2024-11-15,2024
matsumae02_T59,matsumae02,2024-11-16 06:10:19,2024-11-16 08:52:20,2.700277777777778,2.149166666666667,0.5511111111111111,10.142619480977551,41.539533,139.967733,41.541167,139.9667,2024-11-16,2024-11-16,2024
matsumae02_T6,matsumae02,2024-07-09 10:02:19,2024-07-09 10:07:19,0.08333333333333333,0.0,0.08333333333333333,1.436750526854097,41.460317,140.008317,41.44925,140.0172,2024-07-09,2024-07-09,2024
matsumae02_T60,matsumae02,2024-11-20 06:35:19,2024-11-20 07:02:20,0.4502777777777778,0.3333333333333333,0.11694444444444445,1.217214336843569,41.539967,139.968267,41.541883,139.966667,2024-11-20,2024-11-20,2024
matsumae02_T61,matsumae02,2024-11-20 07:33:20,2024-11-20 10:55:19,3.366388888888889,2.3002777777777776,1.0661111111111112,14.803273925392546,41.540317,139.967317,41.5409,139.966467,2024-11-20,2024-11-20,2024
matsumae02_T62,matsumae02,2024-11-21 06:25:19,2024-11-21 06:40:19,0.25,0.13333333333333333,0.11666666666666667,1.3201771908943847,41.540717,139.967217,41.541283,139.967133,2024-11-21,2024-11-21,2024
matsumae02_T63,matsumae02,2024-11-21 06:47:20,2024-11-21 07:53:20,1.1,0.8841666666666667,0.21583333333333332,3.328765036538195,41.5412,139.966467,41.5424,139.966283,2024-11-21,2024-11-21,2024
matsumae02_T64,matsumae02,2024-11-21 08:24:20,2024-11-21 12:17:19,3.8830555555555555,2.700277777777778,1.182777777777778,14.642559394501712,41.562517,139.966817,41.558183,139.966633,2024-11-21,2024-11-21,2024
matsumae02_T65,matsumae02,2024-11-25 06:28:19,2024-11-25 14:18:19,7.833333333333333,6.317222222222222,1.516111111111111,14.25883177583733,41.565517,139.971567,41.564017,139.97165,2024-11-25,2024-11-25,2024
matsumae02_T66,matsumae02,2024-12-02 06:45:20,2024-12-02 09:15:20,2.5,0.9836111111111112,1.5163888888888888,10.0810867873926,41.580183,139.97395,41.563567,139.971733,2024-12-02,2024-12-02,2024
matsumae02_T67,matsumae02,2024-12-02 09:38:20,2024-12-02 11:48:19,2.166388888888889,1.9833333333333334,0.18305555555555555,2.761417405459485,41.5409,139.966667,41.542233,139.966117,2024-12-02,2024-12-02,2024
matsumae02_T68,matsumae02,2024-12-21 06:51:19,2024-12-21 14:00:19,7.15,4.316944444444444,2.8330555555555557,11.591057842539307,41.56385,139.967767,41.563283,139.97175,2024-12-21,2024-12-21,2024
matsumae02_T69,matsumae02,2024-12-25 07:45:20,2024-12-25 13:37:19,5.866388888888889,4.901388888888889,0.965,14.24683096759264,41.586417,139.9742,41.563317,139.971667,2024-12-25,2024-12-25,2024
matsumae02_T7,matsumae02,2024-07-09 10:16:20,2024-07-09 10:24:20,0.13333333333333333,0.0,0.13333333333333333,2.5313641479287985,41.42825,140.041783,41.41505,140.066417,2024-07-09,2024-07-09,2024
matsumae02_T8,matsumae02,2024-07-09 11:15:19,2024-07-09 11:24:19,0.15,0.0,0.15,2.0605989201403463,41.41825,140.065733,41.428467,140.0452,2024-07-09,2024-07-09,2024
matsumae02_T9,matsumae02,2024-07-09 11:37:19,2024-07-09 11:39:20,0.03361111111111111,0.0,0.03361111111111111,0.3654898144401575,41.4498,140.019917,41.4529,140.018467,2024-07-09,2024-07-09,2024
matsumae03_T1,matsumae03,2024-01-29 05:08:14,2024-01-29 16:31:15,11.383611111111112,9.433333333333334,1.9502777777777778,40.24901305443493,41.46955,140.002883,41.4708,140.00325,2024-01-29,2024-01-29,2024
matsumae03_T10,matsumae03,2024-09-07 08:50:14,2024-09-07 12:35:14,3.75,1.3,2.45,40.413425303390376,41.473217,140.00055,41.471017,140.004433,2024-09-07,2024-09-07,2024
matsumae03_T11,matsumae03,2024-10-26 12:31:15,2024-10-26 15:31:15,3.0,0.016666666666666666,2.9833333333333334,29.706247222165082,41.512667,139.948417,41.459333,140.009067,2024-10-26,2024-10-26,2024
matsumae03_T12,matsumae03,2024-10-27 06:46:15,2024-10-27 06:49:14,0.04972222222222222,0.0,0.04972222222222222,0.3803102605415718,41.453183,140.018333,41.45,140.02,2024-10-27,2024-10-27,2024
matsumae03_T13,matsumae03,2024-10-27 07:07:15,2024-10-27 08:21:14,1.2330555555555556,0.3161111111111111,0.9169444444444445,9.244103241528087,41.42835,140.040517,41.402267,140.090617,2024-10-27,2024-10-27,2024
matsumae03_T14,matsumae03,2024-10-27 08:35:14,2024-10-27 08:59:15,0.4002777777777778,0.0,0.4002777777777778,3.4303889845114073,41.411,140.069167,41.428717,140.035967,2024-10-27,2024-10-27,2024
matsumae03_T15,matsumae03,2024-10-27 09:21:15,2024-10-27 09:27:14,0.09972222222222223,0.0,0.09972222222222223,0.9279938037738638,41.448367,140.017733,41.455967,140.013167,2024-10-27,2024-10-27,2024
matsumae03_T16,matsumae03,2024-10-27 09:35:14,2024-10-27 09:43:14,0.13333333333333333,0.0,0.13333333333333333,1.1154274382823868,41.465533,140.0067,41.474267,140.000133,2024-10-27,2024-10-27,2024
matsumae03_T17,matsumae03,2024-10-27 10:05:15,2024-10-27 10:33:14,0.4663888888888889,0.08361111111111111,0.3827777777777778,3.649197019015927,41.493483,139.991133,41.492483,139.990917,2024-10-27,2024-10-27,2024
matsumae03_T18,matsumae03,2024-10-30 02:51:14,2024-10-30 08:55:14,6.066666666666666,3.516388888888889,2.5502777777777776,33.723104774053965,41.483767,139.9936,41.476867,139.997017,2024-10-30,2024-10-30,2024
matsumae03_T19,matsumae03,2024-11-15 02:43:14,2024-11-15 09:30:15,6.783611111111111,3.7505555555555556,3.033055555555556,48.145008967725865,41.467383,140.005417,41.455217,140.0138,2024-11-15,2024-11-15,2024
matsumae03_T2,matsumae03,2024-01-31 04:49:14,2024-01-31 11:35:15,6.766944444444444,4.350555555555555,2.416388888888889,45.77952832199712,41.468617,140.002983,41.474683,139.9978,2024-01-31,2024-01-31,2024
matsumae03_T3,matsumae03,2024-02-06 04:08:14,2024-02-06 15:22:14,11.233333333333333,0.41694444444444445,10.816388888888888,45.105315918276986,41.467983,140.005367,41.47415,139.998683,2024-02-06,2024-02-06,2024
matsumae03_T4,matsumae03,2024-02-18 05:05:15,2024-02-18 10:36:14,5.516388888888889,3.1497222222222225,2.3666666666666667,41.77712055096352,41.469167,140.002733,41.4737,139.999683,2024-02-18,2024-02-18,2024
matsumae03_T5,matsumae03,2024-07-10 01:00:15,2024-07-10 09:59:15,8.983333333333334,6.6658333333333335,2.3175,39.652820997294015,41.48225,139.995467,41.49865,139.9912,2024-07-10,2024-07-10,2024
matsumae03_T6,matsumae03,2024-07-17 00:56:15,2024-07-17 09:57:14,9.016388888888889,5.966666666666667,3.0497222222222224,46.73465838285308,41.4935,139.990933,41.414067,140.066283,2024-07-17,2024-07-17,2024
matsumae03_T7,matsumae03,2024-07-17 13:45:14,2024-07-17 13:50:14,0.08333333333333334,0.0,0.08333333333333334,2.006484116376775,41.417783,140.065417,41.4279,140.04555,2024-07-17,2024-07-17,2024
matsumae03_T8,matsumae03,2024-07-17 14:02:15,2024-07-17 14:04:14,0.03305555555555556,0.0,0.03305555555555556,0.5591940446214703,41.449733,140.0189,41.454383,140.016383,2024-07-17,2024-07-17,2024
matsumae03_T9,matsumae03,2024-08-07 01:45:14,2024-08-07 10:30:14,8.75,5.766666666666667,2.9833333333333334,49.34579151481779,41.494683,139.99015,41.494383,139.990633,2024-08-07,2024-08-07,2024
matsumae04_T0,matsumae04,2024-05-20 14:52:49,2024-05-20 15:03:50,0.1836111111111111,0.0,0.1836111111111111,3.505092314266052,41.528117,139.979167,41.4981,139.99105,2024-05-20,2024-05-20,2024
matsumae04_T1,matsumae04,2024-05-22 13:03:50,2024-05-22 13:07:50,0.06666666666666668,0.0,0.06666666666666668,1.6297598208667563,41.4571,140.0114,41.443333,140.018033,2024-05-22,2024-05-22,2024
matsumae04_T10,matsumae04,2024-07-16 11:06:49,2024-07-16 11:12:49,0.1,0.0,0.1,1.9818236029431584,41.418217,140.0645,41.42855,140.045267,2024-07-16,2024-07-16,2024
matsumae04_T11,matsumae04,2024-07-16 11:24:49,2024-07-16 11:25:50,0.016944444444444446,0.0,0.016944444444444446,0.29150969786734,41.450183,140.020533,41.452567,140.019083,2024-07-16,2024-07-16,2024
matsumae04_T12,matsumae04,2024-08-01 08:28:49,2024-08-01 08:42:49,0.23333333333333334,0.0,0.23333333333333334,4.038744624531593,41.49985,139.9921,41.5328,139.972,2024-08-01,2024-08-01,2024
matsumae04_T13,matsumae04,2024-08-01 08:44:51,2024-08-01 10:40:49,1.9327777777777777,0.35000000000000003,1.5827777777777778,18.665678754965846,41.538383,139.968883,41.49965,139.992083,2024-08-01,2024-08-01,2024
matsumae04_T14,matsumae04,2024-08-02 06:03:50,2024-08-02 08:58:49,2.9163888888888887,0.4336111111111111,2.4827777777777778,30.230569198573153,41.497033,139.9914,41.498217,139.99115,2024-08-02,2024-08-02,2024
matsumae04_T15,matsumae04,2024-08-08 06:25:49,2024-08-08 09:26:50,3.0169444444444444,0.7330555555555556,2.283888888888889,25.2231204127632,41.499333,139.9912,41.498167,139.991067,2024-08-08,2024-08-08,2024
matsumae04_T16,matsumae04,2024-08-09 06:10:49,2024-08-09 06:25:49,0.25,0.0,0.25,4.084123333132106,41.497317,139.991817,41.53115,139.973083,2024-08-09,2024-08-09,2024
matsumae04_T17,matsumae04,2024-08-09 06:27:49,2024-08-09 06:27:49,0.0,0.0,0.0,0.03385470488872986,41.532233,139.972333,41.53195,139.972183,2024-08-09,2024-08-09,2024
matsumae04_T18,matsumae04,2024-08-09 06:31:49,2024-08-09 09:02:50,2.5169444444444444,0.8166666666666667,1.7002777777777778,21.22967688044666,41.538567,139.969183,41.49935,139.991283,2024-08-09,2024-08-09,2024
matsumae04_T19,matsumae04,2024-08-16 07:40:49,2024-08-16 09:51:49,2.1833333333333336,0.26611111111111113,1.9172222222222224,20.16401239580556,41.499267,139.9928,41.49565,139.990467,2024-08-16,2024-08-16,2024
matsumae04_T2,matsumae04,2024-05-22 13:13:49,2024-05-22 13:22:50,0.1502777777777778,0.0,0.1502777777777778,3.6182197284276354,41.42895,140.034,41.410867,140.0694,2024-05-22,2024-05-22,2024
matsumae04_T20,matsumae04,2024-08-19 01:32:49,2024-08-19 07:01:48,5.483055555555556,3.0997222222222223,2.3833333333333333,40.66752985054685,41.480833,139.9959,41.49785,139.991783,2024-08-19,2024-08-19,2024
matsumae04_T21,matsumae04,2024-08-20 01:26:49,2024-08-20 07:07:50,5.683611111111111,2.7,2.983611111111111,49.267082859573044,41.472033,140.002633,41.468433,140.003733,2024-08-20,2024-08-20,2024
matsumae04_T22,matsumae04,2024-08-28 01:47:50,2024-08-28 07:03:49,5.266388888888889,1.9319444444444445,3.3344444444444443,46.601771583365085,41.478617,139.99615,41.401633,140.088917,2024-08-28,2024-08-28,2024
matsumae04_T23,matsumae04,2024-08-28 07:12:49,2024-08-28 07:20:49,0.13333333333333333,0.0,0.13333333333333333,2.2935516887149228,41.41515,140.066083,41.428117,140.044717,2024-08-28,2024-08-28,2024
matsumae04_T24,matsumae04,2024-08-28 07:32:49,2024-08-28 07:33:49,0.016666666666666666,0.0,0.016666666666666666,0.27698357474361635,41.450483,140.019833,41.452833,140.018733,2024-08-28,2024-08-28,2024
matsumae04_T25,matsumae04,2024-08-29 01:44:49,2024-08-29 07:08:49,5.4,1.8005555555555557,3.5994444444444444,42.674086754960896,41.480783,139.995217,41.552267,139.96405,2024-08-29,2024-08-29,2024
matsumae04_T26,matsumae04,2024-08-29 07:14:50,2024-08-29 07:14:50,0.0,0.0,0.0,0.0,41.538183,139.9696,41.538183,139.9696,2024-08-29,2024-08-29,2024
matsumae04_T27,matsumae04,2024-08-29 07:16:49,2024-08-29 07:30:49,0.23333333333333334,0.0,0.23333333333333334,4.1260989119369915,41.533333,139.97145,41.499717,139.99155,2024-08-29,2024-08-29,2024
matsumae04_T28,matsumae04,2024-09-09 01:59:49,2024-09-09 06:58:49,4.983333333333333,2.932777777777778,2.0505555555555555,36.244474003300105,41.476517,139.997817,41.490717,139.989767,2024-09-09,2024-09-09,2024
matsumae04_T29,matsumae04,2024-09-13 02:19:49,2024-09-13 07:16:49,4.95,2.8833333333333333,2.066666666666667,39.34797895596418,41.48355,139.9937,41.491867,139.99015,2024-09-13,2024-09-13,2024
matsumae04_T3,matsumae04,2024-05-22 15:28:49,2024-05-22 15:37:50,0.1502777777777778,0.0,0.1502777777777778,2.68307462770632,41.415883,140.06585,41.4287,140.038817,2024-05-22,2024-05-22,2024
matsumae04_T30,matsumae04,2024-09-17 02:29:49,2024-09-17 07:02:49,4.55,1.9658333333333333,2.584166666666667,38.27747115098184,41.48095,139.996233,41.490083,139.990733,2024-09-17,2024-09-17,2024
matsumae04_T31,matsumae04,2024-09-28 02:41:50,2024-09-28 07:18:49,4.616388888888889,2.3825,2.233888888888889,37.58376527395377,41.4805,139.995717,41.4992,139.9925,2024-09-28,2024-09-28,2024
matsumae04_T32,matsumae04,2024-09-29 02:39:49,2024-09-29 08:07:50,5.466944444444445,2.8008333333333333,2.6661111111111113,40.06373802853256,41.485133,139.992917,41.496717,139.991233,2024-09-29,2024-09-29,2024
matsumae04_T33,matsumae04,2024-10-01 02:47:49,2024-10-01 07:43:49,4.933333333333334,2.7661111111111114,2.167222222222222,37.984734063935065,41.48225,139.995167,41.4969,139.99045,2024-10-01,2024-10-01,2024
matsumae04_T34,matsumae04,2024-10-18 03:00:49,2024-10-18 07:50:49,4.833333333333333,2.7680555555555557,2.0652777777777778,32.38591795826417,41.473767,140.0003,41.487933,139.990767,2024-10-18,2024-10-18,2024
matsumae04_T35,matsumae04,2024-10-26 03:07:49,2024-10-26 08:49:49,5.7,3.866388888888889,1.833611111111111,32.44823664414153,41.48005,139.994567,41.49105,139.990433,2024-10-26,2024-10-26,2024
matsumae04_T36,matsumae04,2024-10-26 10:58:49,2024-10-26 15:02:50,4.066944444444444,0.0,4.066944444444444,39.532909221348135,41.4763,139.997617,41.4376,140.020567,2024-10-26,2024-10-26,2024
matsumae04_T37,matsumae04,2024-10-26 15:06:50,2024-10-26 15:09:49,0.04972222222222222,0.0,0.04972222222222222,0.8101790705700055,41.447117,140.0174,41.454183,140.015033,2024-10-26,2024-10-26,2024
matsumae04_T38,matsumae04,2024-10-27 06:07:49,2024-10-27 10:38:49,4.516666666666667,0.4172222222222222,4.099444444444445,37.52766514899607,41.488217,139.9911,41.4906,139.991283,2024-10-27,2024-10-27,2024
matsumae04_T39,matsumae04,2024-10-30 03:07:49,2024-10-30 08:11:50,5.066944444444444,2.5997222222222223,2.4672222222222224,40.111669613077794,41.47935,139.99515,41.496183,139.990917,2024-10-30,2024-10-30,2024
matsumae04_T4,matsumae04,2024-05-22 15:46:49,2024-05-22 15:48:50,0.03361111111111111,0.0,0.03361111111111111,0.8387323911370357,41.449167,140.0175,41.45595,140.01315,2024-05-22,2024-05-22,2024
matsumae04_T40,matsumae04,2024-11-14 07:37:50,2024-11-14 07:48:49,0.18305555555555555,0.0,0.18305555555555555,3.4510531237935296,41.499567,139.992567,41.528383,139.9773,2024-11-14,2024-11-14,2024
matsumae04_T5,matsumae04,2024-05-22 15:52:50,2024-05-22 15:53:50,0.016666666666666666,0.0,0.016666666666666666,0.27414328372888935,41.465133,140.0067,41.467583,140.006733,2024-05-22,2024-05-22,2024
matsumae04_T6,matsumae04,2024-07-09 01:10:49,2024-07-09 07:33:49,6.383333333333334,4.448888888888889,1.9344444444444444,30.6947959153572,41.476367,139.9972,41.4916,139.989917,2024-07-09,2024-07-09,2024
matsumae04_T7,matsumae04,2024-07-10 00:58:50,2024-07-10 09:37:50,8.65,6.898611111111111,1.7513888888888889,33.68110323441287,41.476333,139.997867,41.4919,139.99035,2024-07-10,2024-07-10,2024
matsumae04_T8,matsumae04,2024-07-16 01:02:49,2024-07-16 08:58:49,7.933333333333334,5.7347222222222225,2.198611111111111,39.55747170402044,41.47905,139.995283,41.4429,140.017183,2024-07-16,2024-07-16,2024
matsumae04_T9,matsumae04,2024-07-16 09:05:49,2024-07-16 09:13:49,0.13333333333333333,0.0,0.13333333333333333,2.4774786471997867,41.428217,140.04275,41.415067,140.066533,2024-07-16,2024-07-16,2024
matsumae05_T1,matsumae05,2024-06-25 09:02:10,2024-06-25 09:13:10,0.18333333333333335,0.0,0.18333333333333335,2.6869984396931095,41.525367,139.9862,41.502033,139.9943,2024-06-25,2024-06-25,2024
matsumae05_T10,matsumae05,2024-08-07 10:31:09,2024-08-07 10:36:09,0.08333333333333334,0.0,0.08333333333333334,1.6944760407052533,41.419117,140.0648,41.429083,140.049433,2024-08-07,2024-08-07,2024
matsumae05_T11,matsumae05,2024-10-26 03:31:11,2024-10-26 08:51:09,5.332777777777778,2.9494444444444445,2.3833333333333333,38.30990941910541,41.412417,139.909433,41.458267,140.01025,2024-10-26,2024-10-26,2024
matsumae05_T12,matsumae05,2024-10-26 11:18:10,2024-10-26 11:46:09,0.4663888888888889,0.0,0.4663888888888889,3.419475466544372,41.499817,139.993017,41.52835,139.978367,2024-10-26,2024-10-26,2024
matsumae05_T13,matsumae05,2024-10-26 12:10:09,2024-10-26 14:57:10,2.783611111111111,0.05055555555555556,2.7330555555555556,28.486250849074725,41.546883,139.964217,41.4301,140.031783,2024-10-26,2024-10-26,2024
matsumae05_T14,matsumae05,2024-10-26 15:13:10,2024-10-26 15:14:10,0.016666666666666666,0.0,0.016666666666666666,0.1169803918872439,41.45155,140.022283,41.452533,140.021783,2024-10-26,2024-10-26,2024
matsumae05_T15,matsumae05,2024-10-27 07:10:09,2024-10-27 07:19:09,0.15,0.0,0.15,1.5920600334422432,41.429483,140.051617,41.41955,140.065333,2024-10-27,2024-10-27,2024
matsumae05_T16,matsumae05,2024-10-27 07:39:09,2024-10-27 08:13:10,0.5669444444444445,0.2833333333333333,0.2836111111111111,3.286227759995423,41.40485,140.1031,41.40635,140.105867,2024-10-27,2024-10-27,2024
matsumae05_T17,matsumae05,2024-10-27 08:40:09,2024-10-27 08:51:10,0.1836111111111111,0.0,0.1836111111111111,1.5532959147254515,41.4209,140.065917,41.430333,140.052283,2024-10-27,2024-10-27,2024
matsumae05_T18,matsumae05,2024-10-27 10:12:09,2024-10-27 10:27:10,0.25027777777777777,0.04972222222222222,0.20055555555555557,1.8430671043165487,41.5052,139.99745,41.50485,139.9971,2024-10-27,2024-10-27,2024
matsumae05_T19,matsumae05,2024-10-30 03:34:09,2024-10-30 07:37:09,4.05,2.816388888888889,1.2336111111111112,19.478744832756618,41.468533,140.005033,41.465217,140.006017,2024-10-30,2024-10-30,2024
matsumae05_T2,matsumae05,2024-07-10 01:28:10,2024-07-10 08:23:09,6.916388888888889,4.0825000000000005,2.833888888888889,39.903619982682386,41.4731,140.001333,41.451133,140.021817,2024-07-10,2024-07-10,2024
matsumae05_T20,matsumae05,2024-11-01 02:38:08,2024-11-01 09:21:10,6.717222222222222,3.100277777777778,3.6169444444444445,56.36886395942393,41.458333,140.009983,41.45685,140.01195,2024-11-01,2024-11-01,2024
matsumae05_T21,matsumae05,2024-11-06 02:42:10,2024-11-06 09:36:09,6.8997222222222225,3.251388888888889,3.6483333333333334,53.73245343356398,41.457133,140.011033,41.4567,140.01235,2024-11-06,2024-11-06,2024
matsumae05_T22,matsumae05,2024-11-10 02:42:09,2024-11-10 09:43:09,7.016666666666667,0.5163888888888889,6.500277777777778,48.671099450923506,41.458167,140.008533,41.457933,140.009917,2024-11-10,2024-11-10,2024
matsumae05_T23,matsumae05,2024-11-14 02:38:10,2024-11-14 09:47:10,7.15,3.6333333333333333,3.5166666666666666,54.56328074562575,41.459533,140.00845,41.456967,140.010283,2024-11-14,2024-11-14,2024
matsumae05_T24,matsumae05,2024-11-15 02:37:09,2024-11-15 09:27:09,6.833333333333334,3.383611111111111,3.4497222222222224,52.51261663265477,41.458233,140.010317,41.457483,140.010767,2024-11-15,2024-11-15,2024
matsumae05_T25,matsumae05,2024-12-04 04:05:10,2024-12-04 09:22:09,5.283055555555555,1.4333333333333333,3.8497222222222223,60.530210051573576,41.463183,140.004983,41.458833,140.007967,2024-12-04,2024-12-04,2024
matsumae05_T26,matsumae05,2024-12-21 04:14:10,2024-12-21 08:33:09,4.316388888888889,3.0166666666666666,1.2997222222222222,20.010347774991228,41.46695,140.007383,41.466617,140.007767,2024-12-21,2024-12-21,2024
matsumae05_T3,matsumae05,2024-07-10 08:35:09,2024-07-10 08:41:10,0.10027777777777779,0.0,0.10027777777777779,1.945020200069461,41.4284,140.046283,41.41845,140.065467,2024-07-10,2024-07-10,2024
matsumae05_T4,matsumae05,2024-07-10 09:19:09,2024-07-10 09:27:09,0.13333333333333333,0.0,0.13333333333333333,1.9593239724759048,41.41895,140.06485,41.428617,140.045833,2024-07-10,2024-07-10,2024
matsumae05_T5,matsumae05,2024-07-16 01:20:10,2024-07-16 08:38:09,7.299722222222222,4.100833333333333,3.198888888888889,46.05760360615657,41.487283,139.99215,41.442783,140.01785,2024-07-16,2024-07-16,2024
matsumae05_T6,matsumae05,2024-07-16 08:48:10,2024-07-16 08:54:09,0.09972222222222223,0.0,0.09972222222222223,1.7589292050440617,41.428867,140.047433,41.420383,140.06515,2024-07-16,2024-07-16,2024
matsumae05_T7,matsumae05,2024-07-16 10:21:10,2024-07-16 10:26:09,0.08305555555555556,0.0,0.08305555555555556,1.5038426967486038,41.421483,140.064917,41.429167,140.050083,2024-07-16,2024-07-16,2024
matsumae05_T8,matsumae05,2024-08-07 01:57:09,2024-08-07 09:11:10,7.233611111111111,4.166388888888889,3.0672222222222225,42.123625185788924,41.4881,139.992,41.449233,140.0188,2024-08-07,2024-08-07,2024
matsumae05_T9,matsumae05,2024-08-07 09:25:10,2024-08-07 09:32:10,0.11666666666666667,0.0,0.11666666666666667,1.6076299137452053,41.429117,140.05155,41.4197,140.06575,2024-08-07,2024-08-07,2024
matsumae06_T0,matsumae06,2024-06-01 13:56:24,2024-06-01 14:01:24,0.08333333333333334,0.0,0.08333333333333334,1.5276964484318563,41.395483,140.201433,41.397717,140.184,2024-06-01,2024-06-01,2024
matsumae06_T1,matsumae06,2024-06-06 13:25:24,2024-06-06 13:32:25,0.11694444444444445,0.0,0.11694444444444445,2.5709181452181764,41.40975,140.1452,41.414367,140.115033,2024-06-06,2024-06-06,2024
matsumae06_T10,matsumae06,2024-07-16 07:28:24,2024-07-16 07:35:25,0.11694444444444445,0.0,0.11694444444444445,2.7474722462732237,41.41495,140.11355,41.41105,140.145967,2024-07-16,2024-07-16,2024
matsumae06_T11,matsumae06,2024-07-17 00:40:25,2024-07-17 00:50:24,0.1663888888888889,0.0,0.1663888888888889,3.7350936209018464,41.407,140.146533,41.403733,140.102067,2024-07-17,2024-07-17,2024
matsumae06_T12,matsumae06,2024-07-17 00:55:24,2024-07-17 09:10:24,8.25,5.250555555555556,2.9994444444444444,54.92958602686104,41.40605,140.075167,41.418917,140.064667,2024-07-17,2024-07-17,2024
matsumae06_T13,matsumae06,2024-07-17 11:22:24,2024-07-17 11:27:24,0.08333333333333334,0.0,0.08333333333333334,2.5626081030070313,41.4146,140.1151,41.41175,140.145533,2024-07-17,2024-07-17,2024
matsumae06_T14,matsumae06,2024-08-10 10:19:25,2024-08-10 14:51:25,4.533333333333333,1.9500000000000002,2.5833333333333335,58.35557743697104,41.403283,140.149017,41.405467,140.075617,2024-08-10,2024-08-10,2024
matsumae06_T15,matsumae06,2024-08-10 14:56:25,2024-08-10 15:10:25,0.23333333333333334,0.016666666666666666,0.21666666666666667,4.36503068413751,41.403033,140.101517,41.4074,140.14565,2024-08-10,2024-08-10,2024
matsumae06_T16,matsumae06,2024-08-25 08:42:24,2024-09-08 06:52:24,334.1666666666667,0.03333333333333334,334.1333333333334,13.3755674459121,41.3967,140.179017,41.398417,140.183067,2024-08-25,2024-09-08,2024
matsumae06_T17,matsumae06,2024-09-08 06:55:24,2024-09-08 07:15:25,0.33361111111111114,0.0,0.33361111111111114,3.465746647305944,41.397367,140.1817,41.39775,140.18145,2024-09-08,2024-09-08,2024
matsumae06_T18,matsumae06,2024-09-11 05:42:24,2024-09-11 06:09:24,0.45,0.13361111111111112,0.3163888888888889,3.9262796073725523,41.397133,140.1813,41.39755,140.180817,2024-09-11,2024-09-11,2024
matsumae06_T19,matsumae06,2024-09-13 05:22:24,2024-09-13 06:08:24,0.7666666666666667,0.48333333333333334,0.2833333333333333,5.9999446931961025,41.396717,140.180683,41.3974,140.184517,2024-09-13,2024-09-13,2024
matsumae06_T2,matsumae06,2024-06-14 10:27:25,2024-06-14 10:32:24,0.08305555555555556,0.0,0.08305555555555556,2.7305019850714993,41.4126,140.111867,41.40935,140.144233,2024-06-14,2024-06-14,2024
matsumae06_T20,matsumae06,2024-10-13 06:52:24,2024-10-13 07:48:25,0.9336111111111112,0.016666666666666666,0.9169444444444445,16.105969690988672,41.39485,140.16625,41.396133,140.18105,2024-10-13,2024-10-13,2024
matsumae06_T21,matsumae06,2024-10-13 08:13:25,2024-10-13 10:06:25,1.8833333333333333,0.03333333333333334,1.85,26.284600871058117,41.3937,140.16715,41.397117,140.182883,2024-10-13,2024-10-13,2024
matsumae06_T22,matsumae06,2024-10-14 05:34:25,2024-10-14 09:44:24,4.166388888888889,0.3491666666666667,3.8172222222222225,48.74563099846706,41.39465,140.16665,41.394333,140.173133,2024-10-14,2024-10-14,2024
matsumae06_T23,matsumae06,2024-10-17 03:17:25,2024-10-17 08:53:24,5.599722222222223,3.0497222222222224,2.5500000000000003,46.133769152442945,41.39625,140.1606,41.3981,140.18255,2024-10-17,2024-10-17,2024
matsumae06_T24,matsumae06,2024-10-17 09:01:24,2024-10-17 09:08:25,0.11694444444444445,0.0,0.11694444444444445,2.8838429012298032,41.4081,140.146917,41.41435,140.1134,2024-10-17,2024-10-17,2024
matsumae06_T25,matsumae06,2024-10-17 09:33:25,2024-10-17 09:39:24,0.09972222222222223,0.0,0.09972222222222223,2.6811435544874067,41.4145,140.114,41.410933,140.14575,2024-10-17,2024-10-17,2024
matsumae06_T26,matsumae06,2024-10-18 03:10:25,2024-10-18 07:43:24,4.549722222222222,2.2655555555555558,2.2841666666666667,35.01778239513698,41.397117,140.159867,41.396417,140.160117,2024-10-18,2024-10-18,2024
matsumae06_T27,matsumae06,2024-10-26 02:32:25,2024-10-26 08:51:25,6.316666666666666,2.9497222222222224,3.3669444444444445,57.0512801770393,41.403217,140.1491,41.402067,140.149783,2024-10-26,2024-10-26,2024
matsumae06_T28,matsumae06,2024-10-26 11:22:24,2024-10-26 14:58:24,3.6,0.13361111111111112,3.466388888888889,54.00375249237862,41.405617,140.146267,41.410233,140.14365,2024-10-26,2024-10-26,2024
matsumae06_T29,matsumae06,2024-10-27 06:01:25,2024-10-27 06:08:25,0.11666666666666667,0.0,0.11666666666666667,2.9690440841804144,41.408383,140.14565,41.41075,140.1104,2024-10-27,2024-10-27,2024
matsumae06_T3,matsumae06,2024-07-09 01:33:24,2024-07-09 08:47:25,7.233611111111111,4.683611111111111,2.55,47.996057464730455,41.396467,140.161033,41.397017,140.18295,2024-07-09,2024-07-09,2024
matsumae06_T30,matsumae06,2024-10-27 06:21:25,2024-10-27 09:11:25,2.8333333333333335,0.6336111111111111,2.1997222222222224,25.675905052481873,41.40665,140.105833,41.397483,140.1813,2024-10-27,2024-10-27,2024
matsumae06_T31,matsumae06,2024-11-01 03:18:24,2024-11-01 08:41:25,5.383611111111112,2.816388888888889,2.5672222222222225,49.886696245104694,41.395333,140.166917,41.3976,140.18345,2024-11-01,2024-11-01,2024
matsumae06_T32,matsumae06,2024-11-02 03:10:25,2024-11-02 08:02:24,4.866388888888889,1.4002777777777777,3.466111111111111,45.02847891745725,41.39535,140.17125,41.397033,140.184033,2024-11-02,2024-11-02,2024
matsumae06_T33,matsumae06,2024-11-10 03:35:24,2024-11-10 09:31:24,5.933333333333334,0.46694444444444444,5.466388888888889,63.92711830050887,41.395533,140.167533,41.397717,140.183633,2024-11-10,2024-11-10,2024
matsumae06_T34,matsumae06,2024-11-10 09:40:24,2024-11-10 09:48:25,0.13361111111111112,0.0,0.13361111111111112,2.746372378639033,41.4111,140.14535,41.41525,140.113067,2024-11-10,2024-11-10,2024
matsumae06_T35,matsumae06,2024-11-10 10:10:25,2024-11-10 10:16:25,0.1,0.0,0.1,2.6355401379784014,41.413767,140.1145,41.409783,140.145633,2024-11-10,2024-11-10,2024
matsumae06_T4,matsumae06,2024-07-09 08:55:25,2024-07-09 09:01:24,0.09972222222222223,0.0,0.09972222222222223,2.723700461098615,41.408067,140.146333,41.414833,140.115233,2024-07-09,2024-07-09,2024
matsumae06_T5,matsumae06,2024-07-09 09:59:25,2024-07-09 10:06:24,0.1163888888888889,0.0,0.1163888888888889,2.6710038690769613,41.41315,140.1133,41.410833,140.14505,2024-07-09,2024-07-09,2024
matsumae06_T6,matsumae06,2024-07-10 01:42:24,2024-07-10 07:37:24,5.916666666666667,2.566666666666667,3.35,47.85638696276981,41.395217,140.166617,41.39785,140.1825,2024-07-10,2024-07-10,2024
matsumae06_T7,matsumae06,2024-07-10 07:44:25,2024-07-10 07:50:24,0.09972222222222223,0.0,0.09972222222222223,2.563591100793471,41.41105,140.1457,41.4153,140.1156,2024-07-10,2024-07-10,2024
matsumae06_T8,matsumae06,2024-07-10 08:24:25,2024-07-10 08:31:24,0.11638888888888889,0.0,0.11638888888888889,2.6157480511271456,41.414983,140.11345,41.413283,140.14465,2024-07-10,2024-07-10,2024
matsumae06_T9,matsumae06,2024-07-16 01:18:25,2024-07-16 06:55:24,5.616388888888889,2.950833333333333,2.6655555555555557,37.920653537470066,41.403033,140.15025,41.405583,140.107467,2024-07-16,2024-07-16,2024
matsumae07_T1,matsumae07,2024-04-18 15:51:35,2024-04-19 01:17:34,9.433055555555555,6.383055555555556,3.05,40.68765498811168,41.4822,139.99515,41.483467,139.9937,2024-04-18,2024-04-19,2024
matsumae07_T10,matsumae07,2024-08-07 01:48:35,2024-08-07 10:32:34,8.733055555555556,5.9175,2.8155555555555556,37.61402466172035,41.49955,139.992067,41.439767,140.01935,2024-08-07,2024-08-07,2024
matsumae07_T11,matsumae07,2024-08-07 10:39:34,2024-08-07 10:50:34,0.18333333333333335,0.0,0.18333333333333335,2.8878294723850857,41.428783,140.037083,41.416283,140.066533,2024-08-07,2024-08-07,2024
matsumae07_T12,matsumae07,2024-08-07 11:34:35,2024-08-07 11:39:35,0.08333333333333334,0.0,0.08333333333333334,1.7218468194555618,41.421233,140.064417,41.428717,140.04635,2024-08-07,2024-08-07,2024
matsumae07_T13,matsumae07,2024-08-07 11:50:35,2024-08-07 11:52:35,0.03333333333333334,0.0,0.03333333333333334,0.6235144980603655,41.449583,140.01895,41.454633,140.0157,2024-08-07,2024-08-07,2024
matsumae07_T14,matsumae07,2024-08-07 11:57:35,2024-08-07 11:58:34,0.01638888888888889,0.0,0.01638888888888889,0.3233995875004244,41.465817,140.007533,41.468317,140.00555,2024-08-07,2024-08-07,2024
matsumae07_T15,matsumae07,2024-08-07 11:59:34,2024-08-07 11:59:34,0.0,0.0,0.0,0.15995031637467402,41.47085,140.003867,41.4721,140.002917,2024-08-07,2024-08-07,2024
matsumae07_T16,matsumae07,2024-10-27 06:12:34,2024-10-27 10:36:34,4.4,0.3005555555555556,4.099444444444445,41.22779448822927,41.490283,139.99085,41.495117,139.990583,2024-10-27,2024-10-27,2024
matsumae07_T17,matsumae07,2024-10-30 02:51:35,2024-10-30 09:03:34,6.199722222222222,3.7325,2.4672222222222224,34.97258255419359,41.495283,139.990217,41.491233,139.9913,2024-10-30,2024-10-30,2024
matsumae07_T2,matsumae07,2024-05-20 08:48:34,2024-05-20 08:58:35,0.16694444444444445,0.0,0.16694444444444445,2.6187390947861067,41.502217,139.993567,41.523233,139.979517,2024-05-20,2024-05-20,2024
matsumae07_T3,matsumae07,2024-05-28 12:00:35,2024-05-28 12:01:34,0.01638888888888889,0.0,0.01638888888888889,0.2906509534457127,41.541067,139.96735,41.538567,139.968367,2024-05-28,2024-05-28,2024
matsumae07_T4,matsumae07,2024-05-28 12:03:35,2024-05-28 12:16:35,0.21666666666666667,0.0,0.21666666666666667,4.066814863578966,41.534933,139.970083,41.5039,139.995233,2024-05-28,2024-05-28,2024
matsumae07_T5,matsumae07,2024-07-17 01:17:35,2024-07-17 10:06:35,8.816666666666666,5.867222222222223,2.9494444444444445,43.555576885507136,41.495317,139.990717,41.4143,140.067283,2024-07-17,2024-07-17,2024
matsumae07_T6,matsumae07,2024-07-17 14:31:34,2024-07-17 14:38:35,0.11694444444444445,0.0,0.11694444444444445,1.9726950014147442,41.419417,140.066,41.428317,140.045583,2024-07-17,2024-07-17,2024
matsumae07_T7,matsumae07,2024-07-17 14:53:34,2024-07-17 14:55:34,0.03333333333333334,0.0,0.03333333333333334,0.535402052421567,41.4499,140.019833,41.45405,140.016583,2024-07-17,2024-07-17,2024
matsumae07_T8,matsumae07,2024-08-01 01:28:35,2024-08-01 07:50:34,6.366388888888889,2.6994444444444445,3.6669444444444443,35.51298473189584,41.497917,139.992217,41.499017,139.992667,2024-08-01,2024-08-01,2024
matsumae07_T9,matsumae07,2024-08-03 01:51:34,2024-08-03 09:04:34,7.216666666666666,1.0663888888888888,6.150277777777778,39.880881051051816,41.494433,139.991,41.505233,139.99565,2024-08-03,2024-08-03,2024
matsumae08_T1,matsumae08,2024-02-09 13:48:39,2024-02-10 01:30:39,11.700000000000001,8.848888888888888,2.8511111111111114,42.299811670356796,41.485067,139.99305,41.483617,139.993367,2024-02-09,2024-02-10,2024
matsumae08_T10,matsumae08,2024-07-17 12:00:40,2024-07-17 12:05:39,0.08305555555555556,0.0,0.08305555555555556,1.493273823155251,41.42165,140.0653,41.430067,140.051383,2024-07-17,2024-07-17,2024
matsumae08_T11,matsumae08,2024-08-01 01:36:39,2024-08-01 06:39:40,5.050277777777778,2.917222222222222,2.1330555555555555,30.112645065254704,41.49925,139.9919,41.500183,139.991767,2024-08-01,2024-08-01,2024
matsumae08_T12,matsumae08,2024-08-28 02:14:39,2024-08-28 07:30:38,5.266388888888889,2.0322222222222224,3.234166666666667,42.57599163010718,41.474967,139.998733,41.434333,140.0238,2024-08-28,2024-08-28,2024
matsumae08_T13,matsumae08,2024-08-28 07:37:39,2024-08-28 07:40:39,0.05,0.0,0.05,0.6050370712186897,41.449467,140.01755,41.4547,140.015567,2024-08-28,2024-08-28,2024
matsumae08_T14,matsumae08,2024-09-02 02:05:39,2024-09-02 07:37:40,5.533611111111111,2.9169444444444443,2.6166666666666667,36.85398903675233,41.499917,139.99225,41.503533,139.994483,2024-09-02,2024-09-02,2024
matsumae08_T15,matsumae08,2024-09-09 02:04:39,2024-09-09 06:55:39,4.8500000000000005,2.666388888888889,2.1836111111111114,30.765770084771308,41.4956,139.990617,41.490933,139.990833,2024-09-09,2024-09-09,2024
matsumae08_T16,matsumae08,2024-09-12 02:30:39,2024-09-12 07:18:40,4.800277777777778,1.9325,2.867777777777778,36.20312055195509,41.497433,139.99145,41.489533,139.9905,2024-09-12,2024-09-12,2024
matsumae08_T17,matsumae08,2024-09-13 02:22:39,2024-09-13 07:32:39,5.166666666666667,2.4005555555555556,2.766111111111111,41.86074826408138,41.500033,139.992967,41.5007,139.991867,2024-09-13,2024-09-13,2024
matsumae08_T18,matsumae08,2024-10-18 03:13:39,2024-10-18 08:59:40,5.766944444444444,3.083888888888889,2.6830555555555557,34.87436251109246,41.4951,139.9905,41.494983,139.989983,2024-10-18,2024-10-18,2024
matsumae08_T19,matsumae08,2024-10-26 03:04:40,2024-10-26 10:43:39,7.6497222222222225,5.231111111111112,2.4186111111111113,38.09209429628101,41.49675,139.99085,41.486867,139.99155,2024-10-26,2024-10-26,2024
matsumae08_T2,matsumae08,2024-04-18 15:46:40,2024-04-18 19:51:39,4.083055555555556,1.4000000000000001,2.6830555555555557,41.377434098299865,41.481633,139.995817,41.48305,139.993317,2024-04-18,2024-04-18,2024
matsumae08_T20,matsumae08,2024-10-26 12:14:39,2024-10-26 12:46:39,0.5333333333333333,0.11666666666666667,0.4166666666666667,4.612428024424383,41.493267,139.991217,41.495733,139.991317,2024-10-26,2024-10-26,2024
matsumae08_T21,matsumae08,2024-10-26 12:54:40,2024-10-26 12:55:40,0.016666666666666666,0.0,0.016666666666666666,0.1072723392984559,41.4815,139.996383,41.480583,139.996783,2024-10-26,2024-10-26,2024
matsumae08_T22,matsumae08,2024-10-26 12:58:39,2024-10-26 13:49:39,0.85,0.0,0.85,10.159120390204718,41.475117,139.999217,41.407917,140.072183,2024-10-26,2024-10-26,2024
matsumae08_T23,matsumae08,2024-10-26 13:52:40,2024-10-26 14:55:40,1.05,0.0,1.05,8.193524428400622,41.4049,140.077517,41.429483,140.033083,2024-10-26,2024-10-26,2024
matsumae08_T24,matsumae08,2024-10-26 15:14:40,2024-10-26 15:23:39,0.14972222222222223,0.0,0.14972222222222223,0.9921121977965787,41.44935,140.018183,41.456883,140.0119,2024-10-26,2024-10-26,2024
matsumae08_T25,matsumae08,2024-10-26 15:32:40,2024-10-26 15:32:40,0.0,0.0,0.0,0.0,41.46645,140.008783,41.46645,140.008783,2024-10-26,2024-10-26,2024
matsumae08_T26,matsumae08,2024-10-27 06:12:39,2024-10-27 10:39:39,4.45,0.25,4.2,40.316975350694065,41.4901,139.990933,41.4976,139.9919,2024-10-27,2024-10-27,2024
matsumae08_T27,matsumae08,2024-11-01 03:13:40,2024-11-01 08:34:40,5.3500000000000005,2.6494444444444447,2.700555555555556,33.690299507631956,41.4909,139.99135,41.488867,139.99165,2024-11-01,2024-11-01,2024
matsumae08_T28,matsumae08,2024-11-02 03:09:40,2024-11-02 08:36:39,5.449722222222222,3.1166666666666667,2.3330555555555557,30.49974221572214,41.494417,139.991317,41.49175,139.990317,2024-11-02,2024-11-02,2024
matsumae08_T29,matsumae08,2024-11-15 03:18:40,2024-11-15 03:19:39,0.01638888888888889,0.0,0.01638888888888889,0.15477579057240418,41.466967,140.006617,41.4656,140.006967,2024-11-15,2024-11-15,2024
matsumae08_T3,matsumae08,2024-05-15 09:01:40,2024-05-15 09:02:40,0.016666666666666666,0.0,0.016666666666666666,0.21287791980021362,41.452917,140.019233,41.451333,140.020667,2024-05-15,2024-05-15,2024
matsumae08_T30,matsumae08,2024-11-15 03:21:39,2024-11-15 09:01:40,5.666944444444445,2.716388888888889,2.950555555555556,43.24223711908151,41.460217,140.008383,41.429283,140.0338,2024-11-15,2024-11-15,2024
matsumae08_T31,matsumae08,2024-11-15 09:10:40,2024-11-15 09:11:40,0.016666666666666666,0.0,0.016666666666666666,0.1482008400127157,41.45085,140.021,41.4521,140.020383,2024-11-15,2024-11-15,2024
matsumae08_T4,matsumae08,2024-05-15 09:18:40,2024-05-15 09:27:39,0.14972222222222223,0.0,0.14972222222222223,1.8113492226026398,41.42915,140.0482,41.41905,140.065233,2024-05-15,2024-05-15,2024
matsumae08_T5,matsumae08,2024-05-22 08:29:39,2024-05-22 08:36:39,0.11666666666666667,0.0,0.11666666666666667,1.528278867999395,41.421367,140.066,41.42935,140.051167,2024-05-22,2024-05-22,2024
matsumae08_T6,matsumae08,2024-06-14 01:29:39,2024-06-14 07:27:40,5.966944444444445,2.6341666666666668,3.332777777777778,51.85935474165086,41.48345,139.993717,41.483483,139.99445,2024-06-14,2024-06-14,2024
matsumae08_T7,matsumae08,2024-06-21 01:33:40,2024-06-21 07:04:40,5.516666666666667,2.917222222222222,2.5994444444444444,45.27185095593163,41.48315,139.994,41.48465,139.993483,2024-06-21,2024-06-21,2024
matsumae08_T8,matsumae08,2024-07-17 01:29:39,2024-07-17 08:52:39,7.383333333333334,4.766944444444444,2.616388888888889,40.36843312506972,41.49555,139.990367,41.449017,140.017667,2024-07-17,2024-07-17,2024
matsumae08_T9,matsumae08,2024-07-17 09:03:39,2024-07-17 09:10:40,0.11694444444444445,0.0,0.11694444444444445,1.8893208966285866,41.428517,140.045817,41.41965,140.065117,2024-07-17,2024-07-17,2024
matsumae09_T1,matsumae09,2024-01-03 08:17:45,2024-01-03 08:51:44,0.5663888888888889,0.5497222222222222,0.016666666666666666,0.5391513068023215,41.431333,140.05475,41.429583,140.05235,2024-01-03,2024-01-03,2024
matsumae09_T10,matsumae09,2024-08-28 01:59:44,2024-08-28 06:44:44,4.75,1.5,3.25,39.14345400274286,41.428683,140.036233,41.408533,140.108567,2024-08-28,2024-08-28,2024
matsumae09_T11,matsumae09,2024-08-28 07:01:44,2024-08-28 07:05:44,0.06666666666666667,0.0,0.06666666666666667,1.0576588819630262,41.424983,140.066033,41.4314,140.056683,2024-08-28,2024-08-28,2024
matsumae09_T12,matsumae09,2024-09-08 09:54:45,2024-09-08 10:00:45,0.1,0.0,0.1,1.5856821118445343,41.43125,140.056183,41.419467,140.06585,2024-09-08,2024-09-08,2024
matsumae09_T13,matsumae09,2024-09-08 10:41:44,2024-09-08 10:46:44,0.08333333333333334,0.0,0.08333333333333334,1.1577797923721078,41.424,140.0661,41.4315,140.056533,2024-09-08,2024-09-08,2024
matsumae09_T14,matsumae09,2024-09-09 02:08:44,2024-09-09 08:41:44,6.55,3.2508333333333335,3.299166666666667,47.89743814001534,41.431833,140.026533,41.437467,140.01975,2024-09-09,2024-09-09,2024
matsumae09_T15,matsumae09,2024-09-13 02:13:45,2024-09-13 02:14:44,0.01638888888888889,0.0,0.01638888888888889,0.45279312467691013,41.450383,140.01995,41.453683,140.016767,2024-09-13,2024-09-13,2024
matsumae09_T16,matsumae09,2024-09-13 02:19:44,2024-09-13 10:40:44,8.35,4.2175,4.1325,58.870421819585246,41.464417,140.005767,41.449067,140.018233,2024-09-13,2024-09-13,2024
matsumae09_T17,matsumae09,2024-09-17 02:33:45,2024-09-17 07:32:45,4.983333333333333,1.6994444444444445,3.283888888888889,41.97657559848712,41.447567,140.0174,41.44865,140.016667,2024-09-17,2024-09-17,2024
matsumae09_T18,matsumae09,2024-09-29 02:13:45,2024-09-29 07:15:44,5.033055555555555,1.7655555555555555,3.2675,43.28366390438808,41.444733,140.017517,41.563583,139.971283,2024-09-29,2024-09-29,2024
matsumae09_T19,matsumae09,2024-09-29 07:34:44,2024-09-29 07:45:44,0.18333333333333335,0.0,0.18333333333333335,2.530568801965577,41.525717,139.9858,41.5046,139.9971,2024-09-29,2024-09-29,2024
matsumae09_T2,matsumae09,2024-01-03 10:13:45,2024-01-03 10:43:44,0.49972222222222223,0.41611111111111115,0.08361111111111111,1.1086605703294337,41.4301,140.052617,41.429933,140.05165,2024-01-03,2024-01-03,2024
matsumae09_T20,matsumae09,2024-10-08 07:47:45,2024-10-08 08:00:44,0.2163888888888889,0.0,0.2163888888888889,2.834241344554021,41.501067,139.993883,41.525583,139.984717,2024-10-08,2024-10-08,2024
matsumae09_T21,matsumae09,2024-10-21 10:29:44,2024-10-21 10:44:45,0.25027777777777777,0.0,0.25027777777777777,4.047589718628491,41.527017,139.97965,41.49185,139.991,2024-10-21,2024-10-21,2024
matsumae09_T22,matsumae09,2024-10-21 11:05:44,2024-10-21 11:29:44,0.4,0.21666666666666667,0.18333333333333335,2.9516041745477835,41.484417,139.992883,41.463783,140.005767,2024-10-21,2024-10-21,2024
matsumae09_T23,matsumae09,2024-10-21 11:34:44,2024-10-21 11:35:44,0.016666666666666666,0.0,0.016666666666666666,0.26612758131188274,41.453233,140.019033,41.4516,140.021367,2024-10-21,2024-10-21,2024
matsumae09_T24,matsumae09,2024-10-26 03:03:44,2024-10-26 09:06:44,6.05,3.5497222222222224,2.500277777777778,40.68214083374573,41.428683,140.03435,41.401917,140.08555,2024-10-26,2024-10-26,2024
matsumae09_T25,matsumae09,2024-10-26 09:17:44,2024-10-26 09:21:45,0.06694444444444445,0.0,0.06694444444444445,1.1840267562301448,41.423817,140.06545,41.431533,140.055717,2024-10-26,2024-10-26,2024
matsumae09_T26,matsumae09,2024-10-26 10:47:45,2024-10-26 14:57:45,4.166666666666667,0.016666666666666666,4.15,44.67018087556397,41.445817,140.017317,41.4283,140.03845,2024-10-26,2024-10-26,2024
matsumae09_T27,matsumae09,2024-10-27 07:07:44,2024-10-27 08:18:45,1.1836111111111112,0.33305555555555555,0.8505555555555556,8.648276220982185,41.428283,140.043233,41.4024,140.09375,2024-10-27,2024-10-27,2024
matsumae09_T28,matsumae09,2024-10-27 08:35:45,2024-10-27 08:56:44,0.3497222222222222,0.0,0.3497222222222222,2.9332692460988037,41.412617,140.068017,41.428283,140.040317,2024-10-27,2024-10-27,2024
matsumae09_T29,matsumae09,2024-10-27 09:19:44,2024-10-27 09:24:45,0.08361111111111111,0.0,0.08361111111111111,0.6643531069662308,41.449517,140.018817,41.454883,140.015317,2024-10-27,2024-10-27,2024
matsumae09_T3,matsumae09,2024-01-04 09:10:45,2024-01-04 09:33:44,0.3830555555555556,0.26666666666666666,0.11638888888888889,0.9682715332648624,41.430133,140.052917,41.4305,140.052883,2024-01-04,2024-01-04,2024
matsumae09_T30,matsumae09,2024-10-27 09:34:44,2024-10-27 09:36:44,0.03333333333333333,0.0,0.03333333333333333,0.21561454706740266,41.465767,140.007733,41.4675,140.006583,2024-10-27,2024-10-27,2024
matsumae09_T31,matsumae09,2024-10-27 09:39:44,2024-10-27 09:39:44,0.0,0.0,0.0,0.0,41.471083,140.0045,41.471083,140.0045,2024-10-27,2024-10-27,2024
matsumae09_T32,matsumae09,2024-10-27 10:06:44,2024-10-27 10:31:44,0.4166666666666667,0.13333333333333333,0.2833333333333333,2.9844740844262927,41.498017,139.992017,41.494933,139.991083,2024-10-27,2024-10-27,2024
matsumae09_T33,matsumae09,2024-10-27 10:52:44,2024-10-27 10:52:44,0.0,0.0,0.0,0.0,41.4524,140.0214,41.4524,140.0214,2024-10-27,2024-10-27,2024
matsumae09_T34,matsumae09,2024-10-30 02:57:45,2024-10-30 08:05:44,5.133055555555556,1.551388888888889,3.5816666666666666,44.466164736322746,41.44545,140.017617,41.450933,140.019667,2024-10-30,2024-10-30,2024
matsumae09_T35,matsumae09,2024-11-02 03:02:45,2024-11-02 08:53:44,5.849722222222223,3.082222222222222,2.7675,41.694095254395265,41.434433,140.023683,41.43675,140.0213,2024-11-02,2024-11-02,2024
matsumae09_T36,matsumae09,2024-11-10 03:18:45,2024-11-10 08:50:44,5.533055555555555,3.4319444444444445,2.1011111111111114,33.81318083705915,41.4307,140.029833,41.403383,140.08065,2024-11-10,2024-11-10,2024
matsumae09_T37,matsumae09,2024-11-10 08:59:44,2024-11-10 09:04:44,0.08333333333333334,0.0,0.08333333333333334,1.3539696594121275,41.422183,140.0657,41.431417,140.05535,2024-11-10,2024-11-10,2024
matsumae09_T38,matsumae09,2024-11-14 05:49:45,2024-11-14 05:50:44,0.01638888888888889,0.0,0.01638888888888889,0.14665224270593186,41.451467,140.022233,41.452383,140.020967,2024-11-14,2024-11-14,2024
matsumae09_T39,matsumae09,2024-11-14 06:07:44,2024-11-14 10:22:45,4.250277777777778,3.0497222222222224,1.2005555555555556,19.556542113204344,41.490567,139.991233,41.541617,139.966683,2024-11-14,2024-11-14,2024
matsumae09_T4,matsumae09,2024-07-11 09:51:44,2024-07-11 09:56:44,0.08333333333333333,0.0,0.08333333333333333,1.1481158999323196,41.4313,140.056233,41.423783,140.065667,2024-07-11,2024-07-11,2024
matsumae09_T40,matsumae09,2024-11-14 10:23:45,2024-11-14 10:31:44,0.13305555555555557,0.13305555555555557,0.0,0.05857712706824148,41.541833,139.966783,41.541783,139.96615,2024-11-14,2024-11-14,2024
matsumae09_T41,matsumae09,2024-11-14 11:32:45,2024-11-14 12:10:45,0.6333333333333333,0.11694444444444445,0.5163888888888889,6.328243754433063,41.536517,139.968683,41.496017,139.991233,2024-11-14,2024-11-14,2024
matsumae09_T42,matsumae09,2024-11-14 12:32:44,2024-11-14 12:32:44,0.0,0.0,0.0,0.0,41.451717,140.023,41.451717,140.023,2024-11-14,2024-11-14,2024
matsumae09_T43,matsumae09,2024-11-15 05:41:45,2024-11-15 05:41:45,0.0,0.0,0.0,0.0,41.4522,140.021867,41.4522,140.021867,2024-11-15,2024-11-15,2024
matsumae09_T44,matsumae09,2024-11-15 06:03:45,2024-11-15 07:17:45,1.2333333333333334,0.7336111111111111,0.49972222222222223,7.752401045140866,41.49915,139.991583,41.54315,139.965633,2024-11-15,2024-11-15,2024
matsumae09_T45,matsumae09,2024-11-15 07:25:44,2024-11-15 07:32:44,0.11666666666666667,0.10027777777777779,0.01638888888888889,0.21264929788087805,41.543033,139.966117,41.542667,139.96585,2024-11-15,2024-11-15,2024
matsumae09_T46,matsumae09,2024-11-15 07:48:44,2024-11-15 08:02:44,0.23333333333333334,0.1836111111111111,0.04972222222222222,0.856142544742131,41.5431,139.966067,41.542417,139.965967,2024-11-15,2024-11-15,2024
matsumae09_T47,matsumae09,2024-11-15 08:40:45,2024-11-15 08:52:45,0.2,0.18305555555555555,0.016944444444444446,0.4618968791400967,41.544633,139.965267,41.544217,139.965433,2024-11-15,2024-11-15,2024
matsumae09_T48,matsumae09,2024-11-15 10:42:45,2024-11-15 10:45:45,0.05,0.0,0.05,0.40169832562310415,41.539433,139.9688,41.536217,139.96885,2024-11-15,2024-11-15,2024
matsumae09_T49,matsumae09,2024-11-15 10:52:44,2024-11-15 10:56:44,0.06666666666666667,0.03333333333333333,0.03333333333333333,0.5343899253481272,41.537983,139.970017,41.542,139.966717,2024-11-15,2024-11-15,2024
matsumae09_T5,matsumae09,2024-07-11 10:53:44,2024-07-11 10:58:44,0.08333333333333334,0.0,0.08333333333333334,1.2234579609605138,41.423383,140.0654,41.431733,140.0559,2024-07-11,2024-07-11,2024
matsumae09_T50,matsumae09,2024-11-15 11:40:44,2024-11-15 11:53:45,0.21694444444444444,0.0,0.21694444444444444,3.3585404773263328,41.529267,139.976183,41.502,139.993367,2024-11-15,2024-11-15,2024
matsumae09_T51,matsumae09,2024-11-16 05:51:44,2024-11-16 06:52:44,1.0166666666666666,0.4,0.6166666666666667,7.690362266486798,41.4948,139.990983,41.542317,139.9661,2024-11-16,2024-11-16,2024
matsumae09_T52,matsumae09,2024-11-16 06:53:44,2024-11-16 07:14:45,0.3502777777777778,0.3,0.05027777777777778,1.3909393243410544,41.5429,139.9662,41.542383,139.966383,2024-11-16,2024-11-16,2024
matsumae09_T53,matsumae09,2024-11-16 07:30:45,2024-11-16 07:30:45,0.0,0.0,0.0,0.0,41.54235,139.96635,41.54235,139.96635,2024-11-16,2024-11-16,2024
matsumae09_T54,matsumae09,2024-11-16 07:32:44,2024-11-16 07:42:44,0.16666666666666669,0.13361111111111112,0.03305555555555556,0.6125802375252115,41.54375,139.965467,41.544033,139.965533,2024-11-16,2024-11-16,2024
matsumae09_T55,matsumae09,2024-11-16 08:23:44,2024-11-16 08:31:44,0.13333333333333333,0.1,0.03333333333333333,0.5090879534875541,41.544567,139.965083,41.545383,139.965017,2024-11-16,2024-11-16,2024
matsumae09_T56,matsumae09,2024-11-16 08:51:44,2024-11-16 08:59:44,0.13333333333333333,0.11666666666666667,0.016666666666666666,0.4534894274384758,41.543033,139.96605,41.54185,139.966783,2024-11-16,2024-11-16,2024
matsumae09_T57,matsumae09,2024-11-16 09:44:44,2024-11-16 09:44:44,0.0,0.0,0.0,0.022278802314404742,41.55375,139.964717,41.55355,139.964733,2024-11-16,2024-11-16,2024
matsumae09_T58,matsumae09,2024-11-16 09:52:45,2024-11-16 09:52:45,0.0,0.0,0.0,0.0,41.552217,139.964333,41.552217,139.964333,2024-11-16,2024-11-16,2024
matsumae09_T59,matsumae09,2024-11-16 09:53:44,2024-11-16 09:57:44,0.06666666666666667,0.06666666666666667,0.0,0.14237027472791342,41.55375,139.964683,41.552783,139.964567,2024-11-16,2024-11-16,2024
matsumae09_T6,matsumae09,2024-07-12 01:14:44,2024-07-12 11:29:44,10.25,6.416666666666667,3.8333333333333335,65.781221123242,41.443783,140.017383,41.446767,140.017567,2024-07-12,2024-07-12,2024
matsumae09_T60,matsumae09,2024-11-16 10:16:45,2024-11-16 11:08:44,0.8663888888888889,0.5,0.3663888888888889,6.978196633209006,41.546133,139.964583,41.499367,139.992167,2024-11-16,2024-11-16,2024
matsumae09_T61,matsumae09,2024-11-21 06:34:44,2024-11-21 07:00:45,0.4336111111111111,0.06666666666666667,0.36694444444444446,5.6836872658977065,41.496217,139.991583,41.542883,139.966083,2024-11-21,2024-11-21,2024
matsumae09_T62,matsumae09,2024-11-21 07:01:45,2024-11-21 10:27:44,3.4330555555555557,2.749722222222222,0.6833333333333333,13.26784651826411,41.542767,139.966117,41.545633,139.964217,2024-11-21,2024-11-21,2024
matsumae09_T63,matsumae09,2024-11-21 10:55:44,2024-11-21 12:33:45,1.6336111111111111,1.1172222222222223,0.5163888888888889,10.348948246269542,41.541767,139.9669,41.50055,139.9932,2024-11-21,2024-11-21,2024
matsumae09_T64,matsumae09,2024-11-25 06:48:44,2024-11-25 07:11:45,0.3836111111111111,0.0,0.3836111111111111,5.341617239996184,41.496567,139.9916,41.54075,139.967333,2024-11-25,2024-11-25,2024
matsumae09_T65,matsumae09,2024-11-25 07:14:44,2024-11-25 07:14:44,0.0,0.0,0.0,0.0,41.541883,139.966833,41.541883,139.966833,2024-11-25,2024-11-25,2024
matsumae09_T66,matsumae09,2024-11-25 07:15:44,2024-11-25 07:24:45,0.1502777777777778,0.11694444444444445,0.03333333333333334,0.4364032091264085,41.541567,139.967033,41.541267,139.967133,2024-11-25,2024-11-25,2024
matsumae09_T67,matsumae09,2024-11-25 07:29:45,2024-11-25 07:46:44,0.28305555555555556,0.21666666666666667,0.06638888888888889,1.013593962739498,41.5418,139.966467,41.542683,139.965917,2024-11-25,2024-11-25,2024
matsumae09_T68,matsumae09,2024-11-25 07:52:46,2024-11-25 08:45:44,0.8827777777777778,0.7319444444444445,0.15083333333333335,2.452049626441948,41.542433,139.9664,41.543333,139.965433,2024-11-25,2024-11-25,2024
matsumae09_T69,matsumae09,2024-11-25 08:46:45,2024-11-25 11:04:44,2.2997222222222224,1.8819444444444444,0.4177777777777778,7.611805272216369,41.544217,139.965517,41.542417,139.965833,2024-11-25,2024-11-25,2024
matsumae09_T7,matsumae09,2024-07-12 11:37:45,2024-07-12 11:44:44,0.11638888888888889,0.0,0.11638888888888889,2.203693677966246,41.428567,140.041133,41.419567,140.064667,2024-07-12,2024-07-12,2024
matsumae09_T70,matsumae09,2024-11-25 11:07:44,2024-11-25 13:41:44,2.566666666666667,1.883888888888889,0.6827777777777778,12.442302147799957,41.5422,139.966517,41.50005,139.992717,2024-11-25,2024-11-25,2024
matsumae09_T71,matsumae09,2024-12-02 07:09:44,2024-12-02 07:30:44,0.35000000000000003,0.0,0.35000000000000003,5.093929061959163,41.436567,140.020467,41.472317,140.001933,2024-12-02,2024-12-02,2024
matsumae09_T72,matsumae09,2024-12-02 07:40:45,2024-12-02 08:00:45,0.3333333333333333,0.0,0.3333333333333333,4.979721652129728,41.4937,139.990833,41.535417,139.96965,2024-12-02,2024-12-02,2024
matsumae09_T73,matsumae09,2024-12-02 08:01:45,2024-12-02 08:02:44,0.01638888888888889,0.0,0.01638888888888889,0.19717809695434618,41.538433,139.968967,41.540083,139.9681,2024-12-02,2024-12-02,2024
matsumae09_T74,matsumae09,2024-12-02 08:04:44,2024-12-02 09:51:44,1.7833333333333334,1.55,0.23333333333333334,4.679370000370138,41.542133,139.966267,41.54125,139.966583,2024-12-02,2024-12-02,2024
matsumae09_T75,matsumae09,2024-12-02 10:02:45,2024-12-02 10:02:45,0.0,0.0,0.0,0.07166200550806767,41.54115,139.96715,41.541733,139.966783,2024-12-02,2024-12-02,2024
matsumae09_T76,matsumae09,2024-12-02 10:16:44,2024-12-02 10:33:44,0.2833333333333333,0.25,0.03333333333333333,0.47177846251437444,41.542383,139.9664,41.5408,139.967617,2024-12-02,2024-12-02,2024
matsumae09_T77,matsumae09,2024-12-02 10:34:44,2024-12-02 10:40:45,0.10027777777777777,0.08361111111111111,0.016666666666666666,0.09550854412548708,41.541233,139.967083,41.541883,139.96665,2024-12-02,2024-12-02,2024
matsumae09_T78,matsumae09,2024-12-02 10:53:45,2024-12-02 10:53:45,0.0,0.0,0.0,0.07386380637687225,41.54565,139.96495,41.545,139.964767,2024-12-02,2024-12-02,2024
matsumae09_T79,matsumae09,2024-12-02 11:18:44,2024-12-02 11:35:45,0.28361111111111115,0.0,0.28361111111111115,3.885587738730983,41.530717,139.974233,41.498283,139.9915,2024-12-02,2024-12-02,2024
matsumae09_T8,matsumae09,2024-07-12 12:55:44,2024-07-12 12:59:44,0.06666666666666667,0.0,0.06666666666666667,1.0807058716572313,41.4246,140.06595,41.43145,140.05685,2024-07-12,2024-07-12,2024
matsumae09_T80,matsumae09,2024-12-04 06:56:45,2024-12-04 06:56:45,0.0,0.0,0.0,0.0,41.451817,140.022483,41.451817,140.022483,2024-12-04,2024-12-04,2024
matsumae09_T81,matsumae09,2024-12-04 07:19:44,2024-12-04 07:35:44,0.26666666666666666,0.0,0.26666666666666666,4.172671521878069,41.498983,139.99245,41.533067,139.971533,2024-12-04,2024-12-04,2024
matsumae09_T82,matsumae09,2024-12-04 07:38:45,2024-12-04 08:51:44,1.216388888888889,0.9330555555555555,0.2833333333333333,5.56113519240801,41.538033,139.9684,41.5412,139.9673,2024-12-04,2024-12-04,2024
matsumae09_T83,matsumae09,2024-12-04 08:52:45,2024-12-04 08:58:44,0.09972222222222223,0.08305555555555555,0.016666666666666666,0.3087014692995008,41.542333,139.966467,41.54115,139.966783,2024-12-04,2024-12-04,2024
matsumae09_T84,matsumae09,2024-12-04 09:02:45,2024-12-04 09:06:45,0.06666666666666667,0.03333333333333334,0.03333333333333333,0.291584024564996,41.540717,139.967667,41.541017,139.967067,2024-12-04,2024-12-04,2024
matsumae09_T85,matsumae09,2024-12-04 09:07:45,2024-12-04 09:22:44,0.24972222222222223,0.21666666666666667,0.03305555555555556,0.9450282150688023,41.542183,139.9666,41.540633,139.967533,2024-12-04,2024-12-04,2024
matsumae09_T86,matsumae09,2024-12-04 09:24:44,2024-12-04 10:09:45,0.7502777777777778,0.6005555555555556,0.14972222222222223,2.8715876734489894,41.541683,139.966917,41.541217,139.966733,2024-12-04,2024-12-04,2024
matsumae09_T87,matsumae09,2024-12-04 10:10:44,2024-12-04 10:51:44,0.6833333333333333,0.3661111111111111,0.31722222222222224,5.929914693516122,41.542167,139.966633,41.50005,139.99195,2024-12-04,2024-12-04,2024
matsumae09_T88,matsumae09,2024-12-06 06:46:44,2024-12-06 06:46:44,0.0,0.0,0.0,0.11655839643020487,41.451717,140.022217,41.452617,140.0215,2024-12-06,2024-12-06,2024
matsumae09_T89,matsumae09,2024-12-06 07:10:45,2024-12-06 07:32:44,0.3663888888888889,0.0,0.3663888888888889,5.275714910612624,41.496883,139.991033,41.5408,139.967417,2024-12-06,2024-12-06,2024
matsumae09_T9,matsumae09,2024-08-19 01:20:45,2024-08-19 06:52:45,5.533333333333333,2.483888888888889,3.0494444444444446,44.40363201409831,41.445983,140.017683,41.496217,139.991567,2024-08-19,2024-08-19,2024
matsumae09_T90,matsumae09,2024-12-06 07:33:44,2024-12-06 07:33:44,0.0,0.0,0.0,0.0,41.542617,139.966333,41.542617,139.966333,2024-12-06,2024-12-06,2024
matsumae09_T91,matsumae09,2024-12-06 07:46:45,2024-12-06 07:57:44,0.18305555555555555,0.11694444444444445,0.06611111111111112,0.8980421572715009,41.540017,139.968267,41.54135,139.967,2024-12-06,2024-12-06,2024
matsumae09_T92,matsumae09,2024-12-06 08:11:45,2024-12-06 08:20:45,0.15,0.03333333333333333,0.11666666666666667,1.7313927526500297,41.564267,139.972067,41.5637,139.972233,2024-12-06,2024-12-06,2024
matsumae09_T93,matsumae09,2024-12-06 08:32:44,2024-12-06 08:45:44,0.21666666666666667,0.0,0.21666666666666667,4.199523465466169,41.529783,139.9754,41.493983,139.991133,2024-12-06,2024-12-06,2024
matsumae09_T94,matsumae09,2024-12-18 09:17:44,2024-12-18 09:23:45,0.10027777777777779,0.06666666666666668,0.03361111111111111,0.3617368623365388,41.431267,140.055367,41.430567,140.054067,2024-12-18,2024-12-18,2024
matsumae09_T95,matsumae09,2024-12-19 09:10:44,2024-12-19 09:12:44,0.03333333333333334,0.0,0.03333333333333334,0.24035597230063013,41.431367,140.0556,41.430317,140.054367,2024-12-19,2024-12-19,2024
matsumae09_T96,matsumae09,2024-12-25 09:41:45,2024-12-25 12:08:45,2.45,2.249722222222222,0.20027777777777778,4.249102294688013,41.430683,140.053117,41.430667,140.0534,2024-12-25,2024-12-25,2024
matsumae10_T0,matsumae10,2024-07-10 01:03:15,2024-10-26 08:49:14,2599.7663888888887,198.8511111111111,2400.9152777777776,310.83819822342923,41.600133,139.960633,41.58885,139.9092,2024-07-10,2024-10-26,2024
matsumae10_T1,matsumae10,2024-10-26 11:11:14,2024-10-26 11:29:14,0.3,0.0,0.3,2.63797115485959,41.531233,139.9737,41.530817,139.974,2024-10-26,2024-10-26,2024
matsumae10_T2,matsumae10,2024-10-26 12:01:14,2024-10-26 12:07:15,0.10027777777777777,0.10027777777777777,0.0,0.3533513274600327,41.558633,139.9643,41.555567,139.96535,2024-10-26,2024-10-26,2024
matsumae10_T3,matsumae10,2024-10-26 12:26:14,2024-10-26 14:19:15,1.8836111111111111,0.0,1.8836111111111111,20.661705478890106,41.530267,139.974667,41.428367,140.0461,2024-10-26,2024-10-26,2024
matsumae10_T4,matsumae10,2024-10-26 14:39:14,2024-10-26 14:39:14,0.0,0.0,0.0,0.06799928980532458,41.451667,140.02275,41.4522,140.02235,2024-10-26,2024-10-26,2024
matsumae10_T5,matsumae10,2024-10-26 15:26:14,2024-10-26 15:43:14,0.2833333333333333,0.0,0.2833333333333333,2.701361161203676,41.50265,139.994567,41.5261,139.986167,2024-10-26,2024-10-26,2024
matsumae10_T6,matsumae10,2024-10-27 06:10:14,2024-11-15 10:07:15,459.9502777777778,9.18361111111111,450.7666666666667,156.76156649609868,41.5994,139.96515,41.5323,139.972,2024-10-27,2024-11-15,2024
matsumae11_T1,matsumae11,2024-07-10 00:48:59,2024-07-10 08:17:59,7.483333333333333,6.416666666666667,1.0666666666666667,21.722361481578123,41.549383,139.964183,41.606817,139.9032,2024-07-10,2024-07-10,2024
matsumae11_T10,matsumae11,2024-07-11 10:27:59,2024-07-11 10:39:59,0.2,0.0,0.2,3.5448103932569004,41.412483,140.067917,41.429633,140.032517,2024-07-11,2024-07-11,2024
matsumae11_T11,matsumae11,2024-07-11 10:48:59,2024-07-11 10:52:59,0.06666666666666667,0.0,0.06666666666666667,1.3113454612332502,41.4473,140.017267,41.457917,140.010467,2024-07-11,2024-07-11,2024
matsumae11_T12,matsumae11,2024-07-11 10:56:00,2024-07-11 10:57:59,0.03305555555555556,0.0,0.03305555555555556,0.7451836368128539,41.4655,140.006317,41.471717,140.002983,2024-07-11,2024-07-11,2024
matsumae11_T13,matsumae11,2024-07-11 11:06:59,2024-07-11 11:14:59,0.13333333333333333,0.0,0.13333333333333333,3.1816184333860256,41.4994,139.991667,41.5269,139.981283,2024-07-11,2024-07-11,2024
matsumae11_T14,matsumae11,2024-07-16 00:39:00,2024-07-16 09:33:59,8.91638888888889,2.450277777777778,6.466111111111111,46.638131827222466,41.548067,139.96375,41.40995,140.069367,2024-07-16,2024-07-16,2024
matsumae11_T15,matsumae11,2024-07-16 11:54:59,2024-07-16 12:06:59,0.2,0.0,0.2,4.399315209389598,41.413,140.066217,41.434983,140.023167,2024-07-16,2024-07-16,2024
matsumae11_T16,matsumae11,2024-07-16 12:12:59,2024-07-16 12:14:59,0.03333333333333333,0.0,0.03333333333333333,0.5702178535489768,41.449933,140.018517,41.45455,140.01555,2024-07-16,2024-07-16,2024
matsumae11_T17,matsumae11,2024-07-16 12:19:59,2024-07-16 12:19:59,0.0,0.0,0.0,0.0,41.466583,140.008333,41.466583,140.008333,2024-07-16,2024-07-16,2024
matsumae11_T18,matsumae11,2024-07-16 12:33:00,2024-07-16 12:43:00,0.16666666666666669,0.0,0.16666666666666669,3.229096447752199,41.4985,139.991317,41.526433,139.980917,2024-07-16,2024-07-16,2024
matsumae11_T19,matsumae11,2024-10-26 10:41:00,2024-10-26 11:23:59,0.716388888888889,0.04972222222222222,0.6666666666666667,7.494262620233381,41.539717,139.967317,41.527317,139.980617,2024-10-26,2024-10-26,2024
matsumae11_T2,matsumae11,2024-07-10 09:34:59,2024-07-10 09:48:59,0.23333333333333334,0.0,0.23333333333333334,4.555641479879765,41.528967,139.976017,41.489733,139.991483,2024-07-10,2024-07-10,2024
matsumae11_T20,matsumae11,2024-10-26 11:55:59,2024-10-26 11:58:59,0.05,0.016666666666666666,0.03333333333333334,0.2519985909203323,41.55865,139.966933,41.560183,139.966967,2024-10-26,2024-10-26,2024
matsumae11_T21,matsumae11,2024-10-26 12:29:59,2024-10-26 12:48:59,0.31666666666666665,0.01638888888888889,0.30027777777777775,3.4872647381589514,41.527383,139.979367,41.499,139.9926,2024-10-26,2024-10-26,2024
matsumae11_T22,matsumae11,2024-10-26 13:14:00,2024-10-26 13:18:59,0.08305555555555556,0.0,0.08305555555555556,0.902077878573134,41.455267,140.0138,41.447583,140.017267,2024-10-26,2024-10-26,2024
matsumae11_T23,matsumae11,2024-10-26 13:31:59,2024-10-26 14:08:59,0.6166666666666667,0.05027777777777778,0.5663888888888889,5.865318826628173,41.429367,140.033883,41.43135,140.02845,2024-10-26,2024-10-26,2024
matsumae11_T24,matsumae11,2024-10-26 14:12:59,2024-10-26 15:02:59,0.8333333333333334,0.0,0.8333333333333334,10.94365037933503,41.435467,140.022783,41.5265,139.981933,2024-10-26,2024-10-26,2024
matsumae11_T25,matsumae11,2024-10-27 06:14:59,2024-10-27 10:35:00,4.333611111111111,0.5838888888888889,3.749722222222222,35.26278782833967,41.54725,139.964383,41.530583,139.974617,2024-10-27,2024-10-27,2024
matsumae11_T26,matsumae11,2024-10-27 13:18:59,2024-10-27 13:54:59,0.6,0.016666666666666666,0.5833333333333334,4.8642883542165345,41.52635,139.984517,41.526317,139.983733,2024-10-27,2024-10-27,2024
matsumae11_T27,matsumae11,2024-10-30 02:31:00,2024-10-30 08:15:59,5.749722222222222,4.099722222222223,1.6500000000000001,26.276799857213955,41.549167,139.964067,41.5487,139.96365,2024-10-30,2024-10-30,2024
matsumae11_T3,matsumae11,2024-07-10 09:50:59,2024-07-10 09:51:59,0.016666666666666666,0.0,0.016666666666666666,0.17885511643726498,41.482633,139.994867,41.4811,139.995517,2024-07-10,2024-07-10,2024
matsumae11_T4,matsumae11,2024-07-10 09:52:59,2024-07-10 10:20:59,0.4666666666666667,0.0,0.4666666666666667,10.484948197461879,41.4766,139.997567,41.408233,140.071967,2024-07-10,2024-07-10,2024
matsumae11_T5,matsumae11,2024-07-10 11:18:59,2024-07-10 11:28:59,0.16666666666666666,0.0,0.16666666666666666,3.270027585902709,41.413567,140.0665,41.4295,140.033867,2024-07-10,2024-07-10,2024
matsumae11_T6,matsumae11,2024-07-10 11:37:00,2024-07-10 11:40:00,0.05,0.0,0.05,0.8345173102223886,41.4487,140.01745,41.45565,140.013683,2024-07-10,2024-07-10,2024
matsumae11_T7,matsumae11,2024-07-10 11:43:59,2024-07-10 11:43:59,0.0,0.0,0.0,0.0,41.466767,140.007967,41.466767,140.007967,2024-07-10,2024-07-10,2024
matsumae11_T8,matsumae11,2024-07-10 11:53:00,2024-07-10 12:01:00,0.13333333333333333,0.0,0.13333333333333333,3.088149853073932,41.5001,139.99165,41.526667,139.981033,2024-07-10,2024-07-10,2024
matsumae11_T9,matsumae11,2024-07-11 00:50:59,2024-07-11 09:40:00,8.816944444444445,6.700277777777778,2.1166666666666667,43.89678903159402,41.548,139.96425,41.411483,140.06725,2024-07-11,2024-07-11,2024
matsumae12_T1,matsumae12,2024-01-03 08:13:50,2024-01-03 08:16:50,0.05,0.0,0.05,0.45334868569673126,41.536967,139.96835,41.539883,139.967683,2024-01-03,2024-01-03,2024
matsumae12_T10,matsumae12,2024-02-10 07:43:49,2024-02-10 08:09:49,0.43333333333333335,0.1,0.33333333333333337,2.9832587949364013,41.56285,139.97125,41.56255,139.970983,2024-02-10,2024-02-10,2024
matsumae12_T11,matsumae12,2024-02-17 07:52:50,2024-02-17 10:00:50,2.1333333333333333,1.0005555555555556,1.1327777777777779,10.486081632145469,41.562417,139.9708,41.5612,139.9691,2024-02-17,2024-02-17,2024
matsumae12_T12,matsumae12,2024-07-04 08:50:49,2024-07-04 14:17:50,5.450277777777778,5.450277777777778,0.0,0.3126132202854517,41.84175,140.767717,41.8418,140.7677,2024-07-04,2024-07-04,2024
matsumae12_T13,matsumae12,2024-07-10 01:06:49,2024-07-10 10:03:49,8.950000000000001,6.749722222222222,2.200277777777778,34.81152197686588,41.5458,139.9258,41.49955,139.9925,2024-07-10,2024-07-10,2024
matsumae12_T14,matsumae12,2024-07-10 10:19:49,2024-07-10 10:21:50,0.03361111111111111,0.0,0.03361111111111111,0.6978581999616892,41.455067,140.015,41.449367,140.018467,2024-07-10,2024-07-10,2024
matsumae12_T15,matsumae12,2024-07-10 10:29:49,2024-07-10 10:37:49,0.13333333333333333,0.0,0.13333333333333333,2.88186309059371,41.427683,140.039683,41.412867,140.067617,2024-07-10,2024-07-10,2024
matsumae12_T16,matsumae12,2024-07-10 12:05:49,2024-07-10 12:15:49,0.16666666666666666,0.0,0.16666666666666666,2.744345213509389,41.415883,140.0659,41.428283,140.0378,2024-07-10,2024-07-10,2024
matsumae12_T17,matsumae12,2024-07-10 12:25:50,2024-07-10 12:27:49,0.03305555555555556,0.0,0.03305555555555556,0.5793992819149169,41.449967,140.017783,41.454883,140.0155,2024-07-10,2024-07-10,2024
matsumae12_T18,matsumae12,2024-07-10 12:45:49,2024-07-10 12:54:50,0.1502777777777778,0.0,0.1502777777777778,2.942070220747539,41.500367,139.992283,41.525733,139.9827,2024-07-10,2024-07-10,2024
matsumae12_T19,matsumae12,2024-07-11 01:00:49,2024-07-11 09:17:50,8.283611111111112,6.583055555555556,1.7005555555555556,32.0000004905303,41.547267,139.964333,41.546867,139.9644,2024-07-11,2024-07-11,2024
matsumae12_T2,matsumae12,2024-01-03 08:24:50,2024-01-03 08:41:49,0.28305555555555556,0.0,0.28305555555555556,2.9301679355738335,41.529433,139.9746,41.543833,139.964517,2024-01-03,2024-01-03,2024
matsumae12_T20,matsumae12,2024-07-16 00:50:50,2024-07-16 07:52:50,7.033333333333333,5.184444444444445,1.848888888888889,33.11147275948642,41.5471,139.96375,41.554333,139.963717,2024-07-16,2024-07-16,2024
matsumae12_T21,matsumae12,2024-07-17 00:58:50,2024-07-17 06:26:50,5.466666666666667,3.35,2.1166666666666667,22.45760150510182,41.550683,139.962583,41.600117,139.935367,2024-07-17,2024-07-17,2024
matsumae12_T22,matsumae12,2024-08-01 01:19:49,2024-08-01 07:32:49,6.216666666666667,4.349722222222223,1.8669444444444445,27.300379740675154,41.551283,139.963933,41.552033,139.964267,2024-08-01,2024-08-01,2024
matsumae12_T23,matsumae12,2024-08-03 01:19:49,2024-08-03 07:03:50,5.733611111111111,3.7155555555555555,2.0180555555555557,31.17026852551647,41.551183,139.9639,41.55655,139.9654,2024-08-03,2024-08-03,2024
matsumae12_T24,matsumae12,2024-08-05 05:14:49,2024-08-05 07:14:49,2.0,1.8666666666666667,0.13333333333333333,4.356146115835115,41.56505,139.95055,41.558033,139.965567,2024-08-05,2024-08-05,2024
matsumae12_T25,matsumae12,2024-08-06 05:20:50,2024-08-06 07:27:50,2.1166666666666667,1.75,0.3666666666666667,10.335017487384048,41.551267,139.963233,41.55965,139.963417,2024-08-06,2024-08-06,2024
matsumae12_T26,matsumae12,2024-08-08 05:10:49,2024-08-08 06:21:49,1.1833333333333333,0.5494444444444444,0.633888888888889,4.910441893883202,41.551867,139.964083,41.56745,139.957283,2024-08-08,2024-08-08,2024
matsumae12_T27,matsumae12,2024-08-11 06:34:49,2024-08-11 08:27:49,1.8833333333333333,1.4669444444444444,0.41638888888888886,8.083168465439911,41.5515,139.964033,41.560533,139.9574,2024-08-11,2024-08-11,2024
matsumae12_T28,matsumae12,2024-08-19 01:20:50,2024-08-19 06:43:49,5.383055555555556,3.1833333333333336,2.1997222222222224,32.67303652463804,41.551467,139.96425,41.552367,139.964367,2024-08-19,2024-08-19,2024
matsumae12_T29,matsumae12,2024-08-20 00:53:50,2024-08-20 07:20:49,6.449722222222222,3.716111111111111,2.733611111111111,46.58752481203105,41.5475,139.963033,41.4086,140.0709,2024-08-20,2024-08-20,2024
matsumae12_T3,matsumae12,2024-01-03 08:49:50,2024-01-03 09:53:50,1.0666666666666667,0.09972222222222223,0.9669444444444445,12.000323900133147,41.545383,139.9641,41.546483,139.9644,2024-01-03,2024-01-03,2024
matsumae12_T30,matsumae12,2024-08-20 08:03:49,2024-08-20 08:08:50,0.08361111111111111,0.0,0.08361111111111111,1.8579933238863096,41.418667,140.0648,41.428017,140.046333,2024-08-20,2024-08-20,2024
matsumae12_T31,matsumae12,2024-08-20 08:18:49,2024-08-20 08:20:49,0.03333333333333333,0.0,0.03333333333333333,0.453732759824802,41.450583,140.018867,41.454067,140.016033,2024-08-20,2024-08-20,2024
matsumae12_T32,matsumae12,2024-08-20 08:25:49,2024-08-20 08:26:49,0.016666666666666666,0.0,0.016666666666666666,0.31643667043390544,41.465517,140.006583,41.4682,140.005317,2024-08-20,2024-08-20,2024
matsumae12_T33,matsumae12,2024-08-20 08:27:49,2024-08-20 08:27:49,0.0,0.0,0.0,0.15574808769743803,41.470717,140.003917,41.472,140.003167,2024-08-20,2024-08-20,2024
matsumae12_T34,matsumae12,2024-08-20 08:37:49,2024-08-20 08:45:49,0.13333333333333333,0.0,0.13333333333333333,2.7315334453647906,41.501417,139.9931,41.525317,139.985667,2024-08-20,2024-08-20,2024
matsumae12_T35,matsumae12,2024-10-26 02:37:50,2024-10-26 08:29:49,5.866388888888889,4.166111111111111,1.7002777777777778,26.237279488119444,41.550467,139.9641,41.54935,139.963083,2024-10-26,2024-10-26,2024
matsumae12_T36,matsumae12,2024-10-26 10:29:50,2024-10-26 14:25:50,3.9333333333333336,0.4336111111111111,3.499722222222222,39.154302743302644,41.545817,139.9646,41.431567,140.0278,2024-10-26,2024-10-26,2024
matsumae12_T37,matsumae12,2024-10-26 14:34:49,2024-10-26 14:38:50,0.06694444444444445,0.0,0.06694444444444445,0.9844776293456241,41.448783,140.017183,41.45675,140.012083,2024-10-26,2024-10-26,2024
matsumae12_T38,matsumae12,2024-10-26 14:42:49,2024-10-26 14:44:49,0.03333333333333333,0.0,0.03333333333333333,0.37459101299928405,41.46575,140.006433,41.468767,140.004433,2024-10-26,2024-10-26,2024
matsumae12_T39,matsumae12,2024-10-26 14:45:50,2024-10-26 14:46:49,0.01638888888888889,0.0,0.01638888888888889,0.24743032512135482,41.47085,140.003267,41.47285,140.001967,2024-10-26,2024-10-26,2024
matsumae12_T4,matsumae12,2024-01-04 07:32:50,2024-01-04 10:35:50,3.0500000000000003,0.2338888888888889,2.8161111111111112,36.74979140091927,41.538367,139.96975,41.55455,139.964217,2024-01-04,2024-01-04,2024
matsumae12_T40,matsumae12,2024-10-26 14:58:49,2024-10-26 15:10:50,0.20027777777777778,0.0,0.20027777777777778,3.097665297820541,41.498733,139.99235,41.525983,139.984883,2024-10-26,2024-10-26,2024
matsumae12_T41,matsumae12,2024-10-27 06:17:49,2024-10-27 07:41:49,1.4000000000000001,0.05055555555555556,1.3494444444444444,12.314282603184221,41.54765,139.964033,41.496133,139.991633,2024-10-27,2024-10-27,2024
matsumae12_T42,matsumae12,2024-10-27 08:02:49,2024-10-27 08:34:49,0.5333333333333333,0.0,0.5333333333333333,3.5921891054228636,41.497883,139.9921,41.5284,139.978017,2024-10-27,2024-10-27,2024
matsumae12_T43,matsumae12,2024-10-27 09:09:49,2024-10-27 09:48:49,0.65,0.0,0.65,3.935716793487117,41.56055,139.968767,41.560367,139.968183,2024-10-27,2024-10-27,2024
matsumae12_T44,matsumae12,2024-10-27 10:12:50,2024-10-27 10:26:50,0.23333333333333334,0.0,0.23333333333333334,2.3622720640244284,41.527283,139.9807,41.526033,139.98585,2024-10-27,2024-10-27,2024
matsumae12_T45,matsumae12,2024-10-27 13:08:50,2024-10-27 13:24:49,0.2663888888888889,0.0,0.2663888888888889,4.012614720811118,41.530533,139.974417,41.497617,139.991383,2024-10-27,2024-10-27,2024
matsumae12_T46,matsumae12,2024-10-27 13:46:50,2024-10-27 13:46:50,0.0,0.0,0.0,0.0,41.46655,140.008683,41.46655,140.008683,2024-10-27,2024-10-27,2024
matsumae12_T47,matsumae12,2024-10-27 14:04:50,2024-10-27 14:21:49,0.28305555555555556,0.0,0.28305555555555556,3.8427535443657868,41.494983,139.99125,41.528167,139.978833,2024-10-27,2024-10-27,2024
matsumae12_T48,matsumae12,2024-10-30 02:39:49,2024-10-30 08:08:49,5.483333333333333,3.567222222222222,1.916111111111111,26.69553290607118,41.546033,139.964633,41.547717,139.962967,2024-10-30,2024-10-30,2024
matsumae12_T49,matsumae12,2024-11-15 02:22:49,2024-11-15 02:37:49,0.25,0.0,0.25,4.153634126082073,41.528067,139.977967,41.492033,139.990967,2024-11-15,2024-11-15,2024
matsumae12_T5,matsumae12,2024-01-11 07:36:49,2024-01-11 09:53:49,2.283333333333333,0.0,2.283333333333333,28.601045447767767,41.54165,139.966133,41.54695,139.9646,2024-01-11,2024-01-11,2024
matsumae12_T50,matsumae12,2024-11-15 02:40:49,2024-11-15 07:58:50,5.300277777777778,2.316666666666667,2.983611111111111,44.96732856103921,41.4848,139.993667,41.40525,140.103383,2024-11-15,2024-11-15,2024
matsumae12_T51,matsumae12,2024-11-15 08:09:49,2024-11-15 08:15:49,0.1,0.0,0.1,2.189970214392475,41.418,140.065017,41.428467,140.042883,2024-11-15,2024-11-15,2024
matsumae12_T52,matsumae12,2024-11-15 08:25:49,2024-11-15 08:26:49,0.016666666666666666,0.0,0.016666666666666666,0.15965200224317583,41.451067,140.021233,41.452383,140.020467,2024-11-15,2024-11-15,2024
matsumae12_T53,matsumae12,2024-11-15 08:43:49,2024-11-15 08:52:49,0.15,0.0,0.15,2.9154533144847643,41.499933,139.992967,41.525617,139.986417,2024-11-15,2024-11-15,2024
matsumae12_T54,matsumae12,2024-11-16 11:44:49,2024-11-16 11:46:49,0.03333333333333334,0.016944444444444446,0.01638888888888889,0.1495143584231713,41.5398,139.96845,41.539017,139.968867,2024-11-16,2024-11-16,2024
matsumae12_T6,matsumae12,2024-02-06 07:48:49,2024-02-06 07:52:49,0.06666666666666667,0.03333333333333333,0.03333333333333333,0.22073973160205224,41.561733,139.969833,41.560483,139.968467,2024-02-06,2024-02-06,2024
matsumae12_T7,matsumae12,2024-02-06 07:54:50,2024-02-06 08:10:49,0.2663888888888889,0.10027777777777779,0.16611111111111113,1.5138308627866452,41.559917,139.967817,41.560983,139.969133,2024-02-06,2024-02-06,2024
matsumae12_T8,matsumae12,2024-02-07 07:59:50,2024-02-07 08:04:49,0.08305555555555556,0.03333333333333334,0.04972222222222222,0.36554704799563675,41.5625,139.970767,41.560383,139.968317,2024-02-07,2024-02-07,2024
matsumae12_T9,matsumae12,2024-02-07 08:14:50,2024-02-07 09:59:50,1.75,0.9830555555555556,0.7669444444444444,7.255314624866631,41.563767,139.971917,41.5614,139.969667,2024-02-07,2024-02-07,2024
matsumae13_T0,matsumae13,2024-02-06 07:06:44,2024-02-06 15:17:45,8.18361111111111,6.149444444444445,2.0341666666666667,39.02402892671022,41.47115,139.97355,41.487433,139.992033,2024-02-06,2024-02-06,2024
matsumae13_T1,matsumae13,2024-02-17 07:11:45,2024-02-17 15:32:45,8.35,6.5,1.85,35.32062352756574,41.4483,139.941233,41.489,139.990183,2024-02-17,2024-02-17,2024
matsumae13_T10,matsumae13,2024-08-07 01:43:44,2024-08-07 12:07:44,10.4,7.633888888888889,2.766111111111111,49.464901305266196,41.503233,139.993733,41.480417,139.994967,2024-08-07,2024-08-07,2024
matsumae13_T11,matsumae13,2024-08-07 12:11:45,2024-08-07 12:11:45,0.0,0.0,0.0,0.0,41.470983,140.0043,41.470983,140.0043,2024-08-07,2024-08-07,2024
matsumae13_T12,matsumae13,2024-08-07 12:13:45,2024-08-07 12:13:45,0.0,0.0,0.0,0.0,41.466083,140.0085,41.466083,140.0085,2024-08-07,2024-08-07,2024
matsumae13_T13,matsumae13,2024-08-07 12:18:44,2024-08-07 12:19:44,0.016666666666666666,0.0,0.016666666666666666,0.17130572261039392,41.452683,140.02105,41.451567,140.022467,2024-08-07,2024-08-07,2024
matsumae13_T14,matsumae13,2024-08-07 12:29:45,2024-08-07 12:33:44,0.06638888888888889,0.0,0.06638888888888889,1.1924801463838879,41.429333,140.053583,41.422483,140.064583,2024-08-07,2024-08-07,2024
matsumae13_T15,matsumae13,2024-08-07 13:45:45,2024-08-07 13:55:45,0.16666666666666666,0.0,0.16666666666666666,2.6346799345071807,41.416967,140.0662,41.428533,140.038883,2024-08-07,2024-08-07,2024
matsumae13_T16,matsumae13,2024-08-07 14:04:44,2024-08-07 14:10:44,0.1,0.0,0.1,1.7490286277512588,41.446,140.016417,41.460233,140.008333,2024-08-07,2024-08-07,2024
matsumae13_T17,matsumae13,2024-08-07 14:12:45,2024-08-07 14:12:45,0.0,0.0,0.0,0.1689292053408278,41.466033,140.006567,41.467517,140.006133,2024-08-07,2024-08-07,2024
matsumae13_T18,matsumae13,2024-10-26 10:43:44,2024-10-26 15:32:44,4.816666666666666,0.16611111111111113,4.650555555555556,46.98856745224985,41.490667,139.990917,41.471067,140.002083,2024-10-26,2024-10-26,2024
matsumae13_T19,matsumae13,2024-10-27 06:10:44,2024-10-27 10:37:44,4.45,0.36694444444444446,4.083055555555555,38.81303702844655,41.489067,139.9914,41.499033,139.992683,2024-10-27,2024-10-27,2024
matsumae13_T2,matsumae13,2024-03-23 23:26:45,2024-03-23 23:33:44,0.11638888888888889,0.0,0.11638888888888889,1.6649856945320214,41.451083,140.022017,41.460133,140.0082,2024-03-23,2024-03-23,2024
matsumae13_T20,matsumae13,2024-10-30 03:02:44,2024-10-30 08:05:44,5.05,3.283055555555556,1.7669444444444444,26.61427436864199,41.509817,139.960867,41.496283,139.99135,2024-10-30,2024-10-30,2024
matsumae13_T21,matsumae13,2024-11-01 03:01:45,2024-11-01 08:44:45,5.716666666666667,3.2330555555555556,2.483611111111111,44.42646061129916,41.476367,139.997517,41.430067,140.030417,2024-11-01,2024-11-01,2024
matsumae13_T22,matsumae13,2024-11-01 08:52:44,2024-11-01 08:53:44,0.016666666666666666,0.0,0.016666666666666666,0.32372515432699445,41.450217,140.0195,41.453033,140.018517,2024-11-01,2024-11-01,2024
matsumae13_T23,matsumae13,2024-11-02 03:04:44,2024-11-02 08:29:44,5.416666666666667,2.816666666666667,2.6,37.30381815735017,41.494017,139.990783,41.49805,139.990433,2024-11-02,2024-11-02,2024
matsumae13_T24,matsumae13,2024-11-10 03:07:45,2024-11-10 08:34:45,5.45,2.6494444444444447,2.8005555555555555,38.94426870947235,41.485883,139.984533,41.49175,139.989767,2024-11-10,2024-11-10,2024
matsumae13_T25,matsumae13,2024-11-15 02:51:44,2024-11-15 08:59:45,6.133611111111112,3.566666666666667,2.5669444444444447,47.37059859225058,41.474517,139.999367,41.459317,140.009267,2024-11-15,2024-11-15,2024
matsumae13_T26,matsumae13,2024-11-15 09:01:45,2024-11-15 09:01:45,0.0,0.0,0.0,0.0,41.4657,140.007517,41.4657,140.007517,2024-11-15,2024-11-15,2024
matsumae13_T3,matsumae13,2024-03-23 23:36:45,2024-03-23 23:37:44,0.01638888888888889,0.0,0.01638888888888889,0.240733094977227,41.465383,140.0069,41.467533,140.006567,2024-03-23,2024-03-23,2024
matsumae13_T4,matsumae13,2024-04-04 02:03:44,2024-04-04 02:06:44,0.05,0.0,0.05,0.5323817967401929,41.451433,140.022833,41.453733,140.017367,2024-04-04,2024-04-04,2024
matsumae13_T5,matsumae13,2024-04-18 16:00:44,2024-04-19 03:01:44,11.016666666666667,8.200277777777778,2.816388888888889,46.516152662893745,41.4702,139.9732,41.4832,139.993967,2024-04-18,2024-04-19,2024
matsumae13_T6,matsumae13,2024-08-06 01:34:44,2024-08-06 08:56:44,7.366666666666667,4.767222222222222,2.5994444444444444,42.8584619330513,41.500417,139.992683,41.495617,139.990783,2024-08-06,2024-08-06,2024
matsumae13_T7,matsumae13,2024-08-06 09:12:45,2024-08-06 09:12:45,0.0,0.0,0.0,0.0,41.4524,140.022633,41.4524,140.022633,2024-08-06,2024-08-06,2024
matsumae13_T8,matsumae13,2024-08-06 09:23:44,2024-08-06 09:28:44,0.08333333333333334,0.0,0.08333333333333334,1.5080178262195323,41.430167,140.05215,41.421033,140.06545,2024-08-06,2024-08-06,2024
matsumae13_T9,matsumae13,2024-08-06 10:17:44,2024-08-06 10:22:45,0.08361111111111111,0.0,0.08361111111111111,1.6803794404231605,41.419467,140.064333,41.42805,140.047867,2024-08-06,2024-08-06,2024
matsumae14_T1,matsumae14,2024-02-06 07:02:19,2024-02-06 16:26:20,9.400277777777777,7.2330555555555565,2.167222222222222,41.30019852693119,41.485017,139.993383,41.4871,139.9907,2024-02-06,2024-02-06,2024
matsumae14_T10,matsumae14,2024-08-06 01:33:19,2024-08-06 10:42:19,9.15,6.333055555555556,2.8169444444444447,43.10176876746837,41.500733,139.992033,41.490367,139.990867,2024-08-06,2024-08-06,2024
matsumae14_T11,matsumae14,2024-08-06 10:57:20,2024-08-06 10:58:20,0.016666666666666666,0.0,0.016666666666666666,0.30675663286604726,41.453033,140.018333,41.450567,140.019983,2024-08-06,2024-08-06,2024
matsumae14_T12,matsumae14,2024-08-06 11:09:20,2024-08-06 11:14:19,0.08305555555555556,0.0,0.08305555555555556,1.6665535068698176,41.428917,140.04955,41.419133,140.064683,2024-08-06,2024-08-06,2024
matsumae14_T13,matsumae14,2024-08-06 12:10:20,2024-08-06 12:17:19,0.11638888888888889,0.0,0.11638888888888889,1.9794278092330815,41.418283,140.064883,41.428333,140.045317,2024-08-06,2024-08-06,2024
matsumae14_T14,matsumae14,2024-08-06 12:28:20,2024-08-06 12:28:20,0.0,0.0,0.0,0.0,41.451467,140.0226,41.451467,140.0226,2024-08-06,2024-08-06,2024
matsumae14_T15,matsumae14,2024-08-07 01:44:19,2024-08-07 11:35:20,9.850277777777778,6.665555555555556,3.1847222222222222,47.176515621326544,41.500883,139.993667,41.44835,140.01645,2024-08-07,2024-08-07,2024
matsumae14_T16,matsumae14,2024-08-07 11:46:20,2024-08-07 11:52:20,0.1,0.0,0.1,1.6801204983260625,41.429367,140.048733,41.4204,140.06495,2024-08-07,2024-08-07,2024
matsumae14_T17,matsumae14,2024-08-07 12:30:19,2024-08-07 12:36:19,0.1,0.0,0.1,1.863980289101953,41.419567,140.065767,41.428983,140.047383,2024-08-07,2024-08-07,2024
matsumae14_T18,matsumae14,2024-08-07 12:47:20,2024-08-07 12:47:20,0.0,0.0,0.0,0.1580956917495676,41.451467,140.020633,41.452683,140.01965,2024-08-07,2024-08-07,2024
matsumae14_T19,matsumae14,2024-08-19 01:36:19,2024-08-19 07:45:19,6.15,3.349166666666667,2.8008333333333333,42.22696206096571,41.499767,139.992717,41.503683,139.995883,2024-08-19,2024-08-19,2024
matsumae14_T2,matsumae14,2024-02-17 06:56:20,2024-02-17 06:57:19,0.01638888888888889,0.0,0.01638888888888889,0.38254074196234233,41.48515,139.993067,41.485267,139.992233,2024-02-17,2024-02-17,2024
matsumae14_T20,matsumae14,2024-08-20 01:39:19,2024-08-20 07:04:19,5.416666666666667,3.3494444444444444,2.067222222222222,37.41234001815411,41.500883,139.992433,41.501517,139.993333,2024-08-20,2024-08-20,2024
matsumae14_T21,matsumae14,2024-08-28 01:46:20,2024-08-28 07:29:19,5.716388888888889,2.9166666666666665,2.7997222222222224,40.12406187810988,41.488767,139.991383,41.538067,139.969433,2024-08-28,2024-08-28,2024
matsumae14_T22,matsumae14,2024-08-28 07:33:19,2024-08-28 07:42:20,0.1502777777777778,0.0,0.1502777777777778,3.132296136593256,41.528783,139.977383,41.504583,139.996617,2024-08-28,2024-08-28,2024
matsumae14_T23,matsumae14,2024-10-26 02:47:20,2024-10-26 09:38:20,6.85,4.617222222222223,2.2327777777777778,35.87105073651638,41.498367,139.990817,41.493133,139.989617,2024-10-26,2024-10-26,2024
matsumae14_T24,matsumae14,2024-10-26 10:37:19,2024-10-26 15:37:19,5.0,0.1325,4.8675,49.56403526083447,41.495083,139.9904,41.475783,139.998,2024-10-26,2024-10-26,2024
matsumae14_T25,matsumae14,2024-10-27 06:06:19,2024-10-27 10:39:19,4.55,0.3161111111111111,4.233888888888889,38.09284633480712,41.488267,139.991383,41.499717,139.99225,2024-10-27,2024-10-27,2024
matsumae14_T26,matsumae14,2024-10-29 12:32:20,2024-10-29 12:33:20,0.016666666666666666,0.0,0.016666666666666666,0.3677205143115339,41.453883,140.0167,41.451317,140.019483,2024-10-29,2024-10-29,2024
matsumae14_T27,matsumae14,2024-10-29 12:43:19,2024-10-29 12:50:20,0.11694444444444445,0.0,0.11694444444444445,2.002269551309875,41.428767,140.047783,41.417267,140.06625,2024-10-29,2024-10-29,2024
matsumae14_T28,matsumae14,2024-10-29 13:00:19,2024-11-10 12:19:19,287.31666666666666,266.01638888888886,21.300277777777776,32.37154392367243,41.4057,140.10665,41.405633,140.10385,2024-10-29,2024-11-10,2024
matsumae14_T29,matsumae14,2024-11-10 12:30:19,2024-11-10 12:40:19,0.16666666666666669,0.0,0.16666666666666669,2.834411663327916,41.411067,140.068517,41.4284,140.04475,2024-11-10,2024-11-10,2024
matsumae14_T3,matsumae14,2024-02-17 07:17:19,2024-02-17 16:23:19,9.1,7.0,2.1,40.76727063132275,41.48705,139.99105,41.483233,139.99395,2024-02-17,2024-02-17,2024
matsumae14_T30,matsumae14,2024-11-10 12:49:19,2024-11-10 12:51:20,0.03361111111111111,0.0,0.03361111111111111,0.4514845993541443,41.450233,140.020233,41.4536,140.017217,2024-11-10,2024-11-10,2024
matsumae14_T31,matsumae14,2024-11-15 02:57:19,2024-11-15 02:57:19,0.0,0.0,0.0,0.0,41.467083,140.0068,41.467083,140.0068,2024-11-15,2024-11-15,2024
matsumae14_T32,matsumae14,2024-11-15 02:59:19,2024-11-15 09:14:20,6.250277777777778,3.5008333333333335,2.7494444444444444,50.65655691941328,41.460167,140.007317,41.428317,140.040133,2024-11-15,2024-11-15,2024
matsumae14_T33,matsumae14,2024-11-15 09:23:20,2024-11-15 09:23:20,0.0,0.0,0.0,0.0,41.452367,140.022583,41.452367,140.022583,2024-11-15,2024-11-15,2024
matsumae14_T4,matsumae14,2024-02-25 07:01:20,2024-02-25 15:47:19,8.766388888888889,6.366944444444444,2.3994444444444447,41.06768782989671,41.48195,139.9938,41.485567,139.99235,2024-02-25,2024-02-25,2024
matsumae14_T5,matsumae14,2024-04-04 03:52:19,2024-04-04 03:54:19,0.03333333333333334,0.0,0.03333333333333334,0.5527745971960292,41.450917,140.02195,41.454117,140.016917,2024-04-04,2024-04-04,2024
matsumae14_T6,matsumae14,2024-04-18 16:11:19,2024-04-18 23:17:19,7.1000000000000005,4.766388888888889,2.3336111111111113,43.93968311743603,41.484267,139.992733,41.4836,139.993333,2024-04-18,2024-04-18,2024
matsumae14_T7,matsumae14,2024-08-01 01:30:20,2024-08-01 07:32:19,6.033055555555555,4.1,1.9330555555555555,34.99404083753219,41.497267,139.991817,41.501133,139.9923,2024-08-01,2024-08-01,2024
matsumae14_T8,matsumae14,2024-08-03 01:43:19,2024-08-03 08:38:19,6.916666666666667,3.6172222222222223,3.2994444444444446,43.18781986431704,41.49555,139.9911,41.553,139.964467,2024-08-03,2024-08-03,2024
matsumae14_T9,matsumae14,2024-08-03 08:51:20,2024-08-03 08:59:20,0.13333333333333333,0.0,0.13333333333333333,2.4291945261653582,41.526117,139.985467,41.50625,139.9976,2024-08-03,2024-08-03,2024
matsumae15_T1,matsumae15,2024-01-03 07:26:04,2024-01-03 07:26:04,0.0,0.0,0.0,0.20770477975298812,41.452567,140.019817,41.450767,140.020483,2024-01-03,2024-01-03,2024
matsumae15_T10,matsumae15,2024-01-20 09:35:04,2024-01-20 10:19:04,0.7333333333333334,0.6,0.13333333333333333,1.8130414592975406,41.423183,140.064883,41.42985,140.051,2024-01-20,2024-01-20,2024
matsumae15_T11,matsumae15,2024-01-20 11:56:04,2024-01-20 11:56:04,0.0,0.0,0.0,0.0,41.451983,140.0239,41.451983,140.0239,2024-01-20,2024-01-20,2024
matsumae15_T12,matsumae15,2024-01-28 07:28:04,2024-01-28 07:28:04,0.0,0.0,0.0,0.20390918373488334,41.4528,140.02015,41.451067,140.02095,2024-01-28,2024-01-28,2024
matsumae15_T13,matsumae15,2024-01-28 10:58:04,2024-01-28 12:03:04,1.0833333333333335,0.9666666666666667,0.11666666666666667,1.4627015081104264,41.429567,140.049867,41.429017,140.049883,2024-01-28,2024-01-28,2024
matsumae15_T14,matsumae15,2024-01-28 12:55:05,2024-01-28 12:55:05,0.0,0.0,0.0,0.0,41.452017,140.022967,41.452017,140.022967,2024-01-28,2024-01-28,2024
matsumae15_T15,matsumae15,2024-02-06 14:13:05,2024-02-07 03:03:04,12.833055555555555,10.199722222222222,2.6333333333333333,44.15997017094759,41.4841,139.993033,41.483367,139.994267,2024-02-06,2024-02-07,2024
matsumae15_T16,matsumae15,2024-04-11 15:37:05,2024-04-12 04:41:04,13.06638888888889,10.199166666666667,2.8672222222222223,45.733256451447765,41.48245,139.994033,41.485433,139.991717,2024-04-11,2024-04-12,2024
matsumae15_T17,matsumae15,2024-04-13 15:42:04,2024-04-14 02:11:05,10.483611111111111,8.000555555555556,2.4830555555555556,47.178508610497815,41.483167,139.99375,41.48405,139.994217,2024-04-13,2024-04-14,2024
matsumae15_T18,matsumae15,2024-04-18 15:56:05,2024-04-18 22:58:05,7.033333333333333,0.3002777777777778,6.733055555555555,47.61846109546167,41.483833,139.99295,41.48555,139.991517,2024-04-18,2024-04-18,2024
matsumae15_T19,matsumae15,2024-06-29 08:00:05,2024-06-29 08:06:04,0.09972222222222223,0.0,0.09972222222222223,2.294916675157819,41.505983,139.9958,41.525083,139.985617,2024-06-29,2024-06-29,2024
matsumae15_T2,matsumae15,2024-01-03 09:26:04,2024-01-03 11:26:04,2.0,1.7838888888888889,0.21611111111111111,3.5289518523022307,41.432083,140.056683,41.42975,140.052167,2024-01-03,2024-01-03,2024
matsumae15_T20,matsumae15,2024-07-03 08:57:04,2024-07-03 09:04:05,0.11694444444444445,0.0,0.11694444444444445,2.5678844298216754,41.525067,139.984583,41.503733,139.996067,2024-07-03,2024-07-03,2024
matsumae15_T21,matsumae15,2024-07-10 09:38:05,2024-07-10 10:04:05,0.43333333333333335,0.08305555555555556,0.3502777777777778,6.091475738518502,41.481483,139.917717,41.490833,139.98935,2024-07-10,2024-07-10,2024
matsumae15_T22,matsumae15,2024-07-11 01:12:05,2024-07-11 10:49:05,9.616666666666667,7.216388888888889,2.4002777777777777,38.2573884737386,41.49785,139.9919,41.48605,139.992183,2024-07-11,2024-07-11,2024
matsumae15_T23,matsumae15,2024-07-12 01:01:04,2024-07-12 11:54:04,10.883333333333333,8.400277777777777,2.4830555555555556,38.62225010673992,41.493817,139.990783,41.497933,139.99115,2024-07-12,2024-07-12,2024
matsumae15_T24,matsumae15,2024-07-16 01:04:04,2024-07-16 09:22:04,8.3,5.7,2.6,42.846775877302626,41.502017,139.993433,41.443417,140.017467,2024-07-16,2024-07-16,2024
matsumae15_T25,matsumae15,2024-07-16 09:28:05,2024-07-16 09:32:05,0.06666666666666667,0.0,0.06666666666666667,2.205440797968012,41.42765,140.042667,41.417267,140.0652,2024-07-16,2024-07-16,2024
matsumae15_T26,matsumae15,2024-07-16 11:11:04,2024-07-16 11:16:04,0.08333333333333334,0.0,0.08333333333333334,1.9497038091169359,41.417917,140.06515,41.427433,140.045583,2024-07-16,2024-07-16,2024
matsumae15_T27,matsumae15,2024-07-16 11:24:04,2024-07-16 11:25:05,0.016944444444444446,0.0,0.016944444444444446,0.39186843802172816,41.449933,140.018317,41.45325,140.016733,2024-07-16,2024-07-16,2024
matsumae15_T28,matsumae15,2024-07-17 01:14:04,2024-07-17 11:29:04,10.25,6.216111111111111,4.033888888888889,66.26986736580314,41.501417,139.9931,41.442933,140.0179,2024-07-17,2024-07-17,2024
matsumae15_T29,matsumae15,2024-07-17 11:36:04,2024-07-17 11:45:04,0.15000000000000002,0.0,0.15000000000000002,2.4387887931049415,41.428333,140.040667,41.417567,140.066117,2024-07-17,2024-07-17,2024
matsumae15_T3,matsumae15,2024-01-03 12:29:05,2024-01-03 12:29:05,0.0,0.0,0.0,0.1440016865519398,41.451083,140.02215,41.452267,140.02145,2024-01-03,2024-01-03,2024
matsumae15_T30,matsumae15,2024-07-17 14:53:05,2024-07-17 14:56:04,0.04972222222222222,0.0,0.04972222222222222,1.5633326797694145,41.419783,140.065983,41.4282,140.050967,2024-07-17,2024-07-17,2024
matsumae15_T31,matsumae15,2024-07-17 15:04:04,2024-07-17 15:04:04,0.0,0.0,0.0,0.0,41.451633,140.020233,41.451633,140.020233,2024-07-17,2024-07-17,2024
matsumae15_T32,matsumae15,2024-08-01 01:24:04,2024-08-01 07:52:05,6.466944444444445,4.516944444444444,1.95,36.0667580363605,41.500767,139.99245,41.4991,139.99125,2024-08-01,2024-08-01,2024
matsumae15_T33,matsumae15,2024-08-03 01:47:04,2024-08-03 08:12:04,6.416666666666667,2.4,4.016666666666667,43.09784465073222,41.499983,139.99185,41.504383,139.9944,2024-08-03,2024-08-03,2024
matsumae15_T34,matsumae15,2024-08-04 06:35:04,2024-08-04 17:11:04,10.6,2.1169444444444445,8.483055555555556,43.94442767611608,41.484617,139.993617,41.479133,139.99565,2024-08-04,2024-08-04,2024
matsumae15_T35,matsumae15,2024-08-05 05:39:05,2024-08-05 13:37:05,7.966666666666667,5.766388888888889,2.200277777777778,44.35638987176426,41.485133,139.99335,41.483833,139.992383,2024-08-05,2024-08-05,2024
matsumae15_T36,matsumae15,2024-08-07 01:50:05,2024-08-07 13:36:05,11.766666666666667,8.8,2.966666666666667,55.36185658454949,41.502083,139.994417,41.443183,140.017333,2024-08-07,2024-08-07,2024
matsumae15_T37,matsumae15,2024-08-07 13:42:04,2024-08-07 13:49:04,0.11666666666666667,0.0,0.11666666666666667,2.7266554812330495,41.4282,140.039467,41.41465,140.066567,2024-08-07,2024-08-07,2024
matsumae15_T38,matsumae15,2024-08-07 14:36:04,2024-08-07 14:41:05,0.08361111111111112,0.0,0.08361111111111112,2.1823408969817955,41.4176,140.06465,41.428533,140.042983,2024-08-07,2024-08-07,2024
matsumae15_T39,matsumae15,2024-08-07 14:48:04,2024-08-07 14:48:04,0.0,0.0,0.0,0.0,41.4517,140.019683,41.4517,140.019683,2024-08-07,2024-08-07,2024
matsumae15_T4,matsumae15,2024-01-19 09:29:04,2024-01-19 09:29:04,0.0,0.0,0.0,0.0,41.45155,140.023117,41.45155,140.023117,2024-01-19,2024-01-19,2024
matsumae15_T40,matsumae15,2024-08-19 01:39:05,2024-08-19 07:43:05,6.066666666666666,2.499722222222222,3.5669444444444447,46.38932547712246,41.501367,139.993483,41.50235,139.9937,2024-08-19,2024-08-19,2024
matsumae15_T41,matsumae15,2024-08-20 01:49:04,2024-08-20 08:34:04,6.75,3.616111111111111,3.133888888888889,68.94217881624513,41.477867,139.99595,41.486267,139.991,2024-08-20,2024-08-20,2024
matsumae15_T42,matsumae15,2024-08-28 01:57:04,2024-08-28 07:24:05,5.450277777777778,2.1327777777777777,3.3175,46.25732893494213,41.473317,140.00085,41.428583,140.039467,2024-08-28,2024-08-28,2024
matsumae15_T43,matsumae15,2024-08-28 07:31:04,2024-08-28 07:31:04,0.0,0.0,0.0,0.21424527698902227,41.451217,140.019517,41.453017,140.0186,2024-08-28,2024-08-28,2024
matsumae15_T44,matsumae15,2024-08-29 01:51:04,2024-08-29 02:01:05,0.16694444444444445,0.0,0.16694444444444445,3.6066418184017643,41.502317,139.99395,41.531067,139.973967,2024-08-29,2024-08-29,2024
matsumae15_T45,matsumae15,2024-08-29 02:03:04,2024-08-29 07:41:05,5.633611111111111,2.033611111111111,3.6,35.5054008966759,41.538833,139.968583,41.545833,139.9644,2024-08-29,2024-08-29,2024
matsumae15_T46,matsumae15,2024-08-29 07:42:05,2024-08-29 07:43:04,0.01638888888888889,0.0,0.01638888888888889,0.3871019341180144,41.541317,139.9672,41.538067,139.968867,2024-08-29,2024-08-29,2024
matsumae15_T47,matsumae15,2024-08-29 07:45:04,2024-08-29 07:55:04,0.16666666666666666,0.0,0.16666666666666666,3.9849358104692167,41.5331,139.971383,41.501317,139.993167,2024-08-29,2024-08-29,2024
matsumae15_T48,matsumae15,2024-09-02 05:34:05,2024-09-02 15:03:05,9.483333333333334,7.616666666666667,1.8666666666666667,43.19692425064913,41.485817,139.992683,41.484033,139.993267,2024-09-02,2024-09-02,2024
matsumae15_T49,matsumae15,2024-09-03 05:35:04,2024-09-03 14:52:04,9.283333333333333,7.683611111111111,1.5997222222222223,40.96204536159209,41.47205,139.97705,41.483233,139.994383,2024-09-03,2024-09-03,2024
matsumae15_T5,matsumae15,2024-01-19 12:42:05,2024-01-19 12:59:04,0.28305555555555556,0.24972222222222223,0.03333333333333334,0.37801586254019737,41.429167,140.050183,41.429633,140.0504,2024-01-19,2024-01-19,2024
matsumae15_T50,matsumae15,2024-09-07 05:43:05,2024-09-07 15:33:05,9.833333333333334,8.016666666666667,1.8166666666666667,42.85424146067005,41.482833,139.993133,41.485033,139.992917,2024-09-07,2024-09-07,2024
matsumae15_T51,matsumae15,2024-09-08 05:33:05,2024-09-08 16:10:05,10.616666666666667,8.616388888888888,2.000277777777778,43.90146915116539,41.4838,139.993983,41.484117,139.99285,2024-09-08,2024-09-08,2024
matsumae15_T52,matsumae15,2024-09-12 05:44:05,2024-09-12 16:15:05,10.516666666666667,8.183333333333334,2.3333333333333335,50.21473317800129,41.482917,139.993383,41.484983,139.992233,2024-09-12,2024-09-12,2024
matsumae15_T53,matsumae15,2024-09-13 05:39:04,2024-09-13 15:34:05,9.916944444444445,7.933055555555556,1.983888888888889,43.455424707246415,41.48335,139.992517,41.478767,139.996367,2024-09-13,2024-09-13,2024
matsumae15_T54,matsumae15,2024-09-17 05:55:05,2024-09-17 15:27:04,9.533055555555556,7.583055555555556,1.95,43.33003882495794,41.482283,139.994983,41.471517,139.984183,2024-09-17,2024-09-17,2024
matsumae15_T55,matsumae15,2024-09-18 05:28:05,2024-09-18 16:53:05,11.416666666666666,9.032777777777778,2.383888888888889,53.48306377484892,41.485883,139.991433,41.481233,139.99425,2024-09-18,2024-09-18,2024
matsumae15_T56,matsumae15,2024-09-23 06:10:05,2024-09-23 15:59:04,9.81638888888889,4.100277777777778,5.716111111111111,43.79356645265785,41.483317,139.9929,41.4825,139.994617,2024-09-23,2024-09-23,2024
matsumae15_T57,matsumae15,2024-10-07 05:36:05,2024-10-07 11:26:04,5.833055555555556,4.416666666666667,1.416388888888889,30.134126329083355,41.49245,139.99075,41.493383,139.98995,2024-10-07,2024-10-07,2024
matsumae15_T58,matsumae15,2024-10-11 05:55:05,2024-10-11 11:25:05,5.5,4.482777777777778,1.0172222222222222,20.997839500730404,41.493233,139.99055,41.490967,139.990967,2024-10-11,2024-10-11,2024
matsumae15_T59,matsumae15,2024-10-14 06:16:05,2024-10-14 11:00:05,4.733333333333333,3.8675,0.8658333333333333,17.88309269927033,41.494233,139.989967,41.492283,139.990883,2024-10-14,2024-10-14,2024
matsumae15_T6,matsumae15,2024-01-19 13:06:05,2024-01-19 13:42:05,0.6,0.5,0.1,1.3874397765526523,41.429583,140.0496,41.429783,140.050967,2024-01-19,2024-01-19,2024
matsumae15_T60,matsumae15,2024-10-17 06:11:04,2024-10-17 11:20:04,5.15,4.083333333333333,1.0666666666666667,20.324320386150006,41.493433,139.99035,41.49315,139.9904,2024-10-17,2024-10-17,2024
matsumae15_T61,matsumae15,2024-10-18 02:55:05,2024-10-18 08:03:05,5.133333333333334,2.3683333333333336,2.765,41.9093994384022,41.474283,139.998833,41.428917,140.036517,2024-10-18,2024-10-18,2024
matsumae15_T62,matsumae15,2024-10-18 08:10:05,2024-10-18 08:11:05,0.016666666666666666,0.0,0.016666666666666666,0.195699179995338,41.450817,140.021,41.452467,140.020183,2024-10-18,2024-10-18,2024
matsumae15_T63,matsumae15,2024-10-21 06:30:05,2024-10-21 10:49:04,4.316388888888889,3.0997222222222223,1.2166666666666668,24.896121349831308,41.49355,139.991083,41.499717,139.99245,2024-10-21,2024-10-21,2024
matsumae15_T64,matsumae15,2024-10-26 02:56:04,2024-10-26 15:32:05,12.600277777777778,5.015555555555555,7.584722222222222,96.10333509512202,41.497617,139.99195,41.472483,140.000567,2024-10-26,2024-10-26,2024
matsumae15_T65,matsumae15,2024-10-27 06:08:05,2024-10-27 10:37:04,4.483055555555556,0.3666666666666667,4.116388888888889,39.71228966493065,41.489483,139.990483,41.49515,139.990533,2024-10-27,2024-10-27,2024
matsumae15_T66,matsumae15,2024-10-30 02:54:05,2024-10-30 10:05:04,7.183055555555556,4.266666666666667,2.916388888888889,45.69439661370353,41.501417,139.992967,41.488517,139.990283,2024-10-30,2024-10-30,2024
matsumae15_T67,matsumae15,2024-11-06 06:40:04,2024-11-06 13:06:04,6.433333333333334,5.033333333333333,1.4000000000000001,31.049356699936048,41.499667,139.99195,41.498583,139.990583,2024-11-06,2024-11-06,2024
matsumae15_T68,matsumae15,2024-11-10 06:43:05,2024-11-10 11:18:04,4.583055555555556,3.3833333333333333,1.1997222222222224,27.83135910381298,41.498317,139.991133,41.49405,139.989933,2024-11-10,2024-11-10,2024
matsumae15_T69,matsumae15,2024-11-15 03:12:05,2024-11-15 03:12:05,0.0,0.0,0.0,0.15089403109363103,41.4676,140.006383,41.46625,140.006567,2024-11-15,2024-11-15,2024
matsumae15_T7,matsumae15,2024-01-19 13:55:05,2024-01-19 13:56:05,0.016666666666666666,0.0,0.016666666666666666,0.14021833811459183,41.450983,140.021117,41.452183,140.0206,2024-01-19,2024-01-19,2024
matsumae15_T70,matsumae15,2024-11-15 03:14:04,2024-11-15 09:11:04,5.95,3.0658333333333334,2.8841666666666668,43.9244796558485,41.460883,140.007233,41.430567,140.02925,2024-11-15,2024-11-15,2024
matsumae15_T71,matsumae15,2024-11-15 09:16:04,2024-11-15 09:17:04,0.016666666666666666,0.0,0.016666666666666666,0.25317929471088496,41.451517,140.0189,41.453667,140.0179,2024-11-15,2024-11-15,2024
matsumae15_T72,matsumae15,2024-11-16 06:34:05,2024-11-16 13:07:05,6.55,5.248888888888889,1.301111111111111,31.211711803103814,41.500183,139.992083,41.493267,139.988783,2024-11-16,2024-11-16,2024
matsumae15_T73,matsumae15,2024-11-21 06:54:04,2024-11-21 11:30:04,4.6000000000000005,3.1830555555555557,1.4169444444444446,29.92126032860357,41.500433,139.991683,41.491317,139.98895,2024-11-21,2024-11-21,2024
matsumae15_T74,matsumae15,2024-12-04 06:39:04,2024-12-04 10:22:05,3.7169444444444446,2.6183333333333336,1.0986111111111112,22.607946563580064,41.502517,139.993583,41.503583,139.995083,2024-12-04,2024-12-04,2024
matsumae15_T75,matsumae15,2024-12-21 07:42:04,2024-12-21 07:42:04,0.0,0.0,0.0,0.0,41.452033,140.0231,41.452033,140.0231,2024-12-21,2024-12-21,2024
matsumae15_T76,matsumae15,2024-12-25 10:15:04,2024-12-25 10:15:04,0.0,0.0,0.0,0.12140613674691188,41.4522,140.021133,41.451217,140.021767,2024-12-25,2024-12-25,2024
matsumae15_T77,matsumae15,2024-12-25 15:18:04,2024-12-25 15:18:04,0.0,0.0,0.0,0.16115217240035648,41.45125,140.02105,41.452433,140.019933,2024-12-25,2024-12-25,2024
matsumae15_T8,matsumae15,2024-01-20 07:53:04,2024-01-20 07:53:04,0.0,0.0,0.0,0.0,41.451467,140.021617,41.451467,140.021617,2024-01-20,2024-01-20,2024
matsumae15_T9,matsumae15,2024-01-20 09:04:04,2024-01-20 09:09:05,0.08361111111111111,0.0,0.08361111111111111,1.7271331602280564,41.428783,140.0503,41.418583,140.065917,2024-01-20,2024-01-20,2024
matsumae16_T1,matsumae16,2024-04-18 15:41:20,2024-04-19 04:52:20,13.183333333333334,10.15,3.033333333333333,51.21327164754673,41.4842,139.993383,41.486417,139.99175,2024-04-18,2024-04-19,2024
matsumae16_T10,matsumae16,2024-10-27 06:08:20,2024-10-27 10:37:20,4.483333333333333,0.4166666666666667,4.066666666666666,39.240402024692976,41.489983,139.99035,41.493367,139.9904,2024-10-27,2024-10-27,2024
matsumae16_T11,matsumae16,2024-11-01 03:07:20,2024-11-01 08:41:20,5.566666666666666,2.8830555555555555,2.6836111111111114,39.79983960974143,41.485967,139.991833,41.48925,139.991367,2024-11-01,2024-11-01,2024
matsumae16_T12,matsumae16,2024-11-15 03:18:19,2024-11-15 08:27:20,5.150277777777778,2.216388888888889,2.9338888888888888,46.772880821606755,41.44815,140.003033,41.456217,140.011883,2024-11-15,2024-11-15,2024
matsumae16_T2,matsumae16,2024-07-17 01:16:19,2024-07-17 09:39:20,8.383611111111112,5.250277777777778,3.1333333333333333,49.22512263630781,41.496683,139.9917,41.413733,140.067633,2024-07-17,2024-07-17,2024
matsumae16_T3,matsumae16,2024-07-17 13:04:20,2024-07-17 13:09:20,0.08333333333333334,0.0,0.08333333333333334,1.53574093526588,41.421517,140.064583,41.42955,140.049617,2024-07-17,2024-07-17,2024
matsumae16_T4,matsumae16,2024-07-17 13:21:19,2024-07-17 13:21:19,0.0,0.0,0.0,0.0,41.452333,140.02345,41.452333,140.02345,2024-07-17,2024-07-17,2024
matsumae16_T5,matsumae16,2024-08-07 01:44:19,2024-08-07 10:34:20,8.83361111111111,6.232777777777778,2.6008333333333336,47.791050638773726,41.501733,139.993083,41.415117,140.066983,2024-08-07,2024-08-07,2024
matsumae16_T6,matsumae16,2024-08-07 11:18:19,2024-08-07 11:22:20,0.06694444444444445,0.0,0.06694444444444445,1.3683293527701068,41.422517,140.065883,41.429733,140.0526,2024-08-07,2024-08-07,2024
matsumae16_T7,matsumae16,2024-08-07 11:33:19,2024-08-07 11:33:19,0.0,0.0,0.0,0.0,41.45235,140.021817,41.45235,140.021817,2024-08-07,2024-08-07,2024
matsumae16_T8,matsumae16,2024-10-18 03:00:20,2024-10-18 09:14:19,6.233055555555556,3.9672222222222224,2.2658333333333336,37.05866677632522,41.494717,139.990517,41.488783,139.991633,2024-10-18,2024-10-18,2024
matsumae16_T9,matsumae16,2024-10-26 03:11:20,2024-10-26 08:42:19,5.516388888888889,3.232222222222222,2.2841666666666667,33.655627906379834,41.496583,139.981783,41.49245,139.989983,2024-10-26,2024-10-26,2024
matsumae17_T1,matsumae17,2024-04-04 04:06:40,2024-04-04 04:16:39,0.1663888888888889,0.09944444444444445,0.06694444444444445,1.151456762831587,41.451583,140.022967,41.454833,140.01435,2024-04-04,2024-04-04,2024
matsumae17_T10,matsumae17,2024-08-01 01:26:39,2024-08-01 07:36:39,6.166666666666667,4.533055555555555,1.6336111111111111,33.14745340468968,41.507883,139.955717,41.501367,139.992967,2024-08-01,2024-08-01,2024
matsumae17_T11,matsumae17,2024-08-06 02:57:38,2024-08-06 09:07:40,6.167222222222223,5.117222222222222,1.05,23.552081373803347,41.5609,139.904933,41.503933,139.994317,2024-08-06,2024-08-06,2024
matsumae17_T12,matsumae17,2024-08-06 09:42:39,2024-08-06 09:42:39,0.0,0.0,0.0,0.1374531525783259,41.4524,140.020617,41.451417,140.021617,2024-08-06,2024-08-06,2024
matsumae17_T13,matsumae17,2024-08-06 09:55:39,2024-08-06 10:00:39,0.08333333333333334,0.0,0.08333333333333334,1.355070702647657,41.4296,140.051983,41.422017,140.064683,2024-08-06,2024-08-06,2024
matsumae17_T14,matsumae17,2024-08-06 10:49:39,2024-08-06 10:54:40,0.08361111111111111,0.0,0.08361111111111111,1.4752472586890588,41.42225,140.065533,41.430017,140.05125,2024-08-06,2024-08-06,2024
matsumae17_T15,matsumae17,2024-09-09 01:45:39,2024-09-09 08:08:39,6.383333333333334,3.0658333333333334,3.3175,54.0099551547866,41.481233,139.995167,41.473533,140.000667,2024-09-09,2024-09-09,2024
matsumae17_T16,matsumae17,2024-09-13 01:38:39,2024-09-13 07:38:39,6.0,4.099722222222222,1.9002777777777777,44.455533540208684,41.507517,140.000167,41.500933,139.992367,2024-09-13,2024-09-13,2024
matsumae17_T17,matsumae17,2024-09-18 06:11:40,2024-10-17 09:06:40,698.9166666666666,11.715833333333334,687.2008333333334,99.00020918165525,41.52815,139.92145,41.492833,139.990333,2024-09-18,2024-10-17,2024
matsumae17_T18,matsumae17,2024-10-18 03:11:39,2024-10-18 09:42:40,6.516944444444444,5.233888888888889,1.2830555555555556,28.44404009003272,41.515333,139.941417,41.497417,139.99145,2024-10-18,2024-10-18,2024
matsumae17_T19,matsumae17,2024-10-26 02:15:40,2024-10-26 09:06:39,6.849722222222222,4.867222222222222,1.9825000000000002,37.84077222028904,41.5008,139.992933,41.503967,139.994483,2024-10-26,2024-10-26,2024
matsumae17_T2,matsumae17,2024-07-10 09:19:40,2024-07-10 09:40:40,0.35000000000000003,0.0,0.35000000000000003,6.183049994326581,41.461433,139.952633,41.438283,140.019383,2024-07-10,2024-07-10,2024
matsumae17_T20,matsumae17,2024-10-26 14:44:40,2024-10-26 15:21:40,0.6166666666666667,0.0,0.6166666666666667,5.770161586880008,41.4121,140.0337,41.459917,140.008767,2024-10-26,2024-10-26,2024
matsumae17_T21,matsumae17,2024-10-26 15:25:40,2024-10-26 15:25:40,0.0,0.0,0.0,0.09291499146771184,41.466383,140.007617,41.4672,140.007383,2024-10-26,2024-10-26,2024
matsumae17_T22,matsumae17,2024-10-27 06:05:40,2024-10-27 10:40:39,4.583055555555556,0.26694444444444443,4.316111111111112,41.73473658091817,41.488033,139.991733,41.500017,139.993167,2024-10-27,2024-10-27,2024
matsumae17_T23,matsumae17,2024-10-30 02:33:40,2024-10-30 07:55:40,5.366666666666667,3.499722222222222,1.8669444444444445,28.596962522726066,41.499817,139.985267,41.499867,139.991333,2024-10-30,2024-10-30,2024
matsumae17_T24,matsumae17,2024-11-01 03:09:40,2024-11-01 08:59:40,5.833333333333334,3.716666666666667,2.1166666666666667,37.46575570301498,41.422217,139.982033,41.403467,140.10065,2024-11-01,2024-11-01,2024
matsumae17_T25,matsumae17,2024-11-01 09:11:39,2024-11-01 09:16:40,0.08361111111111111,0.0,0.08361111111111111,1.7297936806272018,41.419833,140.0658,41.429,140.049067,2024-11-01,2024-11-01,2024
matsumae17_T26,matsumae17,2024-11-02 06:32:39,2024-11-02 08:07:39,1.5833333333333333,0.7666666666666667,0.8166666666666667,11.249266427561434,41.4943,139.990917,41.490017,139.99005,2024-11-02,2024-11-02,2024
matsumae17_T27,matsumae17,2024-11-10 02:49:40,2024-11-10 09:27:40,6.633333333333334,4.116944444444445,2.516388888888889,44.836395710955415,41.471833,140.002333,41.4131,140.112217,2024-11-10,2024-11-10,2024
matsumae17_T28,matsumae17,2024-11-10 10:05:40,2024-11-10 10:09:40,0.06666666666666667,0.0,0.06666666666666667,1.301800323816722,41.42285,140.065233,41.4293,140.0523,2024-11-10,2024-11-10,2024
matsumae17_T29,matsumae17,2024-11-10 10:21:39,2024-11-10 10:22:39,0.016666666666666666,0.0,0.016666666666666666,0.14106778952202753,41.451267,140.022117,41.452433,140.02145,2024-11-10,2024-11-10,2024
matsumae17_T3,matsumae17,2024-07-10 09:46:40,2024-07-10 09:55:39,0.14972222222222223,0.0,0.14972222222222223,2.8172849846798993,41.428467,140.03755,41.41555,140.066567,2024-07-10,2024-07-10,2024
matsumae17_T30,matsumae17,2024-11-14 06:32:40,2024-11-14 08:33:40,2.0166666666666666,1.05,0.9666666666666667,16.34276040673699,41.49295,139.98785,41.491633,139.9809,2024-11-14,2024-11-14,2024
matsumae17_T31,matsumae17,2024-11-15 02:24:39,2024-11-15 08:08:40,5.733611111111111,2.6344444444444446,3.0991666666666666,43.63225100117999,41.467783,140.005517,41.39555,140.169983,2024-11-15,2024-11-15,2024
matsumae17_T32,matsumae17,2024-11-15 08:12:39,2024-11-15 08:26:40,0.23361111111111113,0.0,0.23361111111111113,4.31305271208584,41.39895,140.155867,41.406433,140.105267,2024-11-15,2024-11-15,2024
matsumae17_T33,matsumae17,2024-11-15 08:38:40,2024-11-15 08:44:39,0.09972222222222223,0.0,0.09972222222222223,1.6738812207595306,41.420533,140.06485,41.42885,140.048167,2024-11-15,2024-11-15,2024
matsumae17_T34,matsumae17,2024-11-15 08:56:39,2024-11-15 08:56:39,0.0,0.0,0.0,0.0,41.451717,140.021967,41.451717,140.021967,2024-11-15,2024-11-15,2024
matsumae17_T35,matsumae17,2024-11-26 07:04:39,2024-11-26 09:44:39,2.6666666666666665,2.1,0.5666666666666667,10.757202215990482,41.494967,139.954617,41.495433,139.9901,2024-11-26,2024-11-26,2024
matsumae17_T36,matsumae17,2024-12-21 07:18:39,2024-12-21 11:00:39,3.7,2.7319444444444447,0.9680555555555556,20.24768450600209,41.5008,139.974333,41.504567,139.970083,2024-12-21,2024-12-21,2024
matsumae17_T4,matsumae17,2024-07-10 10:39:39,2024-07-10 10:45:39,0.1,0.0,0.1,1.6050546578659095,41.4215,140.064917,41.428933,140.048483,2024-07-10,2024-07-10,2024
matsumae17_T5,matsumae17,2024-07-10 11:00:40,2024-07-10 11:00:40,0.0,0.0,0.0,0.0,41.452433,140.022733,41.452433,140.022733,2024-07-10,2024-07-10,2024
matsumae17_T6,matsumae17,2024-07-11 01:03:39,2024-07-11 11:19:39,10.266666666666667,8.54861111111111,1.7180555555555557,40.60369794231715,41.509083,139.9507,41.4663,140.0058,2024-07-11,2024-07-11,2024
matsumae17_T7,matsumae17,2024-07-11 11:25:39,2024-07-11 11:26:39,0.016666666666666666,0.0,0.016666666666666666,0.3406268776381003,41.453167,140.018617,41.450767,140.02115,2024-07-11,2024-07-11,2024
matsumae17_T8,matsumae17,2024-07-11 11:36:40,2024-07-11 11:41:40,0.08333333333333333,0.0,0.08333333333333333,1.448248689341669,41.428683,140.050683,41.421133,140.064817,2024-07-11,2024-07-11,2024
matsumae17_T9,matsumae17,2024-07-11 12:47:40,2024-07-11 12:53:40,0.1,0.0,0.1,1.4421154075279832,41.4226,140.065717,41.429767,140.051317,2024-07-11,2024-07-11,2024
matsumae18_T1,matsumae18,2024-07-09 01:28:04,2024-07-09 08:50:04,7.366666666666667,4.8825,2.484166666666667,36.82133694064569,41.494217,139.990833,41.446417,140.016983,2024-07-09,2024-07-09,2024
matsumae18_T10,matsumae18,2024-07-11 13:00:04,2024-07-11 13:16:05,0.26694444444444443,0.0,0.26694444444444443,3.8046384067451005,41.412083,140.068433,41.430233,140.030983,2024-07-11,2024-07-11,2024
matsumae18_T11,matsumae18,2024-07-11 13:25:05,2024-07-11 13:32:04,0.11638888888888889,0.0,0.11638888888888889,1.6956324590685932,41.444433,140.017333,41.458467,140.009767,2024-07-11,2024-07-11,2024
matsumae18_T12,matsumae18,2024-07-11 13:35:04,2024-07-11 13:36:04,0.016666666666666666,0.0,0.016666666666666666,0.12250165642625402,41.46595,140.007283,41.467017,140.006917,2024-07-11,2024-07-11,2024
matsumae18_T13,matsumae18,2024-07-16 01:02:04,2024-07-16 10:46:04,9.733333333333334,6.917222222222223,2.8161111111111112,48.33959386949007,41.496967,139.9916,41.41435,140.066717,2024-07-16,2024-07-16,2024
matsumae18_T14,matsumae18,2024-07-16 12:38:05,2024-07-16 12:49:05,0.18333333333333335,0.0,0.18333333333333335,3.5859722800735674,41.4127,140.0675,41.430117,140.031733,2024-07-16,2024-07-16,2024
matsumae18_T15,matsumae18,2024-07-16 12:59:05,2024-07-16 13:03:05,0.06666666666666667,0.0,0.06666666666666667,0.9650468886404433,41.44815,140.017767,41.45605,140.013,2024-07-16,2024-07-16,2024
matsumae18_T16,matsumae18,2024-07-17 01:11:04,2024-07-17 09:00:04,7.816666666666667,4.8997222222222225,2.9169444444444443,51.37738335220306,41.496567,139.991017,41.442667,140.018,2024-07-17,2024-07-17,2024
matsumae18_T17,matsumae18,2024-07-17 09:05:04,2024-07-17 09:16:04,0.18333333333333335,0.0,0.18333333333333335,3.0321495940687453,41.429117,140.033817,41.415867,140.065367,2024-07-17,2024-07-17,2024
matsumae18_T18,matsumae18,2024-07-17 12:25:04,2024-07-17 12:34:05,0.1502777777777778,0.0,0.1502777777777778,3.071019246668415,41.415517,140.066583,41.429117,140.035283,2024-07-17,2024-07-17,2024
matsumae18_T19,matsumae18,2024-07-17 12:45:05,2024-07-17 12:49:05,0.06666666666666667,0.0,0.06666666666666667,0.9181071388179232,41.446583,140.017333,41.454517,140.014683,2024-07-17,2024-07-17,2024
matsumae18_T2,matsumae18,2024-07-09 09:11:05,2024-07-09 09:21:04,0.1663888888888889,0.0,0.1663888888888889,2.7442650862296567,41.427667,140.042817,41.413383,140.0668,2024-07-09,2024-07-09,2024
matsumae18_T20,matsumae18,2024-08-01 01:28:05,2024-08-01 07:34:04,6.099722222222223,3.85,2.249722222222222,35.08386005262834,41.4971,139.99135,41.498617,139.992317,2024-08-01,2024-08-01,2024
matsumae18_T21,matsumae18,2024-08-03 01:43:04,2024-08-03 07:24:05,5.683611111111111,3.118055555555556,2.5655555555555556,40.49610528859727,41.495733,139.989933,41.499433,139.992267,2024-08-03,2024-08-03,2024
matsumae18_T22,matsumae18,2024-08-06 01:36:05,2024-08-06 07:51:05,6.25,3.433611111111111,2.816388888888889,36.655171256040845,41.49885,139.991983,41.498533,139.991267,2024-08-06,2024-08-06,2024
matsumae18_T23,matsumae18,2024-08-07 01:48:05,2024-08-07 12:23:05,10.583333333333334,7.149444444444445,3.433888888888889,53.674734506781725,41.5004,139.99295,41.444283,140.017333,2024-08-07,2024-08-07,2024
matsumae18_T24,matsumae18,2024-08-07 12:33:04,2024-08-07 12:43:05,0.16694444444444445,0.0,0.16694444444444445,2.113294521660826,41.428617,140.043833,41.41855,140.065317,2024-08-07,2024-08-07,2024
matsumae18_T25,matsumae18,2024-08-07 14:03:05,2024-08-07 14:12:04,0.14972222222222223,0.0,0.14972222222222223,2.590762085288706,41.415767,140.0658,41.428283,140.03985,2024-08-07,2024-08-07,2024
matsumae18_T26,matsumae18,2024-08-07 14:22:05,2024-08-07 14:26:04,0.06638888888888889,0.0,0.06638888888888889,1.2848093621503036,41.44505,140.016783,41.455983,140.012517,2024-08-07,2024-08-07,2024
matsumae18_T27,matsumae18,2024-08-19 01:38:05,2024-08-19 07:33:05,5.916666666666667,3.082777777777778,2.833888888888889,43.56224114521503,41.498517,139.99145,41.501417,139.9925,2024-08-19,2024-08-19,2024
matsumae18_T28,matsumae18,2024-08-20 01:42:05,2024-08-20 08:31:04,6.8163888888888895,3.883888888888889,2.9325,46.62417476378285,41.476933,139.997567,41.403417,140.081683,2024-08-20,2024-08-20,2024
matsumae18_T29,matsumae18,2024-08-20 09:11:05,2024-08-20 09:18:05,0.11666666666666667,0.0,0.11666666666666667,2.4911583941018174,41.415,140.065733,41.4276,140.04125,2024-08-20,2024-08-20,2024
matsumae18_T3,matsumae18,2024-07-09 10:27:04,2024-07-09 10:43:04,0.26666666666666666,0.0,0.26666666666666666,3.964847468564237,41.408717,140.07095,41.4293,140.03385,2024-07-09,2024-07-09,2024
matsumae18_T30,matsumae18,2024-08-20 09:28:05,2024-08-20 09:31:05,0.05,0.0,0.05,1.0267979975537862,41.448083,140.016567,41.456633,140.012117,2024-08-20,2024-08-20,2024
matsumae18_T31,matsumae18,2024-08-20 09:35:04,2024-08-20 09:35:04,0.0,0.0,0.0,0.0,41.4662,140.00855,41.4662,140.00855,2024-08-20,2024-08-20,2024
matsumae18_T32,matsumae18,2024-08-28 01:52:05,2024-08-28 07:16:04,5.3997222222222225,2.0836111111111113,3.3161111111111112,44.634806076304415,41.483683,139.9941,41.428533,140.040133,2024-08-28,2024-08-28,2024
matsumae18_T33,matsumae18,2024-08-28 07:26:05,2024-08-28 07:30:04,0.06638888888888889,0.0,0.06638888888888889,1.0870947576855061,41.4469,140.017667,41.45595,140.013083,2024-08-28,2024-08-28,2024
matsumae18_T34,matsumae18,2024-08-29 01:51:04,2024-08-29 07:53:05,6.033611111111111,0.0,6.033611111111111,43.108916965541866,41.497517,139.991233,41.500567,139.9935,2024-08-29,2024-08-29,2024
matsumae18_T35,matsumae18,2024-09-02 05:32:04,2024-09-02 15:23:04,9.85,7.5,2.35,42.6201340724411,41.487767,139.990967,41.482867,139.993333,2024-09-02,2024-09-02,2024
matsumae18_T36,matsumae18,2024-09-03 05:24:04,2024-09-03 15:12:05,9.800277777777778,7.466666666666667,2.3336111111111113,43.04476982783789,41.486683,139.992317,41.4838,139.993367,2024-09-03,2024-09-03,2024
matsumae18_T37,matsumae18,2024-09-07 05:35:04,2024-09-07 15:52:05,10.283611111111112,7.866944444444445,2.4166666666666665,42.66023034217316,41.484067,139.992567,41.487183,139.991967,2024-09-07,2024-09-07,2024
matsumae18_T38,matsumae18,2024-09-08 05:26:05,2024-09-08 16:32:04,11.099722222222223,8.600555555555555,2.4991666666666665,45.42276925352458,41.484283,139.992617,41.485517,139.9923,2024-09-08,2024-09-08,2024
matsumae18_T39,matsumae18,2024-09-12 05:40:04,2024-09-12 16:28:04,10.8,7.883055555555556,2.9169444444444443,46.98103080961025,41.483117,139.993667,41.484883,139.99225,2024-09-12,2024-09-12,2024
matsumae18_T4,matsumae18,2024-07-09 10:50:04,2024-07-09 10:57:05,0.11694444444444445,0.0,0.11694444444444445,2.0436600854975286,41.4399,140.019317,41.45715,140.011133,2024-07-09,2024-07-09,2024
matsumae18_T40,matsumae18,2024-09-13 05:34:05,2024-09-13 15:49:05,10.25,8.05,2.2,42.842018531630735,41.484417,139.992433,41.48335,139.993867,2024-09-13,2024-09-13,2024
matsumae18_T41,matsumae18,2024-09-17 05:53:05,2024-09-17 15:29:04,9.599722222222223,7.333611111111111,2.266111111111111,43.81192957413435,41.483983,139.994283,41.484183,139.993917,2024-09-17,2024-09-17,2024
matsumae18_T42,matsumae18,2024-09-18 05:24:04,2024-09-18 17:06:04,11.7,6.432777777777778,5.267222222222222,53.21906436069968,41.484683,139.99215,41.482267,139.994367,2024-09-18,2024-09-18,2024
matsumae18_T43,matsumae18,2024-09-23 06:08:05,2024-09-23 14:37:05,8.483333333333334,6.016944444444444,2.466388888888889,45.831376492492446,41.482883,139.99385,41.488233,139.991517,2024-09-23,2024-09-23,2024
matsumae18_T44,matsumae18,2024-09-29 02:27:04,2024-09-29 07:44:05,5.283611111111111,2.3994444444444447,2.8841666666666668,42.4264485490909,41.49545,139.99035,41.503767,139.99505,2024-09-29,2024-09-29,2024
matsumae18_T45,matsumae18,2024-10-18 02:50:04,2024-10-18 08:37:04,5.783333333333333,3.2311111111111113,2.5522222222222224,37.328849716358526,41.49395,139.990067,41.493033,139.989383,2024-10-18,2024-10-18,2024
matsumae18_T46,matsumae18,2024-10-26 02:53:05,2024-10-26 09:11:05,6.3,3.6997222222222224,2.600277777777778,39.84883582053496,41.496533,139.991483,41.5021,139.994083,2024-10-26,2024-10-26,2024
matsumae18_T47,matsumae18,2024-10-26 10:45:04,2024-10-26 15:29:04,4.733333333333333,0.1,4.633333333333334,44.3060757900535,41.489833,139.989917,41.458983,140.009133,2024-10-26,2024-10-26,2024
matsumae18_T48,matsumae18,2024-10-26 15:32:05,2024-10-26 15:33:04,0.01638888888888889,0.0,0.01638888888888889,0.24857933095563883,41.46555,140.006933,41.467717,140.0062,2024-10-26,2024-10-26,2024
matsumae18_T49,matsumae18,2024-10-26 15:35:04,2024-10-26 15:35:04,0.0,0.0,0.0,0.0,41.47105,140.005067,41.47105,140.005067,2024-10-26,2024-10-26,2024
matsumae18_T5,matsumae18,2024-07-09 11:01:05,2024-07-09 11:02:05,0.016666666666666666,0.0,0.016666666666666666,0.13887065507369636,41.466517,140.006767,41.467667,140.006117,2024-07-09,2024-07-09,2024
matsumae18_T50,matsumae18,2024-10-27 06:11:05,2024-10-27 10:37:04,4.433055555555556,0.19972222222222222,4.233333333333333,39.647701973135135,41.48985,139.990083,41.49725,139.991383,2024-10-27,2024-10-27,2024
matsumae18_T51,matsumae18,2024-10-30 02:52:04,2024-10-30 07:53:05,5.016944444444444,2.466388888888889,2.5505555555555555,36.66813475872135,41.495533,139.990783,41.4972,139.991883,2024-10-30,2024-10-30,2024
matsumae18_T6,matsumae18,2024-07-10 01:10:04,2024-07-10 08:26:05,7.266944444444444,4.500555555555556,2.766388888888889,36.75795900500961,41.484717,139.992867,41.491333,139.99085,2024-07-10,2024-07-10,2024
matsumae18_T7,matsumae18,2024-07-11 01:11:04,2024-07-11 11:46:05,10.58361111111111,8.016388888888889,2.5672222222222225,47.66169584997423,41.495517,139.99045,41.465133,140.005733,2024-07-11,2024-07-11,2024
matsumae18_T8,matsumae18,2024-07-11 11:49:05,2024-07-11 11:52:04,0.04972222222222222,0.0,0.04972222222222222,1.0517648382240516,41.457017,140.011833,41.448517,140.01735,2024-07-11,2024-07-11,2024
matsumae18_T9,matsumae18,2024-07-11 12:00:05,2024-07-11 12:08:04,0.13305555555555557,0.0,0.13305555555555557,3.009388774567709,41.428067,140.038267,41.412433,140.067467,2024-07-11,2024-07-11,2024
matsumae19_T1,matsumae19,2024-01-29 05:38:24,2024-01-29 16:35:25,10.950277777777778,0.0,10.950277777777778,39.66020267803412,41.471583,140.0014,41.4728,140.00115,2024-01-29,2024-01-29,2024
matsumae19_T10,matsumae19,2024-07-17 01:20:25,2024-07-17 08:29:25,7.15,4.497222222222223,2.6527777777777777,43.00517329095799,41.486483,139.992133,41.449017,140.0173,2024-07-17,2024-07-17,2024
matsumae19_T11,matsumae19,2024-07-17 08:38:24,2024-07-17 08:45:25,0.11694444444444445,0.0,0.11694444444444445,2.2090966648229293,41.428233,140.041967,41.418083,140.064617,2024-07-17,2024-07-17,2024
matsumae19_T12,matsumae19,2024-07-17 10:21:24,2024-07-17 10:25:25,0.06694444444444445,0.0,0.06694444444444445,1.3948773298785944,41.421983,140.06445,41.428983,140.050583,2024-07-17,2024-07-17,2024
matsumae19_T13,matsumae19,2024-07-17 10:36:25,2024-07-17 10:37:24,0.01638888888888889,0.0,0.01638888888888889,0.24385967512335227,41.451383,140.022483,41.4526,140.02005,2024-07-17,2024-07-17,2024
matsumae19_T14,matsumae19,2024-09-07 07:27:24,2024-09-07 07:37:25,0.16694444444444445,0.0,0.16694444444444445,2.9364111465913365,41.504967,139.991817,41.528883,139.97745,2024-09-07,2024-09-07,2024
matsumae19_T15,matsumae19,2024-09-07 07:41:25,2024-09-07 10:53:23,3.1994444444444445,2.416666666666667,0.7827777777777778,9.670483179301621,41.5378,139.969067,41.5407,139.9669,2024-09-07,2024-09-07,2024
matsumae19_T16,matsumae19,2024-10-26 11:45:25,2024-10-26 15:08:25,3.3833333333333333,0.03333333333333333,3.35,32.22798273296855,41.5259,139.97355,41.436783,140.02135,2024-10-26,2024-10-26,2024
matsumae19_T17,matsumae19,2024-10-26 15:17:24,2024-10-26 15:24:25,0.11694444444444443,0.0,0.11694444444444443,0.8948753413367219,41.447367,140.0176,41.45515,140.0149,2024-10-26,2024-10-26,2024
matsumae19_T18,matsumae19,2024-10-27 06:21:25,2024-10-27 06:24:25,0.05,0.0,0.05,0.3884121265102814,41.48345,139.994683,41.480067,139.995833,2024-10-27,2024-10-27,2024
matsumae19_T19,matsumae19,2024-10-27 06:25:25,2024-10-27 10:37:24,4.199722222222222,0.19972222222222225,4.0,34.90511157523408,41.4781,139.9967,41.488067,139.9913,2024-10-27,2024-10-27,2024
matsumae19_T2,matsumae19,2024-01-31 04:41:24,2024-01-31 12:01:25,7.333611111111112,0.0,7.333611111111112,43.4284145136579,41.472433,140.0026,41.474433,139.9989,2024-01-31,2024-01-31,2024
matsumae19_T20,matsumae19,2024-10-30 03:19:24,2024-10-30 08:11:25,4.866944444444445,2.415,2.4519444444444445,30.88187735770083,41.486717,139.99215,41.483433,139.993783,2024-10-30,2024-10-30,2024
matsumae19_T21,matsumae19,2024-11-06 07:07:25,2024-11-06 07:15:24,0.13305555555555557,0.0,0.13305555555555557,2.6822307464278925,41.456033,140.01235,41.43435,140.023917,2024-11-06,2024-11-06,2024
matsumae19_T22,matsumae19,2024-11-06 07:16:24,2024-11-06 07:31:24,0.25,0.0,0.25,3.802926829473082,41.431333,140.028517,41.413267,140.066983,2024-11-06,2024-11-06,2024
matsumae19_T23,matsumae19,2024-11-10 11:56:24,2024-11-10 12:01:24,0.08333333333333334,0.0,0.08333333333333334,1.6814955927509554,41.41965,140.064933,41.42895,140.049067,2024-11-10,2024-11-10,2024
matsumae19_T24,matsumae19,2024-11-10 12:10:24,2024-11-10 12:10:24,0.0,0.0,0.0,0.0,41.45205,140.0215,41.45205,140.0215,2024-11-10,2024-11-10,2024
matsumae19_T25,matsumae19,2024-11-15 03:02:24,2024-11-15 08:52:24,5.833333333333334,2.8511111111111114,2.982222222222222,47.24174443435308,41.459683,140.007717,41.467833,140.005117,2024-11-15,2024-11-15,2024
matsumae19_T3,matsumae19,2024-07-16 01:13:24,2024-07-16 09:23:24,8.166666666666666,4.200833333333334,3.9658333333333333,50.16708117905079,41.486783,139.991617,41.4894,139.991517,2024-07-16,2024-07-16,2024
matsumae19_T4,matsumae19,2024-07-16 09:28:25,2024-07-16 09:29:25,0.016666666666666666,0.0,0.016666666666666666,0.20057896625321447,41.472017,140.003233,41.4704,140.0043,2024-07-16,2024-07-16,2024
matsumae19_T5,matsumae19,2024-07-16 09:30:24,2024-07-16 09:30:24,0.0,0.0,0.0,0.0,41.467133,140.00645,41.467133,140.00645,2024-07-16,2024-07-16,2024
matsumae19_T6,matsumae19,2024-07-16 09:33:25,2024-07-16 09:35:24,0.03305555555555556,0.0,0.03305555555555556,0.8304315995414235,41.455467,140.01375,41.448667,140.017867,2024-07-16,2024-07-16,2024
matsumae19_T7,matsumae19,2024-07-16 09:43:24,2024-07-16 09:51:24,0.13333333333333333,0.0,0.13333333333333333,2.6442486677337107,41.427833,140.03965,41.4155,140.066283,2024-07-16,2024-07-16,2024
matsumae19_T8,matsumae19,2024-07-16 12:12:24,2024-07-16 12:17:24,0.08333333333333334,0.0,0.08333333333333334,1.6992394650311484,41.41995,140.065067,41.429083,140.048733,2024-07-16,2024-07-16,2024
matsumae19_T9,matsumae19,2024-07-16 12:28:24,2024-07-16 12:29:24,0.016666666666666666,0.0,0.016666666666666666,0.3770160486463032,41.451,140.021233,41.453467,140.018133,2024-07-16,2024-07-16,2024
matsumae20_T1,matsumae20,2024-02-06 13:35:45,2024-02-06 22:48:44,9.216388888888888,0.5327777777777778,8.683611111111112,42.97875855164254,41.473333,140.001267,41.471933,140.00155,2024-02-06,2024-02-06,2024
matsumae20_T10,matsumae20,2024-04-04 02:03:44,2024-04-04 02:03:44,0.0,0.0,0.0,0.0,41.466333,140.008467,41.466333,140.008467,2024-04-04,2024-04-04,2024
matsumae20_T11,matsumae20,2024-04-11 15:14:45,2024-04-12 02:35:45,11.35,8.366666666666667,2.9833333333333334,48.224458842374915,41.472317,140.001033,41.478783,139.99585,2024-04-11,2024-04-12,2024
matsumae20_T12,matsumae20,2024-06-14 08:37:44,2024-06-14 08:39:44,0.03333333333333334,0.0,0.03333333333333334,0.5014534041112153,41.453383,140.0171,41.449017,140.0186,2024-06-14,2024-06-14,2024
matsumae20_T13,matsumae20,2024-06-14 08:48:44,2024-06-14 08:55:45,0.11694444444444445,0.0,0.11694444444444445,2.586526664257233,41.427533,140.040783,41.41515,140.066267,2024-06-14,2024-06-14,2024
matsumae20_T14,matsumae20,2024-06-14 09:04:44,2024-07-03 16:22:44,463.3,456.2663888888889,7.033611111111111,144.84808091688993,41.4029,140.100633,41.405533,140.1057,2024-06-14,2024-07-03,2024
matsumae20_T15,matsumae20,2024-07-03 16:32:44,2024-07-03 16:39:44,0.11666666666666667,0.0,0.11666666666666667,2.7492551944642534,41.41495,140.065783,41.4285,140.038367,2024-07-03,2024-07-03,2024
matsumae20_T16,matsumae20,2024-07-03 16:49:44,2024-07-03 16:51:44,0.03333333333333334,0.0,0.03333333333333334,0.4309822969611199,41.449967,140.019367,41.453417,140.017017,2024-07-03,2024-07-03,2024
matsumae20_T17,matsumae20,2024-07-05 08:59:45,2024-07-05 11:41:45,2.7,0.0825,2.6175,45.3884919961745,41.472883,139.999567,41.4729,140.001533,2024-07-05,2024-07-05,2024
matsumae20_T18,matsumae20,2024-07-10 06:24:45,2024-07-10 12:25:44,6.016388888888889,3.366111111111111,2.6502777777777777,52.14657330805748,41.4723,140.000267,41.4753,139.9981,2024-07-10,2024-07-10,2024
matsumae20_T19,matsumae20,2024-07-11 01:09:45,2024-07-11 12:40:45,11.516666666666667,8.483611111111111,3.033055555555556,60.68594241614846,41.48965,139.990217,41.44635,140.016867,2024-07-11,2024-07-11,2024
matsumae20_T2,matsumae20,2024-02-09 13:42:44,2024-02-10 00:09:45,10.450277777777778,0.0,10.450277777777778,41.97992308697808,41.472433,140.001567,41.473033,140.0011,2024-02-09,2024-02-10,2024
matsumae20_T20,matsumae20,2024-07-11 12:46:44,2024-07-11 12:52:45,0.10027777777777779,0.0,0.10027777777777779,2.3526063335782172,41.427933,140.041167,41.4167,140.064967,2024-07-11,2024-07-11,2024
matsumae20_T21,matsumae20,2024-07-11 13:58:44,2024-07-11 14:04:44,0.1,0.0,0.1,1.8957674726072158,41.420167,140.06515,41.428117,140.045083,2024-07-11,2024-07-11,2024
matsumae20_T22,matsumae20,2024-07-11 14:16:44,2024-07-11 14:17:45,0.016944444444444446,0.0,0.016944444444444446,0.2744264127701203,41.45085,140.019367,41.453117,140.018067,2024-07-11,2024-07-11,2024
matsumae20_T23,matsumae20,2024-07-16 01:13:44,2024-07-16 11:18:45,10.08361111111111,7.649444444444445,2.4341666666666666,47.592297542337484,41.491017,139.990683,41.4069,140.071983,2024-07-16,2024-07-16,2024
matsumae20_T24,matsumae20,2024-07-16 13:47:45,2024-07-16 13:52:44,0.08305555555555556,0.0,0.08305555555555556,1.9063990505627673,41.41915,140.064867,41.427933,140.045233,2024-07-16,2024-07-16,2024
matsumae20_T25,matsumae20,2024-07-16 14:02:44,2024-07-16 14:04:45,0.03361111111111111,0.0,0.03361111111111111,0.6028335532924938,41.4501,140.018717,41.45485,140.015233,2024-07-16,2024-07-16,2024
matsumae20_T26,matsumae20,2024-07-17 06:26:45,2024-07-17 12:19:44,5.883055555555556,3.283888888888889,2.5991666666666666,54.399331692430756,41.474183,139.997933,41.47325,140.001117,2024-07-17,2024-07-17,2024
matsumae20_T27,matsumae20,2024-07-26 06:45:44,2024-07-26 13:12:45,6.450277777777778,3.1838888888888888,3.2663888888888892,60.567579438459944,41.473483,139.99955,41.473533,139.998867,2024-07-26,2024-07-26,2024
matsumae20_T28,matsumae20,2024-08-01 05:49:45,2024-08-01 12:10:44,6.349722222222223,3.4008333333333334,2.948888888888889,55.4250457379871,41.474167,139.999367,41.4727,140.000033,2024-08-01,2024-08-01,2024
matsumae20_T29,matsumae20,2024-08-04 05:49:45,2024-08-04 11:29:44,5.666388888888889,1.9166666666666667,3.749722222222222,54.524665066425364,41.474483,139.997917,41.474517,139.99955,2024-08-04,2024-08-04,2024
matsumae20_T3,matsumae20,2024-02-25 20:45:44,2024-02-25 20:45:44,0.0,0.0,0.0,0.0,41.4661,140.008017,41.4661,140.008017,2024-02-25,2024-02-25,2024
matsumae20_T30,matsumae20,2024-08-09 05:50:45,2024-08-09 12:01:45,6.183333333333334,3.1822222222222223,3.0011111111111113,55.61941911578314,41.473767,139.999533,41.473017,139.999183,2024-08-09,2024-08-09,2024
matsumae20_T31,matsumae20,2024-08-11 05:30:44,2024-08-11 10:35:44,5.083333333333333,2.466666666666667,2.6166666666666667,53.4239103640334,41.47395,139.999467,41.4737,139.998117,2024-08-11,2024-08-11,2024
matsumae20_T32,matsumae20,2024-08-25 05:14:45,2024-08-25 10:55:44,5.683055555555556,2.7669444444444444,2.9161111111111113,60.091270796568615,41.47285,140.00135,41.474517,139.9982,2024-08-25,2024-08-25,2024
matsumae20_T33,matsumae20,2024-09-01 05:05:44,2024-09-01 11:12:45,6.116944444444445,3.2,2.9169444444444443,61.04797855406746,41.473567,140.000983,41.475217,139.9979,2024-09-01,2024-09-01,2024
matsumae20_T34,matsumae20,2024-09-04 04:58:45,2024-09-04 10:32:45,5.566666666666666,2.8994444444444447,2.667222222222222,53.64264698890908,41.4735,139.9999,41.471367,140.001433,2024-09-04,2024-09-04,2024
matsumae20_T35,matsumae20,2024-09-08 05:01:44,2024-09-08 10:16:44,5.25,2.366388888888889,2.883611111111111,41.17515980736216,41.472517,140.000217,41.473817,139.999083,2024-09-08,2024-09-08,2024
matsumae20_T36,matsumae20,2024-09-12 05:05:45,2024-09-12 10:55:45,5.833333333333333,3.033888888888889,2.7994444444444446,52.06229904762005,41.472533,140.000467,41.472667,140.001883,2024-09-12,2024-09-12,2024
matsumae20_T37,matsumae20,2024-10-06 05:37:45,2024-10-06 11:06:45,5.483333333333333,3.1661111111111113,2.317222222222222,47.93559455722501,41.4724,140.000517,41.473267,140.000583,2024-10-06,2024-10-06,2024
matsumae20_T38,matsumae20,2024-10-14 05:11:44,2024-10-14 11:02:43,5.849722222222223,2.932777777777778,2.9169444444444443,54.614010719816335,41.474083,139.9999,41.4741,139.9998,2024-10-14,2024-10-14,2024
matsumae20_T39,matsumae20,2024-10-18 05:10:44,2024-10-18 10:53:44,5.716666666666667,3.316388888888889,2.4002777777777777,49.26995157034997,41.473117,139.99985,41.476133,139.997983,2024-10-18,2024-10-18,2024
matsumae20_T4,matsumae20,2024-02-25 20:48:45,2024-02-25 20:50:44,0.03305555555555556,0.0,0.03305555555555556,0.5014457565031918,41.457733,140.011,41.454617,140.015283,2024-02-25,2024-02-25,2024
matsumae20_T40,matsumae20,2024-10-25 08:16:44,2024-10-25 12:17:44,4.016666666666667,2.0,2.0166666666666666,45.00623374343008,41.472367,140.002283,41.473683,139.999333,2024-10-25,2024-10-25,2024
matsumae20_T41,matsumae20,2024-10-26 10:31:45,2024-10-26 15:34:44,5.049722222222222,0.25,4.799722222222222,48.5055984966868,41.482417,139.994283,41.46865,140.003483,2024-10-26,2024-10-26,2024
matsumae20_T42,matsumae20,2024-10-27 06:12:44,2024-10-27 10:38:45,4.433611111111111,0.25,4.183611111111111,37.36194904153148,41.4882,139.991983,41.4875,139.991433,2024-10-27,2024-10-27,2024
matsumae20_T43,matsumae20,2024-11-01 02:47:44,2024-11-01 08:49:44,6.033333333333333,3.3830555555555555,2.6502777777777777,52.30880712217696,41.467383,140.0056,41.468617,140.003083,2024-11-01,2024-11-01,2024
matsumae20_T44,matsumae20,2024-11-02 02:49:45,2024-11-02 08:45:44,5.933055555555556,3.2,2.7330555555555556,52.564558570688746,41.46865,140.005317,41.471867,140.002267,2024-11-02,2024-11-02,2024
matsumae20_T45,matsumae20,2024-11-06 02:49:44,2024-11-06 09:05:44,6.266666666666667,3.35,2.916666666666667,53.40945750927776,41.467967,140.004317,41.466567,140.005683,2024-11-06,2024-11-06,2024
matsumae20_T46,matsumae20,2024-11-10 02:53:45,2024-11-10 08:57:44,6.066388888888889,3.1333333333333333,2.9330555555555557,56.32300945743762,41.467333,140.004383,41.465917,140.006517,2024-11-10,2024-11-10,2024
matsumae20_T47,matsumae20,2024-11-14 02:49:44,2024-11-14 09:20:45,6.516944444444444,3.8161111111111112,2.700833333333333,50.59693863781705,41.467767,140.004817,41.470633,140.003017,2024-11-14,2024-11-14,2024
matsumae20_T5,matsumae20,2024-02-26 05:16:45,2024-02-26 05:17:45,0.016666666666666666,0.0,0.016666666666666666,0.14861978774444978,41.453433,140.0177,41.454367,140.0165,2024-02-26,2024-02-26,2024
matsumae20_T6,matsumae20,2024-03-09 03:00:45,2024-03-09 03:00:45,0.0,0.0,0.0,0.0,41.466383,140.008367,41.466383,140.008367,2024-03-09,2024-03-09,2024
matsumae20_T7,matsumae20,2024-03-23 17:15:44,2024-03-23 17:15:44,0.0,0.0,0.0,0.021155980896858186,41.452383,140.0231,41.45235,140.02335,2024-03-23,2024-03-23,2024
matsumae20_T8,matsumae20,2024-03-23 17:19:44,2024-03-23 17:19:44,0.0,0.0,0.0,0.0,41.4522,140.024167,41.4522,140.024167,2024-03-23,2024-03-23,2024
matsumae20_T9,matsumae20,2024-03-23 23:22:44,2024-03-23 23:23:45,0.016944444444444446,0.0,0.016944444444444446,0.447370876479808,41.452033,140.022233,41.453933,140.0176,2024-03-23,2024-03-23,2024
matsumae21_T1,matsumae21,2024-07-16 01:01:54,2024-07-16 07:56:54,6.916666666666667,4.433055555555556,2.483611111111111,42.44288353630003,41.49015,139.990333,41.447733,140.01735,2024-07-16,2024-07-16,2024
matsumae21_T10,matsumae21,2024-09-09 02:01:55,2024-09-09 07:21:55,5.333333333333333,3.4336111111111114,1.8997222222222223,34.903397884822716,41.489217,139.991617,41.481083,139.9962,2024-09-09,2024-09-09,2024
matsumae21_T11,matsumae21,2024-09-12 02:22:54,2024-09-12 07:42:55,5.333611111111112,2.7663888888888892,2.567222222222222,40.35829273634377,41.494317,139.9907,41.482933,139.99445,2024-09-12,2024-09-12,2024
matsumae21_T12,matsumae21,2024-09-13 02:20:55,2024-09-13 09:41:54,7.349722222222223,3.583888888888889,3.7658333333333336,47.905592032205725,41.494017,139.991217,41.482517,139.993567,2024-09-13,2024-09-13,2024
matsumae21_T13,matsumae21,2024-09-17 02:39:54,2024-09-17 07:12:55,4.550277777777778,1.45,3.100277777777778,39.15717797426768,41.49045,139.990283,41.486533,139.992117,2024-09-17,2024-09-17,2024
matsumae21_T14,matsumae21,2024-10-01 02:55:54,2024-10-01 07:46:55,4.850277777777778,1.7836111111111113,3.066666666666667,38.899731761578686,41.490167,139.991117,41.494867,139.9903,2024-10-01,2024-10-01,2024
matsumae21_T15,matsumae21,2024-10-12 02:57:54,2024-10-12 07:58:55,5.016944444444444,2.6325,2.3844444444444446,32.506495303145684,41.494467,139.991233,41.492833,139.990583,2024-10-12,2024-10-12,2024
matsumae21_T16,matsumae21,2024-10-14 02:59:54,2024-10-14 08:01:55,5.033611111111111,1.8175000000000001,3.216111111111111,38.89409004469993,41.493533,139.99055,41.498917,139.991583,2024-10-14,2024-10-14,2024
matsumae21_T17,matsumae21,2024-10-17 03:03:54,2024-10-17 09:05:55,6.033611111111111,3.367777777777778,2.6658333333333335,42.06754108765308,41.468017,139.997733,41.469067,140.003967,2024-10-17,2024-10-17,2024
matsumae21_T18,matsumae21,2024-10-26 03:11:55,2024-10-26 08:24:55,5.216666666666667,2.866111111111111,2.3505555555555557,34.59268462002764,41.4914,139.990167,41.489317,139.9905,2024-10-26,2024-10-26,2024
matsumae21_T19,matsumae21,2024-10-26 10:47:55,2024-10-26 15:29:55,4.7,0.08333333333333334,4.616666666666667,42.12094341464617,41.47595,139.997917,41.457033,140.011367,2024-10-26,2024-10-26,2024
matsumae21_T2,matsumae21,2024-07-16 08:04:54,2024-07-16 08:12:54,0.13333333333333333,0.0,0.13333333333333333,2.3946531035975434,41.42845,140.041733,41.4171,140.066133,2024-07-16,2024-07-16,2024
matsumae21_T20,matsumae21,2024-10-27 06:08:54,2024-10-27 10:37:54,4.483333333333333,0.3169444444444445,4.166388888888889,36.70201030969615,41.4876,139.992233,41.490483,139.99125,2024-10-27,2024-10-27,2024
matsumae21_T21,matsumae21,2024-10-30 03:12:54,2024-10-30 09:10:54,5.966666666666667,2.950277777777778,3.016388888888889,41.62978809670565,41.493317,139.9901,41.500817,139.991767,2024-10-30,2024-10-30,2024
matsumae21_T22,matsumae21,2024-11-02 07:18:54,2024-11-02 07:20:55,0.03361111111111111,0.0,0.03361111111111111,0.6141026914734166,41.454533,140.014183,41.4496,140.017483,2024-11-02,2024-11-02,2024
matsumae21_T23,matsumae21,2024-11-02 07:32:54,2024-11-02 07:41:54,0.15,0.0,0.15,2.280706650768121,41.4283,140.041967,41.4175,140.064967,2024-11-02,2024-11-02,2024
matsumae21_T24,matsumae21,2024-11-06 08:39:55,2024-11-06 08:43:54,0.06638888888888889,0.0,0.06638888888888889,1.5314066180040713,41.421283,140.065867,41.429017,140.050683,2024-11-06,2024-11-06,2024
matsumae21_T25,matsumae21,2024-11-06 08:53:55,2024-11-06 08:53:55,0.0,0.0,0.0,0.0,41.452267,140.023083,41.452267,140.023083,2024-11-06,2024-11-06,2024
matsumae21_T26,matsumae21,2024-11-15 03:19:54,2024-11-15 08:37:54,5.3,2.3158333333333334,2.984166666666667,44.7070605247421,41.461317,140.007133,41.42875,140.03495,2024-11-15,2024-11-15,2024
matsumae21_T27,matsumae21,2024-11-15 08:46:55,2024-11-15 08:47:55,0.016666666666666666,0.0,0.016666666666666666,0.4984791684102784,41.449967,140.018667,41.454033,140.01615,2024-11-15,2024-11-15,2024
matsumae21_T3,matsumae21,2024-07-16 09:16:54,2024-07-16 09:22:55,0.10027777777777779,0.0,0.10027777777777779,1.7138749756133738,41.419267,140.065883,41.429167,140.050283,2024-07-16,2024-07-16,2024
matsumae21_T4,matsumae21,2024-07-17 01:11:54,2024-07-17 07:45:55,6.566944444444444,4.133333333333334,2.433611111111111,38.30655117804635,41.491917,139.9909,41.4979,139.990533,2024-07-17,2024-07-17,2024
matsumae21_T5,matsumae21,2024-08-28 02:04:55,2024-08-28 07:42:55,5.633333333333334,2.5172222222222222,3.116111111111111,41.40078711412226,41.490717,139.99035,41.497383,139.990917,2024-08-28,2024-08-28,2024
matsumae21_T6,matsumae21,2024-08-29 01:56:54,2024-08-29 01:57:55,0.016944444444444446,0.0,0.016944444444444446,0.202661743832803,41.467417,140.006467,41.4656,140.006283,2024-08-29,2024-08-29,2024
matsumae21_T7,matsumae21,2024-08-29 01:58:55,2024-08-29 06:24:55,4.433333333333334,1.9680555555555557,2.4652777777777777,31.961306803356667,41.463783,140.005867,41.428317,140.0388,2024-08-29,2024-08-29,2024
matsumae21_T8,matsumae21,2024-08-29 06:34:54,2024-08-29 06:36:54,0.03333333333333333,0.0,0.03333333333333333,0.45857386096607766,41.450133,140.01905,41.45395,140.016967,2024-08-29,2024-08-29,2024
matsumae21_T9,matsumae21,2024-09-02 02:04:54,2024-09-02 07:25:55,5.3502777777777775,2.7675,2.582777777777778,37.95811913763774,41.487333,139.991717,41.49665,139.990567,2024-09-02,2024-09-02,2024
matsumae22_T1,matsumae22,2024-05-22 06:46:10,2024-05-22 06:48:09,0.03305555555555556,0.0,0.03305555555555556,0.37814433992083296,41.453117,140.017917,41.449917,140.01945,2024-05-22,2024-05-22,2024
matsumae22_T10,matsumae22,2024-09-02 02:03:09,2024-09-02 07:15:09,5.2,3.0497222222222224,2.1502777777777777,32.16849859665678,41.488283,139.991067,41.49655,139.990433,2024-09-02,2024-09-02,2024
matsumae22_T11,matsumae22,2024-09-09 01:57:10,2024-09-09 09:31:09,7.5663888888888895,4.599444444444445,2.9669444444444446,39.840891631896326,41.488283,139.991083,41.48325,139.992717,2024-09-09,2024-09-09,2024
matsumae22_T12,matsumae22,2024-09-12 02:21:09,2024-09-12 10:08:10,7.783611111111111,4.816388888888889,2.9672222222222224,45.86343439377271,41.489667,139.990767,41.483933,139.99395,2024-09-12,2024-09-12,2024
matsumae22_T13,matsumae22,2024-09-13 02:18:09,2024-09-13 09:15:10,6.950277777777778,3.8180555555555555,3.1322222222222225,47.03902236730596,41.495033,139.991133,41.48375,139.993283,2024-09-13,2024-09-13,2024
matsumae22_T14,matsumae22,2024-09-17 02:37:09,2024-09-17 07:20:09,4.716666666666667,2.266111111111111,2.450555555555556,38.65527581836706,41.4926,139.9904,41.484967,139.992717,2024-09-17,2024-09-17,2024
matsumae22_T15,matsumae22,2024-10-01 02:51:09,2024-10-01 10:25:10,7.566944444444444,3.95,3.6169444444444445,50.71915943787808,41.4879,139.991933,41.49045,139.99045,2024-10-01,2024-10-01,2024
matsumae22_T16,matsumae22,2024-10-14 02:49:09,2024-10-14 08:01:09,5.2,2.748888888888889,2.451111111111111,33.060154485363604,41.489567,139.991067,41.4931,139.990533,2024-10-14,2024-10-14,2024
matsumae22_T17,matsumae22,2024-10-26 10:41:09,2024-10-26 15:32:09,4.8500000000000005,0.09972222222222223,4.750277777777778,45.41765690424629,41.4745,139.998783,41.462183,140.006317,2024-10-26,2024-10-26,2024
matsumae22_T18,matsumae22,2024-10-26 15:33:09,2024-10-26 15:34:10,0.016944444444444446,0.0,0.016944444444444446,0.12789726383336528,41.465517,140.00745,41.4666,140.007967,2024-10-26,2024-10-26,2024
matsumae22_T19,matsumae22,2024-10-27 06:06:09,2024-10-27 10:40:09,4.566666666666666,0.4163888888888889,4.150277777777778,38.08353229243023,41.4881,139.99185,41.48575,139.992433,2024-10-27,2024-10-27,2024
matsumae22_T2,matsumae22,2024-05-22 06:59:09,2024-05-22 07:05:09,0.1,0.0,0.1,2.0019295693576327,41.428067,140.046033,41.417533,140.065417,2024-05-22,2024-05-22,2024
matsumae22_T20,matsumae22,2024-10-30 03:13:09,2024-10-30 09:29:09,6.266666666666667,3.5994444444444444,2.667222222222222,32.33943612886411,41.48895,139.991,41.486033,139.980867,2024-10-30,2024-10-30,2024
matsumae22_T21,matsumae22,2024-11-01 03:06:10,2024-11-01 07:51:09,4.749722222222222,1.8675,2.8822222222222225,33.036819129675855,41.484733,139.993217,41.483433,139.994367,2024-11-01,2024-11-01,2024
matsumae22_T22,matsumae22,2024-11-02 03:07:10,2024-11-02 09:04:09,5.949722222222222,2.9652777777777777,2.9844444444444447,36.60690770496433,41.487367,139.9921,41.486533,139.992267,2024-11-02,2024-11-02,2024
matsumae22_T23,matsumae22,2024-11-10 03:24:09,2024-11-10 08:21:08,4.949722222222222,2.1005555555555557,2.8491666666666666,37.43350890673988,41.481133,139.9967,41.487133,139.991267,2024-11-10,2024-11-10,2024
matsumae22_T24,matsumae22,2024-11-15 03:11:09,2024-11-15 08:46:10,5.583611111111111,2.582777777777778,3.0008333333333335,44.33532346656861,41.459067,140.009483,41.459933,140.007783,2024-11-15,2024-11-15,2024
matsumae22_T25,matsumae22,2024-12-21 09:08:09,2024-12-21 09:15:09,0.11666666666666667,0.01638888888888889,0.10027777777777777,1.0766122693438294,41.480383,139.994933,41.482667,139.9947,2024-12-21,2024-12-21,2024
matsumae22_T3,matsumae22,2024-05-29 07:44:10,2024-05-29 07:47:09,0.04972222222222222,0.0,0.04972222222222222,1.1258316622485736,41.422817,140.06465,41.4301,140.055283,2024-05-29,2024-05-29,2024
matsumae22_T4,matsumae22,2024-07-16 01:13:10,2024-07-16 08:33:09,7.333055555555556,5.2347222222222225,2.098333333333333,39.465386543711695,41.4959,139.990883,41.41705,140.06485,2024-07-16,2024-07-16,2024
matsumae22_T5,matsumae22,2024-07-16 09:45:09,2024-07-16 09:49:09,0.06666666666666667,0.0,0.06666666666666667,1.2247454943896852,41.423283,140.064817,41.430117,140.053317,2024-07-16,2024-07-16,2024
matsumae22_T6,matsumae22,2024-07-16 10:00:09,2024-07-16 10:00:09,0.0,0.0,0.0,0.0,41.452283,140.023467,41.452283,140.023467,2024-07-16,2024-07-16,2024
matsumae22_T7,matsumae22,2024-08-19 01:44:09,2024-08-19 07:15:09,5.516666666666667,2.866111111111111,2.6505555555555556,36.47578368415379,41.499667,139.991683,41.498717,139.991,2024-08-19,2024-08-19,2024
matsumae22_T8,matsumae22,2024-08-20 01:39:10,2024-08-20 06:48:09,5.1497222222222225,3.0158333333333336,2.133888888888889,35.0289912829853,41.493733,139.99065,41.499233,139.991933,2024-08-20,2024-08-20,2024
matsumae22_T9,matsumae22,2024-08-28 01:58:09,2024-08-28 07:06:10,5.133611111111112,2.448888888888889,2.6847222222222222,36.86477524547768,41.4861,139.992683,41.498167,139.991083,2024-08-28,2024-08-28,2024
matsumae23_T1,matsumae23,2024-01-04 07:21:34,2024-01-04 09:17:35,1.9336111111111112,0.9830555555555556,0.9505555555555556,13.635062134893777,41.467583,140.005467,41.471567,140.003183,2024-01-04,2024-01-04,2024
matsumae23_T10,matsumae23,2024-07-09 11:38:34,2024-07-09 11:42:34,0.06666666666666667,0.0,0.06666666666666667,1.4430105194570741,41.42195,140.064617,41.42885,140.049967,2024-07-09,2024-07-09,2024
matsumae23_T11,matsumae23,2024-07-09 11:54:35,2024-07-09 11:54:35,0.0,0.0,0.0,0.0,41.451733,140.02305,41.451733,140.02305,2024-07-09,2024-07-09,2024
matsumae23_T12,matsumae23,2024-07-10 01:10:34,2024-07-10 10:13:35,9.050277777777778,7.050277777777778,2.0,37.17138291080502,41.484167,139.993933,41.440783,140.018883,2024-07-10,2024-07-10,2024
matsumae23_T13,matsumae23,2024-07-10 10:18:34,2024-07-10 10:24:34,0.1,0.0,0.1,2.636477246908905,41.427867,140.038633,41.415167,140.065283,2024-07-10,2024-07-10,2024
matsumae23_T14,matsumae23,2024-07-10 11:13:35,2024-07-10 11:17:35,0.06666666666666667,0.0,0.06666666666666667,1.7052662411939852,41.4193,140.064867,41.42845,140.048467,2024-07-10,2024-07-10,2024
matsumae23_T15,matsumae23,2024-07-11 01:09:34,2024-07-11 12:41:35,11.533611111111112,9.200277777777778,2.3333333333333335,52.53244380173661,41.491433,139.990567,41.44555,140.017117,2024-07-11,2024-07-11,2024
matsumae23_T16,matsumae23,2024-07-11 12:47:34,2024-07-11 12:51:34,0.06666666666666667,0.0,0.06666666666666667,2.2316799390907507,41.428117,140.04255,41.417517,140.06525,2024-07-11,2024-07-11,2024
matsumae23_T17,matsumae23,2024-07-11 13:56:34,2024-07-11 13:59:34,0.05,0.0,0.05,1.4643523661931113,41.4226,140.0651,41.4296,140.050283,2024-07-11,2024-07-11,2024
matsumae23_T18,matsumae23,2024-07-11 14:07:35,2024-07-11 14:07:35,0.0,0.0,0.0,0.0,41.452,140.022733,41.452,140.022733,2024-07-11,2024-07-11,2024
matsumae23_T19,matsumae23,2024-07-17 01:08:35,2024-07-17 07:22:34,6.233055555555556,4.282777777777778,1.9502777777777778,28.492659492714814,41.485967,139.99225,41.477667,139.995,2024-07-17,2024-07-17,2024
matsumae23_T2,matsumae23,2024-01-28 06:32:34,2024-01-28 15:24:34,8.866666666666667,0.0,8.866666666666667,42.56622119651415,41.472033,140.002083,41.4602,139.99275,2024-01-28,2024-01-28,2024
matsumae23_T20,matsumae23,2024-08-01 05:45:34,2024-08-01 14:13:34,8.466666666666667,6.866388888888888,1.600277777777778,42.55359017538912,41.473483,140.001,41.467217,140.004383,2024-08-01,2024-08-01,2024
matsumae23_T21,matsumae23,2024-08-04 05:39:34,2024-08-04 16:57:34,11.3,9.116944444444444,2.1830555555555557,43.026760855878365,41.473733,139.99905,41.462317,140.006533,2024-08-04,2024-08-04,2024
matsumae23_T22,matsumae23,2024-08-05 05:37:34,2024-08-05 14:55:34,9.3,5.199722222222222,4.1002777777777775,40.55620817755956,41.4726,140.000633,41.453433,139.985717,2024-08-05,2024-08-05,2024
matsumae23_T23,matsumae23,2024-08-06 05:30:35,2024-08-06 14:50:35,9.333333333333334,7.550277777777778,1.7830555555555556,42.947712498826164,41.472467,140.001817,41.471033,140.00415,2024-08-06,2024-08-06,2024
matsumae23_T24,matsumae23,2024-08-09 05:39:34,2024-08-09 16:17:35,10.633611111111112,0.4336111111111111,10.200000000000001,42.548601600856436,41.47215,140.00075,41.47045,140.0043,2024-08-09,2024-08-09,2024
matsumae23_T25,matsumae23,2024-08-18 05:11:34,2024-08-18 16:27:34,11.266666666666666,9.133055555555556,2.133611111111111,43.344657497126036,41.472617,140.001667,41.468333,140.0039,2024-08-18,2024-08-18,2024
matsumae23_T26,matsumae23,2024-08-20 05:06:34,2024-08-20 14:38:34,9.533333333333333,0.0,9.533333333333333,42.241746957045336,41.472833,140.0001,41.47025,140.002817,2024-08-20,2024-08-20,2024
matsumae23_T27,matsumae23,2024-09-02 05:11:34,2024-09-02 15:00:35,9.816944444444445,7.8,2.0169444444444444,41.36718329510887,41.4732,140.001283,41.468517,140.002367,2024-09-02,2024-09-02,2024
matsumae23_T28,matsumae23,2024-09-03 05:32:34,2024-09-03 14:57:35,9.416944444444445,7.866666666666667,1.5502777777777779,41.28714458051468,41.466533,139.993133,41.4677,140.004483,2024-09-03,2024-09-03,2024
matsumae23_T29,matsumae23,2024-09-07 05:13:34,2024-09-07 15:50:34,10.616666666666667,8.733611111111111,1.8830555555555557,41.92222456088583,41.47335,139.999833,41.472717,140.0012,2024-09-07,2024-09-07,2024
matsumae23_T3,matsumae23,2024-01-29 06:16:35,2024-01-29 15:25:34,9.149722222222222,0.0,9.149722222222222,40.40070476589869,41.472717,140.00215,41.474533,139.9989,2024-01-29,2024-01-29,2024
matsumae23_T30,matsumae23,2024-09-08 05:27:34,2024-09-08 16:25:34,10.966666666666667,9.16638888888889,1.8002777777777779,41.598630139302365,41.4727,140.00135,41.472083,139.999517,2024-09-08,2024-09-08,2024
matsumae23_T31,matsumae23,2024-09-12 05:46:34,2024-09-12 16:14:35,10.466944444444444,8.433055555555555,2.033888888888889,43.91556141508247,41.47235,140.002133,41.471183,140.001183,2024-09-12,2024-09-12,2024
matsumae23_T32,matsumae23,2024-09-13 05:33:34,2024-09-13 14:42:34,9.15,7.466666666666667,1.6833333333333333,43.078183175225064,41.47195,140.0004,41.470267,140.003883,2024-09-13,2024-09-13,2024
matsumae23_T33,matsumae23,2024-09-17 05:42:34,2024-09-17 16:14:35,10.53361111111111,8.650277777777777,1.8833333333333333,43.6665159065993,41.4732,140.001233,41.469,140.0044,2024-09-17,2024-09-17,2024
matsumae23_T34,matsumae23,2024-09-18 05:30:34,2024-09-18 14:58:34,9.466666666666667,6.8999999999999995,2.5666666666666664,43.017020541082736,41.472817,140.0007,41.46935,140.004183,2024-09-18,2024-09-18,2024
matsumae23_T35,matsumae23,2024-10-26 10:42:35,2024-10-26 15:29:35,4.783333333333333,0.23361111111111113,4.549722222222222,43.71819602091633,41.475617,139.997367,41.460667,140.00695,2024-10-26,2024-10-26,2024
matsumae23_T36,matsumae23,2024-10-27 06:28:35,2024-10-27 10:36:34,4.133055555555556,0.23361111111111113,3.8994444444444447,34.525684425122954,41.4739,140.0002,41.488767,139.991317,2024-10-27,2024-10-27,2024
matsumae23_T37,matsumae23,2024-12-02 08:13:35,2024-12-02 08:26:34,0.2163888888888889,0.0,0.2163888888888889,3.6193426368429544,41.501633,139.99235,41.530983,139.97395,2024-12-02,2024-12-02,2024
matsumae23_T38,matsumae23,2024-12-02 09:22:35,2024-12-02 09:29:34,0.11638888888888889,0.09972222222222223,0.016666666666666666,0.23839171366052048,41.543433,139.96525,41.541933,139.966183,2024-12-02,2024-12-02,2024
matsumae23_T39,matsumae23,2024-12-02 09:35:35,2024-12-02 09:59:34,0.3997222222222222,0.38305555555555554,0.016666666666666666,0.38015876607941984,41.541467,139.967033,41.540867,139.967417,2024-12-02,2024-12-02,2024
matsumae23_T4,matsumae23,2024-01-31 05:06:34,2024-01-31 09:52:35,4.766944444444444,2.0669444444444447,2.7,46.71670133561739,41.4728,140.001183,41.4745,139.999233,2024-01-31,2024-01-31,2024
matsumae23_T40,matsumae23,2024-12-02 10:04:35,2024-12-02 10:18:34,0.23305555555555557,0.19972222222222222,0.03333333333333333,0.3617701858953744,41.541467,139.966417,41.542567,139.965983,2024-12-02,2024-12-02,2024
matsumae23_T41,matsumae23,2024-12-02 10:28:35,2024-12-02 10:32:35,0.06666666666666667,0.06666666666666667,0.0,0.016122841035475136,41.5416,139.966867,41.541583,139.967033,2024-12-02,2024-12-02,2024
matsumae23_T42,matsumae23,2024-12-02 10:38:35,2024-12-02 10:40:35,0.03333333333333334,0.01638888888888889,0.016944444444444446,0.19020770943387363,41.541267,139.96675,41.542183,139.965583,2024-12-02,2024-12-02,2024
matsumae23_T43,matsumae23,2024-12-02 10:45:34,2024-12-02 10:49:35,0.06694444444444445,0.03361111111111111,0.03333333333333333,0.32900054338776175,41.5405,139.9674,41.5426,139.966317,2024-12-02,2024-12-02,2024
matsumae23_T44,matsumae23,2024-12-02 10:54:34,2024-12-02 11:11:35,0.28361111111111115,0.11666666666666667,0.16694444444444445,1.4793459688574797,41.540783,139.96745,41.5416,139.966617,2024-12-02,2024-12-02,2024
matsumae23_T45,matsumae23,2024-12-02 11:13:34,2024-12-02 11:38:35,0.41694444444444445,0.03333333333333333,0.3836111111111111,5.034035351095852,41.540967,139.967217,41.50295,139.995117,2024-12-02,2024-12-02,2024
matsumae23_T5,matsumae23,2024-02-05 07:16:35,2024-02-05 14:57:34,7.683055555555556,0.016666666666666666,7.666388888888889,41.530167652733105,41.472633,140.00065,41.473783,139.999583,2024-02-05,2024-02-05,2024
matsumae23_T6,matsumae23,2024-02-06 05:24:34,2024-02-06 15:11:34,9.783333333333333,0.0,9.783333333333333,42.95500999173055,41.47335,140.000333,41.473317,140.0012,2024-02-06,2024-02-06,2024
matsumae23_T7,matsumae23,2024-02-09 07:14:35,2024-02-09 13:38:35,6.4,0.0,6.4,39.43016056649567,41.472967,140.001483,41.474333,139.999417,2024-02-09,2024-02-09,2024
matsumae23_T8,matsumae23,2024-07-09 01:17:34,2024-07-09 10:33:34,9.266666666666667,7.099722222222223,2.1669444444444443,35.58596043727077,41.483783,139.9885,41.449683,140.017917,2024-07-09,2024-07-09,2024
matsumae23_T9,matsumae23,2024-07-09 10:41:35,2024-07-09 10:45:35,0.06666666666666667,0.0,0.06666666666666667,2.046684719303018,41.4282,140.04575,41.416517,140.06465,2024-07-09,2024-07-09,2024
matsumae24_T1,matsumae24,2024-01-03 07:33:39,2024-01-03 07:33:39,0.0,0.0,0.0,0.0,41.452367,140.022317,41.452367,140.022317,2024-01-03,2024-01-03,2024
matsumae24_T10,matsumae24,2024-07-10 10:47:39,2024-07-10 10:52:39,0.08333333333333334,0.0,0.08333333333333334,1.3391839503716585,41.421917,140.064583,41.42895,140.051617,2024-07-10,2024-07-10,2024
matsumae24_T11,matsumae24,2024-07-10 11:04:39,2024-07-10 11:04:39,0.0,0.0,0.0,0.0,41.451717,140.023183,41.451717,140.023183,2024-07-10,2024-07-10,2024
matsumae24_T12,matsumae24,2024-07-17 01:11:40,2024-07-17 07:41:39,6.499722222222222,4.033055555555555,2.466666666666667,40.44361338210151,41.489933,139.9908,41.449117,140.016333,2024-07-17,2024-07-17,2024
matsumae24_T13,matsumae24,2024-07-17 07:51:39,2024-07-17 07:56:40,0.08361111111111111,0.0,0.08361111111111111,1.5510807495934713,41.428983,140.049967,41.42175,140.065867,2024-07-17,2024-07-17,2024
matsumae24_T14,matsumae24,2024-07-17 09:06:39,2024-07-17 09:10:40,0.06694444444444445,0.0,0.06694444444444445,1.2760428120795033,41.422783,140.065067,41.42925,140.05245,2024-07-17,2024-07-17,2024
matsumae24_T15,matsumae24,2024-08-07 01:47:39,2024-08-07 12:08:39,10.35,6.666666666666667,3.6833333333333336,54.38167626550533,41.49535,139.991033,41.44775,140.0172,2024-08-07,2024-08-07,2024
matsumae24_T16,matsumae24,2024-08-07 12:21:39,2024-08-07 12:27:40,0.10027777777777777,0.0,0.10027777777777777,1.4373275109652441,41.429683,140.05155,41.4224,140.06575,2024-08-07,2024-08-07,2024
matsumae24_T17,matsumae24,2024-08-07 13:24:40,2024-08-07 13:28:40,0.06666666666666667,0.0,0.06666666666666667,1.3795451202503677,41.422,140.064617,41.428667,140.050683,2024-08-07,2024-08-07,2024
matsumae24_T18,matsumae24,2024-10-26 10:53:39,2024-10-26 15:27:40,4.566944444444444,0.13277777777777777,4.434166666666667,40.88868775756089,41.473933,139.999633,41.455483,140.0139,2024-10-26,2024-10-26,2024
matsumae24_T19,matsumae24,2024-11-10 06:31:40,2024-11-10 07:59:39,1.466388888888889,1.0161111111111112,0.4502777777777778,6.945423254804342,41.502883,139.995033,41.541183,139.967283,2024-11-10,2024-11-10,2024
matsumae24_T2,matsumae24,2024-01-03 10:34:39,2024-01-03 10:48:39,0.23333333333333334,0.21666666666666667,0.016666666666666666,0.23685138143743942,41.430317,140.0522,41.429967,140.05235,2024-01-03,2024-01-03,2024
matsumae24_T20,matsumae24,2024-11-10 08:04:39,2024-11-10 08:29:40,0.41694444444444445,0.36694444444444446,0.05,0.6248206759585813,41.54075,139.967383,41.540933,139.9674,2024-11-10,2024-11-10,2024
matsumae24_T21,matsumae24,2024-11-10 08:31:40,2024-11-10 08:32:39,0.01638888888888889,0.01638888888888889,0.0,0.022279257451233186,41.5412,139.96715,41.541083,139.967367,2024-11-10,2024-11-10,2024
matsumae24_T22,matsumae24,2024-11-10 08:35:40,2024-11-10 08:35:40,0.0,0.0,0.0,0.0,41.541083,139.967317,41.541083,139.967317,2024-11-10,2024-11-10,2024
matsumae24_T23,matsumae24,2024-11-10 08:42:39,2024-11-10 09:14:39,0.5333333333333333,0.43333333333333335,0.1,1.4465274136262962,41.540917,139.966933,41.541033,139.967433,2024-11-10,2024-11-10,2024
matsumae24_T24,matsumae24,2024-11-10 09:15:39,2024-11-10 09:17:39,0.03333333333333333,0.03333333333333333,0.0,0.03586871000857031,41.540933,139.967517,41.540717,139.967667,2024-11-10,2024-11-10,2024
matsumae24_T25,matsumae24,2024-11-10 09:38:40,2024-11-10 10:12:39,0.5663888888888889,0.5166666666666667,0.04972222222222222,0.8804504823854179,41.541617,139.9669,41.541233,139.967283,2024-11-10,2024-11-10,2024
matsumae24_T26,matsumae24,2024-11-10 10:34:40,2024-11-10 11:05:40,0.5166666666666667,0.4166666666666667,0.1,1.4045036272030773,41.540483,139.967767,41.54175,139.96685,2024-11-10,2024-11-10,2024
matsumae24_T27,matsumae24,2024-11-10 11:10:39,2024-11-10 11:11:39,0.016666666666666666,0.016666666666666666,0.0,0.03332506336418771,41.540867,139.967433,41.54065,139.9677,2024-11-10,2024-11-10,2024
matsumae24_T28,matsumae24,2024-11-10 11:13:40,2024-11-10 11:38:40,0.4166666666666667,0.3663888888888889,0.05027777777777778,0.8477813370773931,41.540517,139.967667,41.538083,139.96915,2024-11-10,2024-11-10,2024
matsumae24_T29,matsumae24,2024-11-10 11:40:40,2024-11-10 11:58:39,0.2997222222222222,0.016666666666666666,0.28305555555555556,4.193165302484387,41.535083,139.96995,41.5023,139.994133,2024-11-10,2024-11-10,2024
matsumae24_T3,matsumae24,2024-01-03 11:00:39,2024-01-03 11:02:40,0.03361111111111111,0.03361111111111111,0.0,0.09861286008290532,41.429733,140.0518,41.4298,140.051667,2024-01-03,2024-01-03,2024
matsumae24_T30,matsumae24,2024-11-14 06:20:39,2024-11-14 10:55:39,4.583333333333333,2.9983333333333335,1.585,21.858848472975108,41.504717,139.99535,41.540667,139.967417,2024-11-14,2024-11-14,2024
matsumae24_T31,matsumae24,2024-11-14 11:57:39,2024-11-14 12:16:39,0.31666666666666665,0.0,0.31666666666666665,3.641320753633771,41.528417,139.977933,41.49745,139.9919,2024-11-14,2024-11-14,2024
matsumae24_T32,matsumae24,2024-11-15 06:11:40,2024-11-15 07:12:40,1.0166666666666666,0.5666666666666667,0.45,6.855822567730876,41.504883,139.995733,41.542567,139.9663,2024-11-15,2024-11-15,2024
matsumae24_T33,matsumae24,2024-11-15 07:15:40,2024-11-15 07:28:39,0.2163888888888889,0.18305555555555555,0.03333333333333333,0.6788627484983848,41.54265,139.966233,41.542983,139.965967,2024-11-15,2024-11-15,2024
matsumae24_T34,matsumae24,2024-11-15 07:35:40,2024-11-15 07:38:40,0.05,0.03305555555555556,0.016944444444444446,0.12540536847088068,41.5429,139.966117,41.5426,139.96615,2024-11-15,2024-11-15,2024
matsumae24_T35,matsumae24,2024-11-15 11:24:40,2024-11-15 11:24:40,0.0,0.0,0.0,0.0,41.538367,139.969333,41.538367,139.969333,2024-11-15,2024-11-15,2024
matsumae24_T36,matsumae24,2024-11-15 11:27:39,2024-11-15 11:43:39,0.26666666666666666,0.0,0.26666666666666666,3.8167921706279397,41.5319,139.972883,41.501417,139.993483,2024-11-15,2024-11-15,2024
matsumae24_T37,matsumae24,2024-11-16 06:05:39,2024-11-16 06:45:39,0.6666666666666666,0.24972222222222223,0.41694444444444445,6.131744790946925,41.5029,139.995367,41.5414,139.967,2024-11-16,2024-11-16,2024
matsumae24_T38,matsumae24,2024-11-16 06:46:39,2024-11-16 06:50:40,0.06694444444444445,0.05,0.016944444444444446,0.284085867395829,41.5413,139.967117,41.541467,139.966983,2024-11-16,2024-11-16,2024
matsumae24_T39,matsumae24,2024-11-16 06:59:39,2024-11-16 07:06:40,0.11694444444444445,0.08333333333333334,0.03361111111111111,0.5346232283753198,41.54205,139.966567,41.542417,139.966317,2024-11-16,2024-11-16,2024
matsumae24_T4,matsumae24,2024-02-18 05:08:39,2024-02-18 06:28:39,1.3333333333333333,0.16694444444444445,1.166388888888889,17.40261488401953,41.469967,140.002767,41.471817,140.002567,2024-02-18,2024-02-18,2024
matsumae24_T40,matsumae24,2024-11-16 07:09:40,2024-11-16 07:18:39,0.14972222222222223,0.13305555555555557,0.016666666666666666,0.44487319305792117,41.542083,139.96665,41.5409,139.967317,2024-11-16,2024-11-16,2024
matsumae24_T41,matsumae24,2024-11-16 07:22:39,2024-11-16 08:30:39,1.1333333333333333,0.8663888888888889,0.26694444444444443,4.044501029527011,41.5412,139.967217,41.542267,139.966483,2024-11-16,2024-11-16,2024
matsumae24_T42,matsumae24,2024-11-16 08:32:39,2024-11-16 08:56:39,0.4,0.3,0.1,1.557965787114772,41.542283,139.96655,41.54195,139.966667,2024-11-16,2024-11-16,2024
matsumae24_T43,matsumae24,2024-11-16 09:10:40,2024-11-16 09:15:40,0.08333333333333334,0.06638888888888889,0.016944444444444446,0.3321453190084975,41.542933,139.966183,41.543317,139.965717,2024-11-16,2024-11-16,2024
matsumae24_T44,matsumae24,2024-11-16 09:51:39,2024-11-16 11:11:39,1.3333333333333333,0.8333333333333334,0.5,8.437037506250485,41.541867,139.966817,41.503583,139.995233,2024-11-16,2024-11-16,2024
matsumae24_T45,matsumae24,2024-11-21 06:25:39,2024-11-21 06:41:40,0.26694444444444443,0.0,0.26694444444444443,3.9102242457939904,41.5017,139.99405,41.532733,139.9721,2024-11-21,2024-11-21,2024
matsumae24_T46,matsumae24,2024-11-21 06:44:40,2024-11-21 06:50:39,0.09972222222222223,0.03333333333333334,0.06638888888888889,0.6942170715335977,41.538667,139.96955,41.543317,139.96565,2024-11-21,2024-11-21,2024
matsumae24_T47,matsumae24,2024-11-21 06:51:39,2024-11-21 08:03:39,1.2,0.9830555555555556,0.21694444444444444,3.642422351852869,41.54285,139.96575,41.542417,139.96565,2024-11-21,2024-11-21,2024
matsumae24_T48,matsumae24,2024-11-21 08:10:39,2024-11-21 10:22:39,2.2,1.7841666666666667,0.41583333333333333,8.075960508542098,41.543,139.966067,41.54185,139.966417,2024-11-21,2024-11-21,2024
matsumae24_T49,matsumae24,2024-11-21 11:11:40,2024-11-21 11:50:39,0.6497222222222222,0.24944444444444444,0.4002777777777778,5.796243739670984,41.541567,139.966817,41.49765,139.99155,2024-11-21,2024-11-21,2024
matsumae24_T5,matsumae24,2024-06-11 06:59:41,2024-06-15 11:09:40,100.16638888888889,0.0,100.16638888888889,12.552783619475672,41.405817,140.112467,41.3965,140.1786,2024-06-11,2024-06-15,2024
matsumae24_T50,matsumae24,2024-11-25 06:47:40,2024-11-25 07:34:40,0.7833333333333333,0.3169444444444445,0.4663888888888889,6.232590023092763,41.5015,139.993167,41.542,139.96655,2024-11-25,2024-11-25,2024
matsumae24_T51,matsumae24,2024-11-25 07:44:40,2024-11-25 07:57:40,0.21666666666666667,0.1663888888888889,0.05027777777777778,0.8676651138962361,41.542233,139.9666,41.542467,139.966183,2024-11-25,2024-11-25,2024
matsumae24_T52,matsumae24,2024-11-25 08:04:40,2024-11-25 13:28:40,5.4,4.115,1.285,21.100649133397777,41.542117,139.966417,41.503083,139.995233,2024-11-25,2024-11-25,2024
matsumae24_T53,matsumae24,2024-12-02 07:16:39,2024-12-02 07:17:39,0.016666666666666666,0.0,0.016666666666666666,0.11345739311068917,41.481067,139.996467,41.481983,139.995867,2024-12-02,2024-12-02,2024
matsumae24_T54,matsumae24,2024-12-02 07:21:39,2024-12-02 07:43:39,0.3666666666666667,0.0,0.3666666666666667,5.095332625068147,41.490733,139.991067,41.533917,139.97075,2024-12-02,2024-12-02,2024
matsumae24_T55,matsumae24,2024-12-02 07:45:40,2024-12-02 08:30:40,0.75,0.5330555555555555,0.21694444444444444,3.0018330440454206,41.5377,139.968783,41.5412,139.966717,2024-12-02,2024-12-02,2024
matsumae24_T56,matsumae24,2024-12-02 08:33:40,2024-12-02 08:38:39,0.08305555555555555,0.06638888888888889,0.016666666666666666,0.22668599608605183,41.54115,139.967233,41.540417,139.967683,2024-12-02,2024-12-02,2024
matsumae24_T57,matsumae24,2024-12-02 08:46:39,2024-12-02 08:47:40,0.016944444444444446,0.016944444444444446,0.0,0.043481580116400326,41.54015,139.96815,41.539817,139.968233,2024-12-02,2024-12-02,2024
matsumae24_T58,matsumae24,2024-12-02 08:59:40,2024-12-02 09:15:40,0.26666666666666666,0.18333333333333335,0.08333333333333333,0.8638397347980912,41.539817,139.968433,41.541267,139.967233,2024-12-02,2024-12-02,2024
matsumae24_T59,matsumae24,2024-12-02 09:19:40,2024-12-02 10:48:39,1.4830555555555556,1.2833333333333334,0.19972222222222222,2.9760682661564046,41.540617,139.967367,41.535783,139.96935,2024-12-02,2024-12-02,2024
matsumae24_T6,matsumae24,2024-06-15 11:17:39,2024-06-15 11:26:40,0.1502777777777778,0.0,0.1502777777777778,3.19525460693356,41.402917,140.149017,41.41025,140.112033,2024-06-15,2024-06-15,2024
matsumae24_T60,matsumae24,2024-12-02 11:04:39,2024-12-02 11:27:39,0.38333333333333336,0.016666666666666666,0.3666666666666667,4.569987709734532,41.532517,139.971433,41.498583,139.99245,2024-12-02,2024-12-02,2024
matsumae24_T61,matsumae24,2024-12-02 12:14:39,2024-12-02 12:14:39,0.0,0.0,0.0,0.08517437586543206,41.45235,140.022183,41.451817,140.022917,2024-12-02,2024-12-02,2024
matsumae24_T62,matsumae24,2024-12-02 12:22:40,2024-12-02 12:22:40,0.0,0.0,0.0,0.0,41.45215,140.0235,41.45215,140.0235,2024-12-02,2024-12-02,2024
matsumae24_T63,matsumae24,2024-12-04 07:25:40,2024-12-04 07:58:40,0.55,0.1836111111111111,0.36638888888888893,5.566079192708621,41.50065,139.9927,41.53765,139.968717,2024-12-04,2024-12-04,2024
matsumae24_T64,matsumae24,2024-12-04 07:59:40,2024-12-04 08:56:39,0.9497222222222222,0.6661111111111111,0.2836111111111111,4.197005769555579,41.537333,139.968,41.541767,139.966733,2024-12-04,2024-12-04,2024
matsumae24_T65,matsumae24,2024-12-04 09:00:39,2024-12-04 09:14:39,0.23333333333333334,0.18388888888888888,0.049444444444444444,1.088154914261293,41.54135,139.967183,41.540133,139.967733,2024-12-04,2024-12-04,2024
matsumae24_T66,matsumae24,2024-12-04 09:18:39,2024-12-04 09:24:40,0.10027777777777779,0.08361111111111111,0.016666666666666666,0.4074765576153024,41.5404,139.96785,41.540317,139.968,2024-12-04,2024-12-04,2024
matsumae24_T67,matsumae24,2024-12-04 09:28:40,2024-12-04 09:30:41,0.03361111111111111,0.016666666666666666,0.016944444444444446,0.11630234805164505,41.540867,139.96755,41.540983,139.96725,2024-12-04,2024-12-04,2024
matsumae24_T68,matsumae24,2024-12-04 09:32:40,2024-12-04 09:47:40,0.25,0.2,0.05,0.9537796414432388,41.54135,139.967167,41.5409,139.967333,2024-12-04,2024-12-04,2024
matsumae24_T69,matsumae24,2024-12-04 09:53:40,2024-12-04 09:53:40,0.0,0.0,0.0,0.0,41.540533,139.967833,41.540533,139.967833,2024-12-04,2024-12-04,2024
matsumae24_T7,matsumae24,2024-06-15 11:39:39,2024-06-15 11:43:39,0.06666666666666667,0.0,0.06666666666666667,1.3831936489805021,41.4225,140.065267,41.42995,140.052,2024-06-15,2024-06-15,2024
matsumae24_T70,matsumae24,2024-12-04 09:57:40,2024-12-04 10:50:39,0.8830555555555556,0.5166666666666667,0.3663888888888889,6.715112380127019,41.541933,139.966783,41.501817,139.994433,2024-12-04,2024-12-04,2024
matsumae24_T71,matsumae24,2024-12-06 06:56:39,2024-12-06 07:11:39,0.25,0.0,0.25,3.6413641236347796,41.5016,139.994033,41.530667,139.974017,2024-12-06,2024-12-06,2024
matsumae24_T72,matsumae24,2024-12-06 07:14:39,2024-12-06 07:33:40,0.3169444444444445,0.18333333333333335,0.13361111111111112,1.512921763784305,41.537817,139.969767,41.541167,139.9672,2024-12-06,2024-12-06,2024
matsumae24_T73,matsumae24,2024-12-06 07:39:39,2024-12-06 08:14:40,0.5836111111111111,0.2833333333333333,0.3002777777777778,5.482457514784565,41.540667,139.967067,41.503067,139.994,2024-12-06,2024-12-06,2024
matsumae24_T74,matsumae24,2024-12-06 08:42:39,2024-12-06 08:43:39,0.016666666666666666,0.0,0.016666666666666666,0.345125267114219,41.453167,140.018667,41.450233,140.019967,2024-12-06,2024-12-06,2024
matsumae24_T75,matsumae24,2024-12-06 08:44:39,2024-12-06 08:44:39,0.0,0.0,0.0,0.0,41.449733,140.019667,41.449733,140.019667,2024-12-06,2024-12-06,2024
matsumae24_T76,matsumae24,2024-12-25 11:06:39,2024-12-25 11:06:39,0.0,0.0,0.0,0.0,41.430583,140.0536,41.430583,140.0536,2024-12-25,2024-12-25,2024
matsumae24_T8,matsumae24,2024-07-10 01:14:40,2024-07-10 09:45:40,8.516666666666667,6.051111111111111,2.4655555555555555,43.66332408685924,41.483417,139.994117,41.448117,140.017167,2024-07-10,2024-07-10,2024
matsumae24_T9,matsumae24,2024-07-10 09:54:39,2024-07-10 09:59:39,0.08333333333333333,0.0,0.08333333333333333,1.7475855923127535,41.428433,140.047367,41.419533,140.064633,2024-07-10,2024-07-10,2024
matsumae25_T0,matsumae25,2024-07-10 01:33:10,2024-07-10 08:51:09,7.299722222222222,5.084444444444444,2.2152777777777777,33.236885973042504,41.4655,139.9833,41.47015,140.002433,2024-07-10,2024-07-10,2024
matsumae25_T1,matsumae25,2024-07-16 01:17:10,2024-07-16 07:33:10,6.266666666666667,4.033888888888889,2.2327777777777778,34.117078120485,41.47305,140.0017,41.472083,140.003117,2024-07-16,2024-07-16,2024
matsumae25_T2,matsumae25,2024-08-03 01:41:09,2024-08-03 07:29:10,5.800277777777778,2.866388888888889,2.933888888888889,47.91291379771047,41.470967,140.003633,41.478783,139.995833,2024-08-03,2024-08-03,2024
matsumae25_T3,matsumae25,2024-08-07 01:35:10,2024-08-07 09:04:09,7.483055555555556,4.651388888888889,2.8316666666666666,47.140150366452616,41.46855,140.005033,41.435933,140.021733,2024-08-07,2024-08-07,2024
matsumae25_T4,matsumae25,2024-08-07 09:07:09,2024-08-07 09:18:09,0.18333333333333335,0.0,0.18333333333333335,3.2810047150716355,41.429983,140.032083,41.41545,140.06625,2024-08-07,2024-08-07,2024
matsumae25_T5,matsumae25,2024-08-07 10:09:09,2024-08-07 10:13:09,0.06666666666666667,0.0,0.06666666666666667,1.7950840995617938,41.41895,140.065983,41.428117,140.0484,2024-08-07,2024-08-07,2024
matsumae26_T1,matsumae26,2024-05-20 04:12:10,2024-05-20 08:04:09,3.866388888888889,2.648888888888889,1.2175,14.871206373370105,41.50115,139.993267,41.50295,139.994083,2024-05-20,2024-05-20,2024
matsumae26_T10,matsumae26,2024-08-01 01:33:09,2024-08-01 02:06:10,0.5502777777777778,0.16666666666666669,0.3836111111111111,4.97689022423306,41.465983,140.007767,41.468667,140.0052,2024-08-01,2024-08-01,2024
matsumae26_T11,matsumae26,2024-08-03 01:54:10,2024-08-03 06:10:10,4.266666666666667,1.7016666666666667,2.565,29.993330954488894,41.4677,140.005633,41.477583,139.996767,2024-08-03,2024-08-03,2024
matsumae26_T12,matsumae26,2024-08-06 02:00:09,2024-08-06 06:53:10,4.883611111111112,2.9008333333333334,1.9827777777777778,26.955326477256428,41.483267,139.994617,41.492617,139.991183,2024-08-06,2024-08-06,2024
matsumae26_T13,matsumae26,2024-08-07 01:47:10,2024-08-07 06:34:09,4.783055555555555,2.666666666666667,2.116388888888889,27.81267525900268,41.479333,139.995617,41.494883,139.991317,2024-08-07,2024-08-07,2024
matsumae26_T14,matsumae26,2024-08-28 02:01:10,2024-08-28 06:59:09,4.966388888888889,1.8663888888888889,3.1,37.92771517336424,41.462967,140.005917,41.457367,140.010683,2024-08-28,2024-08-28,2024
matsumae26_T15,matsumae26,2024-09-13 02:27:09,2024-09-13 06:59:10,4.533611111111111,2.383888888888889,2.149722222222222,33.44793942213467,41.4923,139.990633,41.48045,139.996383,2024-09-13,2024-09-13,2024
matsumae26_T16,matsumae26,2024-10-26 12:49:09,2024-10-26 13:36:10,0.7836111111111111,0.13305555555555557,0.6505555555555556,10.176077125568847,41.463233,140.0062,41.406633,140.074167,2024-10-26,2024-10-26,2024
matsumae26_T17,matsumae26,2024-10-26 13:42:09,2024-10-26 14:47:09,1.0833333333333335,0.2833333333333333,0.8,7.576273365281051,41.402467,140.086733,41.428233,140.042217,2024-10-26,2024-10-26,2024
matsumae26_T18,matsumae26,2024-10-26 15:07:10,2024-10-26 15:07:10,0.0,0.0,0.0,0.0,41.452,140.022967,41.452,140.022967,2024-10-26,2024-10-26,2024
matsumae26_T19,matsumae26,2024-11-12 06:11:10,2024-11-12 09:00:09,2.816388888888889,2.2669444444444444,0.5494444444444444,10.841394235338683,41.526117,139.933233,41.50185,139.993217,2024-11-12,2024-11-12,2024
matsumae26_T2,matsumae26,2024-06-01 04:08:10,2024-06-01 07:55:10,3.7833333333333337,2.8830555555555555,0.9002777777777778,12.857336413364266,41.501917,139.99375,41.505167,139.99715,2024-06-01,2024-06-01,2024
matsumae26_T3,matsumae26,2024-06-07 04:03:10,2024-06-07 04:15:09,0.19972222222222222,0.0,0.19972222222222222,3.4369478561417677,41.502367,139.9944,41.5297,139.975217,2024-06-07,2024-06-07,2024
matsumae26_T4,matsumae26,2024-06-07 04:18:10,2024-06-07 06:45:10,2.45,1.3511111111111112,1.098888888888889,14.759301461138012,41.53515,139.968883,41.505767,139.997883,2024-06-07,2024-06-07,2024
matsumae26_T5,matsumae26,2024-06-20 03:45:09,2024-06-20 06:47:09,3.033333333333333,2.1333333333333333,0.9,17.53642675338659,41.502467,139.994633,41.537883,139.969217,2024-06-20,2024-06-20,2024
matsumae26_T6,matsumae26,2024-06-20 06:56:10,2024-06-20 07:08:09,0.19972222222222225,0.0,0.19972222222222225,2.6310768292455853,41.526633,139.983133,41.5063,139.999133,2024-06-20,2024-06-20,2024
matsumae26_T7,matsumae26,2024-07-12 01:26:09,2024-07-12 05:47:09,4.3500000000000005,2.6341666666666668,1.7158333333333333,24.537881652135102,41.479867,139.99545,41.480483,139.995567,2024-07-12,2024-07-12,2024
matsumae26_T8,matsumae26,2024-07-16 01:22:10,2024-07-16 07:33:10,6.183333333333334,2.317222222222222,3.866111111111111,45.821797626375385,41.469867,140.003133,41.4528,140.0207,2024-07-16,2024-07-16,2024
matsumae26_T9,matsumae26,2024-07-17 01:15:10,2024-07-17 07:49:09,6.566388888888889,3.1994444444444445,3.3669444444444445,38.497695327173666,41.468017,140.005017,41.45305,140.01925,2024-07-17,2024-07-17,2024
matsumae27_T1,matsumae27,2024-06-19 01:32:55,2024-06-19 07:06:54,5.566388888888889,2.066388888888889,3.5,48.94654876654696,41.4616,140.006933,41.463017,140.00555,2024-06-19,2024-06-19,2024
matsumae27_T10,matsumae27,2024-07-17 08:57:55,2024-07-17 09:04:54,0.11638888888888889,0.0,0.11638888888888889,1.9239381153749167,41.427983,140.044633,41.419717,140.0649,2024-07-17,2024-07-17,2024
matsumae27_T11,matsumae27,2024-07-17 10:48:55,2024-07-17 10:55:54,0.1163888888888889,0.0,0.1163888888888889,1.9638172930341091,41.418967,140.0651,41.428633,140.045433,2024-07-17,2024-07-17,2024
matsumae27_T12,matsumae27,2024-07-17 11:11:54,2024-07-17 11:12:54,0.016666666666666666,0.0,0.016666666666666666,0.16660131212646032,41.451133,140.02225,41.452483,140.021383,2024-07-17,2024-07-17,2024
matsumae27_T13,matsumae27,2024-08-07 01:33:55,2024-08-07 10:00:54,8.449722222222222,5.8175,2.6322222222222225,41.5330590163009,41.47275,140.001533,41.4913,139.991117,2024-08-07,2024-08-07,2024
matsumae27_T14,matsumae27,2024-10-08 08:37:55,2024-10-08 09:08:54,0.5163888888888889,0.0,0.5163888888888889,4.234016363554382,41.492967,139.991033,41.52915,139.976917,2024-10-08,2024-10-08,2024
matsumae27_T15,matsumae27,2024-10-21 08:57:54,2024-10-21 09:10:55,0.21694444444444444,0.0,0.21694444444444444,3.6697398651957656,41.528667,139.975717,41.498783,139.99225,2024-10-21,2024-10-21,2024
matsumae27_T16,matsumae27,2024-10-26 02:34:55,2024-10-26 09:03:54,6.483055555555556,3.8833333333333333,2.5997222222222223,41.19170103475782,41.467517,140.0059,41.478233,139.996233,2024-10-26,2024-10-26,2024
matsumae27_T17,matsumae27,2024-10-26 10:58:54,2024-10-26 10:59:55,0.016944444444444446,0.0,0.016944444444444446,0.2795343316672768,41.471267,140.004483,41.4729,140.001933,2024-10-26,2024-10-26,2024
matsumae27_T18,matsumae27,2024-10-26 11:12:55,2024-10-26 15:08:55,3.9333333333333336,0.06638888888888889,3.8669444444444445,36.44478236430274,41.494517,139.9912,41.436317,140.021883,2024-10-26,2024-10-26,2024
matsumae27_T19,matsumae27,2024-10-26 15:19:54,2024-10-26 15:23:54,0.06666666666666667,0.0,0.06666666666666667,0.6010082856653598,41.44875,140.017983,41.4541,140.017,2024-10-26,2024-10-26,2024
matsumae27_T2,matsumae27,2024-06-27 01:16:55,2024-06-27 06:49:54,5.549722222222222,2.5,3.0497222222222224,45.276595940133916,41.459717,140.0086,41.461167,140.00725,2024-06-27,2024-06-27,2024
matsumae27_T20,matsumae27,2024-10-27 06:47:54,2024-10-27 06:48:54,0.016666666666666666,0.0,0.016666666666666666,0.15006151224657432,41.4526,140.0217,41.451333,140.022317,2024-10-27,2024-10-27,2024
matsumae27_T21,matsumae27,2024-10-27 07:09:54,2024-10-27 07:22:54,0.21666666666666667,0.0,0.21666666666666667,2.251465026062566,41.428733,140.047283,41.41485,140.0669,2024-10-27,2024-10-27,2024
matsumae27_T22,matsumae27,2024-10-27 07:36:54,2024-10-27 08:15:55,0.6502777777777778,0.3002777777777778,0.35000000000000003,3.5579356158206945,41.4026,140.094383,41.4038,140.099567,2024-10-27,2024-10-27,2024
matsumae27_T23,matsumae27,2024-10-27 08:37:55,2024-10-27 08:53:54,0.2663888888888889,0.0,0.2663888888888889,2.2057616925918415,41.416367,140.06605,41.428633,140.0453,2024-10-27,2024-10-27,2024
matsumae27_T24,matsumae27,2024-10-27 09:18:54,2024-10-27 09:19:55,0.016944444444444446,0.0,0.016944444444444446,0.18180219256866575,41.4511,140.0223,41.452533,140.02125,2024-10-27,2024-10-27,2024
matsumae27_T25,matsumae27,2024-10-27 10:07:54,2024-10-27 10:28:54,0.35000000000000003,0.09944444444444445,0.2505555555555556,2.353600791489631,41.502167,139.994317,41.501717,139.9936,2024-10-27,2024-10-27,2024
matsumae27_T26,matsumae27,2024-11-01 02:36:54,2024-11-01 09:17:55,6.683611111111111,3.1666666666666665,3.5169444444444444,54.847710263307604,41.458933,140.008333,41.458533,140.0095,2024-11-01,2024-11-01,2024
matsumae27_T27,matsumae27,2024-11-06 02:54:55,2024-11-06 09:28:53,6.566111111111112,3.299166666666667,3.2669444444444444,47.871381751819506,41.460667,140.00735,41.459733,140.008583,2024-11-06,2024-11-06,2024
matsumae27_T28,matsumae27,2024-11-10 02:40:54,2024-11-10 09:34:54,6.9,3.35,3.5500000000000003,55.21377913396175,41.458017,140.00935,41.457217,140.01055,2024-11-10,2024-11-10,2024
matsumae27_T29,matsumae27,2024-11-15 02:41:54,2024-11-15 09:16:54,6.583333333333334,3.6505555555555556,2.932777777777778,44.85259574759621,41.45935,140.009183,41.4626,140.0066,2024-11-15,2024-11-15,2024
matsumae27_T3,matsumae27,2024-06-30 01:09:54,2024-06-30 05:21:55,4.200277777777778,2.0322222222222224,2.1680555555555556,28.517357322743983,41.4611,140.00635,41.469933,140.003517,2024-06-30,2024-06-30,2024
matsumae27_T30,matsumae27,2024-11-16 02:36:54,2024-11-16 09:46:54,7.166666666666667,2.283611111111111,4.883055555555556,63.73710127473322,41.461767,140.006817,41.460917,140.006983,2024-11-16,2024-11-16,2024
matsumae27_T31,matsumae27,2024-12-04 03:50:55,2024-12-04 08:58:55,5.133333333333334,1.816111111111111,3.3172222222222225,50.966068732125535,41.46225,140.0059,41.459467,140.008167,2024-12-04,2024-12-04,2024
matsumae27_T4,matsumae27,2024-07-10 01:16:55,2024-07-10 08:38:55,7.366666666666667,4.9675,2.399166666666667,40.78145246557891,41.466033,140.007633,41.476783,139.997417,2024-07-10,2024-07-10,2024
matsumae27_T5,matsumae27,2024-07-11 01:08:54,2024-07-11 08:53:54,7.75,5.083055555555555,2.6669444444444443,42.52903017979958,41.46925,140.004167,41.443167,140.017083,2024-07-11,2024-07-11,2024
matsumae27_T6,matsumae27,2024-07-11 09:04:55,2024-07-11 09:11:54,0.11638888888888889,0.0,0.11638888888888889,1.8699747006950829,41.4288,140.047433,41.41935,140.065983,2024-07-11,2024-07-11,2024
matsumae27_T7,matsumae27,2024-07-11 09:54:54,2024-07-11 10:01:55,0.11694444444444445,0.0,0.11694444444444445,1.909226565919306,41.419467,140.065683,41.4288,140.046467,2024-07-11,2024-07-11,2024
matsumae27_T8,matsumae27,2024-07-11 10:15:54,2024-07-11 10:16:54,0.016666666666666666,0.0,0.016666666666666666,0.22348196705400464,41.450783,140.021283,41.452633,140.020267,2024-07-11,2024-07-11,2024
matsumae27_T9,matsumae27,2024-07-17 01:11:54,2024-07-17 08:48:54,7.616666666666667,4.816666666666666,2.8000000000000003,42.385773465749374,41.47365,140.00045,41.4416,140.017367,2024-07-17,2024-07-17,2024
matsumae28_T1,matsumae28,2024-04-22 15:45:34,2024-04-22 15:45:34,0.0,0.0,0.0,0.0,41.42955,140.0495,41.42955,140.0495,2024-04-22,2024-04-22,2024
matsumae28_T10,matsumae28,2024-05-09 06:12:34,2024-05-09 06:17:35,0.08361111111111111,0.08361111111111111,0.0,0.18518462265889937,41.429183,140.0505,41.429567,140.049733,2024-05-09,2024-05-09,2024
matsumae28_T11,matsumae28,2024-05-15 05:50:35,2024-05-15 08:20:35,2.5,1.7833333333333334,0.7166666666666667,10.919389154947881,41.43345,140.02345,41.429033,140.048033,2024-05-15,2024-05-15,2024
matsumae28_T12,matsumae28,2024-05-15 08:28:34,2024-05-15 09:24:34,0.9333333333333333,0.8330555555555555,0.10027777777777777,2.883565532571654,41.435417,140.0215,41.44005,140.018167,2024-05-15,2024-05-15,2024
matsumae28_T13,matsumae28,2024-06-23 15:46:34,2024-06-23 15:49:34,0.05,0.0,0.05,0.8082531103905344,41.428967,140.03585,41.42935,140.034067,2024-06-23,2024-06-23,2024
matsumae28_T14,matsumae28,2024-06-23 16:28:34,2024-06-23 17:22:33,0.8997222222222222,0.8163888888888889,0.08333333333333334,1.715145753903299,41.429183,140.050283,41.43015,140.05155,2024-06-23,2024-06-23,2024
matsumae28_T15,matsumae28,2024-06-23 17:26:34,2024-06-23 17:33:35,0.11694444444444445,0.08361111111111111,0.03333333333333334,0.48142930853798377,41.429917,140.050867,41.430617,140.05305,2024-06-23,2024-06-23,2024
matsumae28_T16,matsumae28,2024-07-15 13:15:34,2024-07-15 13:19:34,0.06666666666666667,0.0,0.06666666666666667,1.1861286902380346,41.432083,140.056267,41.424067,140.06565,2024-07-15,2024-07-15,2024
matsumae28_T17,matsumae28,2024-07-15 14:01:34,2024-07-15 14:04:34,0.05,0.0,0.05,1.005352585422386,41.425117,140.066283,41.43175,140.058133,2024-07-15,2024-07-15,2024
matsumae28_T18,matsumae28,2024-07-16 01:23:35,2024-07-16 07:14:35,5.8500000000000005,2.865277777777778,2.9847222222222225,47.259591210436525,41.449267,140.018,41.489517,139.991483,2024-07-16,2024-07-16,2024
matsumae28_T19,matsumae28,2024-07-16 07:25:35,2024-07-16 07:26:34,0.01638888888888889,0.0,0.01638888888888889,0.20479253510941509,41.45305,140.017933,41.45145,140.01915,2024-07-16,2024-07-16,2024
matsumae28_T2,matsumae28,2024-04-22 15:53:34,2024-04-22 15:56:34,0.05,0.03333333333333333,0.016666666666666666,0.12534361082722686,41.429567,140.049583,41.429333,140.049317,2024-04-22,2024-04-22,2024
matsumae28_T20,matsumae28,2024-07-16 07:35:34,2024-07-16 07:40:34,0.08333333333333334,0.0,0.08333333333333334,1.8881904642499379,41.4283,140.0467,41.419167,140.065733,2024-07-16,2024-07-16,2024
matsumae28_T21,matsumae28,2024-07-16 08:26:35,2024-07-16 08:29:34,0.04972222222222222,0.0,0.04972222222222222,1.0400637038995388,41.42625,140.066883,41.432483,140.0576,2024-07-16,2024-07-16,2024
matsumae28_T22,matsumae28,2024-07-17 01:11:35,2024-07-17 07:54:34,6.716388888888889,3.1830555555555557,3.533333333333333,49.3067521962803,41.4486,140.017567,41.417083,140.065483,2024-07-17,2024-07-17,2024
matsumae28_T23,matsumae28,2024-07-17 08:32:34,2024-07-17 08:35:34,0.05,0.0,0.05,0.9528168800666423,41.425833,140.065767,41.431817,140.0576,2024-07-17,2024-07-17,2024
matsumae28_T24,matsumae28,2024-09-05 05:28:34,2024-09-05 12:33:35,7.083611111111112,6.018055555555556,1.0655555555555556,13.80019170552106,41.444617,140.017317,41.445083,140.017467,2024-09-05,2024-09-05,2024
matsumae28_T25,matsumae28,2024-09-08 05:37:34,2024-09-08 11:00:34,5.383333333333334,4.766388888888889,0.6169444444444444,9.07548873181193,41.445633,140.016633,41.4444,140.016767,2024-09-08,2024-09-08,2024
matsumae28_T26,matsumae28,2024-09-12 05:30:33,2024-09-12 09:16:34,3.7669444444444444,1.4175,2.3494444444444444,35.94894328964302,41.438383,140.0185,41.427733,140.041117,2024-09-12,2024-09-12,2024
matsumae28_T27,matsumae28,2024-09-16 05:05:35,2024-09-16 05:05:35,0.0,0.0,0.0,0.0,41.4523,140.023533,41.4523,140.023533,2024-09-16,2024-09-16,2024
matsumae28_T28,matsumae28,2024-09-16 05:10:34,2024-09-16 10:23:34,5.216666666666667,2.733888888888889,2.4827777777777778,38.766337353726726,41.458917,140.008967,41.442533,140.017467,2024-09-16,2024-09-16,2024
matsumae28_T29,matsumae28,2024-09-19 05:40:33,2024-09-19 10:17:35,4.617222222222223,2.3672222222222223,2.25,34.883049927264416,41.449383,140.01855,41.448817,140.017217,2024-09-19,2024-09-19,2024
matsumae28_T3,matsumae28,2024-04-22 16:09:34,2024-04-22 16:52:35,0.7169444444444445,0.55,0.16694444444444445,3.992935924209166,41.436033,140.021533,41.434583,140.0234,2024-04-22,2024-04-22,2024
matsumae28_T30,matsumae28,2024-09-21 05:35:34,2024-09-21 10:04:34,4.483333333333333,3.017777777777778,1.4655555555555555,22.467523586820324,41.442167,140.017933,41.44605,140.017083,2024-09-21,2024-09-21,2024
matsumae28_T31,matsumae28,2024-10-03 05:51:34,2024-10-03 11:04:34,5.216666666666667,4.183611111111111,1.0330555555555556,12.913504137490092,41.441017,140.01795,41.4494,140.017033,2024-10-03,2024-10-03,2024
matsumae28_T32,matsumae28,2024-10-07 05:43:35,2024-10-07 12:03:35,6.333333333333334,3.4680555555555554,2.865277777777778,48.76205247873738,41.450217,140.019217,41.4349,140.022683,2024-10-07,2024-10-07,2024
matsumae28_T33,matsumae28,2024-10-09 09:05:35,2024-10-09 12:28:34,3.3830555555555555,2.649166666666667,0.7338888888888889,12.528940691613697,41.442217,140.018283,41.436533,140.021567,2024-10-09,2024-10-09,2024
matsumae28_T34,matsumae28,2024-10-09 12:29:34,2024-10-09 13:10:35,0.6836111111111112,0.5166666666666667,0.16694444444444445,2.195357498503713,41.438967,140.019883,41.443617,140.017833,2024-10-09,2024-10-09,2024
matsumae28_T35,matsumae28,2024-10-12 05:32:34,2024-10-12 10:57:34,5.416666666666667,3.2672222222222222,2.1494444444444447,36.2409135261131,41.4356,140.021383,41.434283,140.02235,2024-10-12,2024-10-12,2024
matsumae28_T36,matsumae28,2024-10-17 03:10:35,2024-10-17 08:15:34,5.083055555555556,2.165277777777778,2.917777777777778,35.900678004307686,41.428833,140.03405,41.428083,140.043167,2024-10-17,2024-10-17,2024
matsumae28_T37,matsumae28,2024-10-18 03:19:34,2024-10-18 08:01:34,4.7,1.5505555555555557,3.1494444444444447,39.98350273395049,41.4287,140.034033,41.443133,140.0172,2024-10-18,2024-10-18,2024
matsumae28_T38,matsumae28,2024-10-26 03:16:34,2024-10-26 08:44:34,5.466666666666667,2.3855555555555554,3.0811111111111114,45.38744599444234,41.431483,140.02815,41.430783,140.053333,2024-10-26,2024-10-26,2024
matsumae28_T39,matsumae28,2024-10-26 10:42:35,2024-10-26 15:01:35,4.316666666666666,0.03305555555555556,4.283611111111111,45.41552658107453,41.448367,140.016767,41.428267,140.03685,2024-10-26,2024-10-26,2024
matsumae28_T4,matsumae28,2024-04-29 08:25:34,2024-04-29 09:10:34,0.75,0.4330555555555556,0.3169444444444445,5.039572727789792,41.427767,140.040133,41.436517,140.021117,2024-04-29,2024-04-29,2024
matsumae28_T40,matsumae28,2024-10-27 07:10:35,2024-10-27 07:18:34,0.13305555555555557,0.0,0.13305555555555557,1.278271704531669,41.432417,140.056567,41.423433,140.066067,2024-10-27,2024-10-27,2024
matsumae28_T41,matsumae28,2024-10-27 07:41:35,2024-10-27 08:10:34,0.48305555555555557,0.3,0.18305555555555555,2.5533409403362395,41.409583,140.110467,41.411,140.111083,2024-10-27,2024-10-27,2024
matsumae28_T42,matsumae28,2024-10-27 08:37:34,2024-10-27 08:46:35,0.15027777777777776,0.0,0.15027777777777776,1.1094618913025107,41.424833,140.0665,41.431933,140.057167,2024-10-27,2024-10-27,2024
matsumae28_T43,matsumae28,2024-10-27 10:10:35,2024-10-27 10:26:34,0.2663888888888889,0.03305555555555556,0.23333333333333334,1.9874969054463196,41.50665,139.998367,41.505567,139.99785,2024-10-27,2024-10-27,2024
matsumae28_T44,matsumae28,2024-11-10 03:46:34,2024-11-10 08:49:35,5.050277777777778,2.2672222222222222,2.783055555555556,39.72302604992636,41.42945,140.033333,41.42925,140.053317,2024-11-10,2024-11-10,2024
matsumae28_T45,matsumae28,2024-11-15 06:16:34,2024-11-15 11:33:34,5.283333333333333,3.6838888888888888,1.5994444444444444,27.323439415829842,41.437583,140.019317,41.43735,140.019417,2024-11-15,2024-11-15,2024
matsumae28_T46,matsumae28,2024-11-16 07:22:34,2024-11-16 07:27:35,0.08361111111111111,0.0,0.08361111111111111,1.1417808169823842,41.431133,140.05675,41.4236,140.066017,2024-11-16,2024-11-16,2024
matsumae28_T47,matsumae28,2024-11-22 12:15:34,2024-11-22 12:18:35,0.05027777777777778,0.0,0.05027777777777778,1.1415444846753346,41.424533,140.066283,41.431483,140.056217,2024-11-22,2024-11-22,2024
matsumae28_T48,matsumae28,2024-12-02 07:21:34,2024-12-02 08:47:34,1.4333333333333333,0.46611111111111114,0.9672222222222222,15.322542461904895,41.447733,140.01655,41.4514,140.0225,2024-12-02,2024-12-02,2024
matsumae28_T5,matsumae28,2024-04-29 12:19:35,2024-04-29 12:33:34,0.23305555555555557,0.16666666666666669,0.06638888888888889,0.781028670248259,41.438867,140.019733,41.436067,140.02145,2024-04-29,2024-04-29,2024
matsumae28_T6,matsumae28,2024-05-06 08:14:34,2024-05-06 08:28:35,0.2336111111111111,0.2336111111111111,0.0,0.2534101144731901,41.4296,140.0497,41.429783,140.051333,2024-05-06,2024-05-06,2024
matsumae28_T7,matsumae28,2024-05-06 08:55:34,2024-05-06 09:11:34,0.26666666666666666,0.25027777777777777,0.01638888888888889,0.252843024511915,41.429917,140.050867,41.4306,140.053683,2024-05-06,2024-05-06,2024
matsumae28_T8,matsumae28,2024-05-06 09:14:34,2024-05-06 09:31:34,0.2833333333333333,0.26694444444444443,0.01638888888888889,0.21189828483167666,41.429083,140.04965,41.429617,140.050967,2024-05-06,2024-05-06,2024
matsumae28_T9,matsumae28,2024-05-09 05:39:35,2024-05-09 05:44:35,0.08333333333333334,0.08333333333333334,0.0,0.2197851249772783,41.42915,140.050533,41.429667,140.050183,2024-05-09,2024-05-09,2024
matsumae29_T0,matsumae29,2024-01-28 06:47:24,2024-01-28 14:52:24,8.083333333333334,6.083333333333333,2.0,37.429573038997205,41.427633,140.008083,41.43065,140.0282,2024-01-28,2024-01-28,2024
matsumae29_T1,matsumae29,2024-01-31 06:04:24,2024-01-31 13:30:24,7.433333333333334,0.0,7.433333333333334,43.3202955386779,41.435183,140.022967,41.432317,140.026983,2024-01-31,2024-01-31,2024
matsumae29_T10,matsumae29,2024-08-18 05:30:25,2024-08-18 16:08:24,10.633055555555556,7.983888888888889,2.649166666666667,42.21224408801855,41.433933,140.022433,41.430683,140.029783,2024-08-18,2024-08-18,2024
matsumae29_T11,matsumae29,2024-08-20 05:27:24,2024-08-20 14:47:25,9.33361111111111,7.1,2.233611111111111,41.57019647283271,41.43545,140.020617,41.4303,140.030533,2024-08-20,2024-08-20,2024
matsumae29_T12,matsumae29,2024-08-27 14:58:25,2024-08-27 15:02:24,0.06638888888888889,0.0,0.06638888888888889,1.6118048775958693,41.429717,140.051567,41.41915,140.064767,2024-08-27,2024-08-27,2024
matsumae29_T13,matsumae29,2024-08-27 15:42:25,2024-08-27 15:46:24,0.06638888888888889,0.0,0.06638888888888889,1.4612536539280845,41.4213,140.065233,41.429633,140.051733,2024-08-27,2024-08-27,2024
matsumae29_T14,matsumae29,2024-08-28 01:59:24,2024-08-28 08:04:24,6.083333333333333,1.533611111111111,4.549722222222222,55.63099739452531,41.428533,140.038767,41.396317,140.176833,2024-08-28,2024-08-28,2024
matsumae29_T15,matsumae29,2024-08-28 08:12:24,2024-08-28 08:22:24,0.16666666666666669,0.0,0.16666666666666669,3.278934006936507,41.403517,140.149317,41.41475,140.11305,2024-08-28,2024-08-28,2024
matsumae29_T16,matsumae29,2024-08-28 08:48:24,2024-08-28 08:52:25,0.06694444444444445,0.0,0.06694444444444445,1.1517544759218872,41.422967,140.065383,41.430833,140.0566,2024-08-28,2024-08-28,2024
matsumae29_T17,matsumae29,2024-09-03 14:49:24,2024-09-03 14:59:24,0.16666666666666669,0.0,0.16666666666666669,3.509804924839739,41.4175,139.990167,41.431333,140.027967,2024-09-03,2024-09-03,2024
matsumae29_T18,matsumae29,2024-09-07 06:12:25,2024-09-07 15:30:24,9.299722222222222,8.099722222222223,1.2,24.301548480232313,41.365417,139.834933,41.431833,140.027367,2024-09-07,2024-09-07,2024
matsumae29_T19,matsumae29,2024-09-08 05:32:25,2024-09-08 13:55:24,8.383055555555556,6.116944444444445,2.266111111111111,44.483752062901516,41.434767,140.02285,41.43105,140.02725,2024-09-08,2024-09-08,2024
matsumae29_T2,matsumae29,2024-02-05 07:15:25,2024-02-05 15:46:25,8.516666666666666,6.500277777777778,2.016388888888889,39.18497505404983,41.435083,140.022383,41.433617,140.024067,2024-02-05,2024-02-05,2024
matsumae29_T20,matsumae29,2024-09-12 05:47:24,2024-09-12 16:17:24,10.5,8.05,2.45,41.20785402067793,41.4344,140.022467,41.430867,140.026733,2024-09-12,2024-09-12,2024
matsumae29_T21,matsumae29,2024-09-13 05:33:25,2024-09-13 14:12:24,8.649722222222222,0.0,8.649722222222222,41.695368512246326,41.4341,140.022783,41.431217,140.027567,2024-09-13,2024-09-13,2024
matsumae29_T22,matsumae29,2024-09-17 05:44:24,2024-09-17 16:14:24,10.5,8.56638888888889,1.9336111111111112,38.9393805391682,41.419283,139.978783,41.43025,140.0279,2024-09-17,2024-09-17,2024
matsumae29_T23,matsumae29,2024-09-18 05:29:24,2024-09-18 15:00:25,9.516944444444444,6.65,2.8669444444444445,42.75681408249474,41.43515,140.021983,41.430117,140.031583,2024-09-18,2024-09-18,2024
matsumae29_T24,matsumae29,2024-10-01 02:45:25,2024-10-01 07:48:24,5.049722222222222,2.2830555555555554,2.7666666666666666,44.98408844905982,41.445883,140.017317,41.449733,140.019833,2024-10-01,2024-10-01,2024
matsumae29_T25,matsumae29,2024-10-03 06:25:25,2024-10-03 11:31:26,5.1002777777777775,3.6008333333333336,1.4994444444444446,27.053771783527385,41.435667,140.0214,41.434233,140.02395,2024-10-03,2024-10-03,2024
matsumae29_T26,matsumae29,2024-10-06 05:37:25,2024-10-06 10:54:24,5.283055555555555,3.350277777777778,1.932777777777778,30.782859861694618,41.4375,140.0194,41.43545,140.02265,2024-10-06,2024-10-06,2024
matsumae29_T27,matsumae29,2024-10-12 05:47:24,2024-10-12 10:39:25,4.866944444444445,2.8841666666666668,1.9827777777777778,39.9427545157718,41.437167,140.019217,41.434167,140.023167,2024-10-12,2024-10-12,2024
matsumae29_T28,matsumae29,2024-10-18 02:55:25,2024-10-18 07:52:25,4.95,1.9494444444444445,3.0005555555555556,38.78682593144247,41.44025,140.018917,41.4428,140.016717,2024-10-18,2024-10-18,2024
matsumae29_T29,matsumae29,2024-10-26 02:56:24,2024-10-26 09:34:24,6.633333333333334,3.963888888888889,2.6694444444444447,40.539413547244266,41.43775,140.019967,41.440667,140.018167,2024-10-26,2024-10-26,2024
matsumae29_T3,matsumae29,2024-07-09 00:59:24,2024-07-09 10:07:24,9.133333333333333,6.167222222222223,2.966111111111111,43.36656460836764,41.437283,140.0205,41.414633,140.066117,2024-07-09,2024-07-09,2024
matsumae29_T30,matsumae29,2024-10-26 10:42:24,2024-10-26 15:03:25,4.350277777777778,0.08277777777777778,4.2675,44.5221250399939,41.449917,140.018783,41.428167,140.043517,2024-10-26,2024-10-26,2024
matsumae29_T31,matsumae29,2024-10-27 06:44:25,2024-10-27 10:54:25,4.166666666666667,0.2997222222222222,3.8669444444444445,39.274225338549826,41.433467,140.025067,41.450983,140.020883,2024-10-27,2024-10-27,2024
matsumae29_T32,matsumae29,2024-10-30 03:00:24,2024-10-30 08:31:25,5.516944444444444,2.6341666666666668,2.8827777777777777,35.815335777572265,41.443083,140.017667,41.439667,140.018567,2024-10-30,2024-10-30,2024
matsumae29_T33,matsumae29,2024-11-01 03:00:25,2024-11-01 08:54:25,5.9,2.600277777777778,3.2997222222222224,54.4514090131118,41.434883,140.02305,41.439683,140.01815,2024-11-01,2024-11-01,2024
matsumae29_T34,matsumae29,2024-11-02 02:56:24,2024-11-02 08:47:24,5.8500000000000005,2.6991666666666667,3.1508333333333334,41.8942815106101,41.436833,140.02075,41.4455,140.016883,2024-11-02,2024-11-02,2024
matsumae29_T35,matsumae29,2024-11-10 03:17:24,2024-11-10 08:42:24,5.416666666666667,2.682777777777778,2.733888888888889,46.14152644404524,41.431883,140.025883,41.449483,140.017617,2024-11-10,2024-11-10,2024
matsumae29_T36,matsumae29,2024-11-15 03:18:24,2024-11-15 08:23:24,5.083333333333334,2.016388888888889,3.0669444444444447,39.02145561318537,41.428483,140.038517,41.405117,140.076433,2024-11-15,2024-11-15,2024
matsumae29_T37,matsumae29,2024-11-15 08:26:24,2024-11-15 08:33:24,0.11666666666666667,0.0,0.11666666666666667,2.514880289426991,41.410667,140.069467,41.428433,140.051033,2024-11-15,2024-11-15,2024
matsumae29_T38,matsumae29,2024-11-21 07:09:24,2024-11-21 11:48:24,4.65,2.866388888888889,1.783611111111111,33.67188225966675,41.436033,140.022033,41.43345,140.0247,2024-11-21,2024-11-21,2024
matsumae29_T4,matsumae29,2024-07-09 10:53:24,2024-07-09 11:00:25,0.11694444444444445,0.0,0.11694444444444445,2.2300182626798137,41.414367,140.067067,41.42955,140.049783,2024-07-09,2024-07-09,2024
matsumae29_T5,matsumae29,2024-07-12 01:25:24,2024-07-12 09:32:24,8.116666666666667,4.899444444444445,3.2172222222222224,50.89559050567168,41.458483,140.001267,41.493,139.9912,2024-07-12,2024-07-12,2024
matsumae29_T6,matsumae29,2024-07-12 09:45:24,2024-07-12 09:46:24,0.016666666666666666,0.0,0.016666666666666666,0.3885068999093634,41.4536,140.018433,41.4505,140.020583,2024-07-12,2024-07-12,2024
matsumae29_T7,matsumae29,2024-07-12 09:55:25,2024-07-12 09:59:25,0.06666666666666668,0.0,0.06666666666666668,1.670430140520874,41.429283,140.04915,41.4203,140.065183,2024-07-12,2024-07-12,2024
matsumae29_T8,matsumae29,2024-07-12 10:43:25,2024-07-12 10:46:25,0.05,0.0,0.05,1.2113993621836234,41.423083,140.065367,41.43015,140.05435,2024-07-12,2024-07-12,2024
matsumae29_T9,matsumae29,2024-08-04 14:29:25,2024-08-06 14:50:25,48.35,0.0,48.35,20.572789927786125,41.353933,139.8169,41.430967,140.028483,2024-08-04,2024-08-06,2024
matsumae01_T1,matsumae01,2025-04-23 09:09:39,2025-04-23 13:47:39,4.633333333333334,2.533333333333333,2.1,40.15930020438721,41.473183,140.000717,41.472517,140.0003,2025-04-23,2025-04-23,2025
matsumae01_T2,matsumae01,2025-06-13 06:23:39,2025-06-13 06:31:39,0.13333333333333333,0.0,0.13333333333333333,2.694425087337363,41.5044,139.994783,41.5266,139.981833,2025-06-13,2025-06-13,2025
matsumae01_T3,matsumae01,2025-06-13 06:42:39,2025-06-19 17:24:39,154.7,0.0,154.7,8.701244165142452,41.56095,139.969033,41.5608,139.96795,2025-06-13,2025-06-19,2025
matsumae01_T4,matsumae01,2025-06-19 17:35:39,2025-06-19 17:43:39,0.13333333333333333,0.0,0.13333333333333333,2.6524726520823987,41.525717,139.982867,41.503667,139.994983,2025-06-19,2025-06-19,2025
matsumae01_T5,matsumae01,2025-06-20 13:16:39,2025-06-20 16:42:39,3.4333333333333336,0.7169444444444445,2.716388888888889,22.770552354029153,41.506817,139.999,41.5072,139.999983,2025-06-20,2025-06-20,2025
matsumae01_T6,matsumae01,2025-06-21 08:38:39,2025-06-21 10:40:39,2.033333333333333,1.3833333333333333,0.65,7.9862658786190135,41.50675,140.000017,41.507417,140.000067,2025-06-21,2025-06-21,2025
matsumae02_T1,matsumae02,2025-01-03 07:31:19,2025-01-03 13:31:19,6.0,5.1,0.9,13.32217468494729,41.564133,139.97165,41.564333,139.971717,2025-01-03,2025-01-03,2025
matsumae02_T10,matsumae02,2025-03-16 09:03:20,2025-03-16 09:10:19,0.11638888888888889,0.06666666666666667,0.04972222222222222,0.6369617525623437,41.563583,139.969883,41.5647,139.97345,2025-03-16,2025-03-16,2025
matsumae02_T11,matsumae02,2025-04-11 05:51:19,2025-04-11 10:05:19,4.233333333333333,3.3830555555555555,0.8502777777777778,8.580993347632322,41.55725,139.966183,41.56395,139.971067,2025-04-11,2025-04-11,2025
matsumae02_T12,matsumae02,2025-04-24 07:07:19,2025-04-24 11:46:20,4.650277777777778,3.5833333333333335,1.0669444444444445,12.330057374678924,41.5658,139.971933,41.563717,139.97115,2025-04-24,2025-04-24,2025
matsumae02_T13,matsumae02,2025-05-01 05:00:19,2025-05-01 08:24:20,3.4002777777777777,1.8983333333333334,1.5019444444444445,17.373898012840893,41.56335,139.972083,41.563733,139.97215,2025-05-01,2025-05-01,2025
matsumae02_T14,matsumae02,2025-05-01 08:47:20,2025-05-01 12:42:19,3.916388888888889,3.0166666666666666,0.8997222222222223,12.69006221220682,41.5423,139.966067,41.547417,139.963217,2025-05-01,2025-05-01,2025
matsumae02_T15,matsumae02,2025-05-19 09:24:19,2025-05-19 15:49:20,6.416944444444445,4.4816666666666665,1.9352777777777779,25.815560916764642,41.548217,139.963417,41.54935,139.96375,2025-05-19,2025-05-19,2025
matsumae02_T16,matsumae02,2025-05-28 05:28:19,2025-05-28 06:06:20,0.6336111111111111,0.4336111111111111,0.2,2.7565120978499675,41.5474,139.9645,41.5472,139.964117,2025-05-28,2025-05-28,2025
matsumae02_T17,matsumae02,2025-05-28 07:06:19,2025-05-28 14:53:19,7.783333333333333,5.667222222222223,2.116111111111111,26.982527672702698,41.549183,139.963417,41.554167,139.964767,2025-05-28,2025-05-28,2025
matsumae02_T18,matsumae02,2025-05-30 07:36:19,2025-05-30 08:04:20,0.46694444444444444,0.3666666666666667,0.10027777777777779,1.4620636086853642,41.546833,139.964233,41.5506,139.963883,2025-05-30,2025-05-30,2025
matsumae02_T19,matsumae02,2025-05-30 08:06:20,2025-05-30 08:06:20,0.0,0.0,0.0,0.09341549809333466,41.553667,139.96455,41.554483,139.964817,2025-05-30,2025-05-30,2025
matsumae02_T2,matsumae02,2025-01-05 07:35:20,2025-01-05 14:39:19,7.0663888888888895,3.7655555555555558,3.3008333333333333,12.636911098495947,41.563517,139.971867,41.563133,139.971767,2025-01-05,2025-01-05,2025
matsumae02_T20,matsumae02,2025-05-30 08:47:19,2025-05-30 08:50:19,0.05,0.05,0.0,0.15376157199536356,41.5399,139.968083,41.540017,139.96825,2025-05-30,2025-05-30,2025
matsumae02_T21,matsumae02,2025-05-30 09:04:20,2025-05-30 09:04:20,0.0,0.0,0.0,0.08497106388407341,41.538617,139.969283,41.537883,139.969567,2025-05-30,2025-05-30,2025
matsumae02_T22,matsumae02,2025-05-30 09:11:19,2025-05-30 09:11:19,0.0,0.0,0.0,0.0,41.537683,139.969333,41.537683,139.969333,2025-05-30,2025-05-30,2025
matsumae02_T23,matsumae02,2025-05-30 09:17:19,2025-05-30 09:18:19,0.016666666666666666,0.016666666666666666,0.0,0.01850633623750016,41.536367,139.969067,41.536533,139.969083,2025-05-30,2025-05-30,2025
matsumae02_T24,matsumae02,2025-05-30 09:23:19,2025-05-30 16:06:19,6.716666666666667,4.849166666666667,1.8675,31.08694028217043,41.537517,139.968883,41.547233,139.963833,2025-05-30,2025-05-30,2025
matsumae02_T25,matsumae02,2025-06-09 05:35:19,2025-06-09 14:02:20,8.450277777777778,6.266111111111111,2.1841666666666666,26.621700461786155,41.5483,139.96325,41.548267,139.96405,2025-06-09,2025-06-09,2025
matsumae02_T26,matsumae02,2025-06-16 06:38:19,2025-06-16 13:00:19,6.366666666666667,4.4675,1.8991666666666667,26.007263081136248,41.549433,139.9642,41.5309,139.97405,2025-06-16,2025-06-16,2025
matsumae02_T27,matsumae02,2025-06-23 07:38:20,2025-06-23 15:24:19,7.766388888888889,6.049722222222222,1.7166666666666668,28.873281324112387,41.5331,139.97135,41.553167,139.964267,2025-06-23,2025-06-23,2025
matsumae02_T3,matsumae02,2025-01-12 06:50:20,2025-01-12 13:02:19,6.199722222222222,5.265,0.9347222222222222,10.677103284188226,41.563333,139.97105,41.563317,139.9712,2025-01-12,2025-01-12,2025
matsumae02_T4,matsumae02,2025-01-25 07:16:20,2025-01-25 10:54:19,3.6330555555555555,2.8666666666666667,0.7663888888888889,4.490204844113053,41.5625,139.97105,41.563167,139.971633,2025-01-25,2025-01-25,2025
matsumae02_T5,matsumae02,2025-02-17 06:56:19,2025-02-17 06:56:19,0.0,0.0,0.0,0.0,41.563483,139.971883,41.563483,139.971883,2025-02-17,2025-02-17,2025
matsumae02_T6,matsumae02,2025-02-17 07:40:20,2025-02-17 09:12:19,1.5330555555555556,1.266388888888889,0.26666666666666666,6.375830733457683,41.5656,139.971533,41.563583,139.972117,2025-02-17,2025-02-17,2025
matsumae02_T7,matsumae02,2025-03-11 10:12:19,2025-03-11 10:36:20,0.4002777777777778,0.10027777777777779,0.3,3.289574547530937,41.57875,139.97275,41.565267,139.974067,2025-03-11,2025-03-11,2025
matsumae02_T8,matsumae02,2025-03-16 06:09:19,2025-03-16 06:10:20,0.016944444444444446,0.0,0.016944444444444446,0.1324392897033291,41.5624,139.970467,41.563,139.971633,2025-03-16,2025-03-16,2025
matsumae02_T9,matsumae02,2025-03-16 06:14:19,2025-03-16 08:57:19,2.716666666666667,1.6825,1.0341666666666667,10.069836486078682,41.563133,139.971867,41.5624,139.9703,2025-03-16,2025-03-16,2025
matsumae04_T1,matsumae04,2025-04-18 08:55:51,2025-04-18 09:10:49,0.24944444444444444,0.0,0.24944444444444444,3.7343995771365117,41.529417,139.975883,41.498333,139.991983,2025-04-18,2025-04-18,2025
matsumae05_T1,matsumae05,2025-01-05 10:36:10,2025-01-05 10:36:10,0.0,0.0,0.0,0.0,41.45215,140.023833,41.45215,140.023833,2025-01-05,2025-01-05,2025
matsumae05_T2,matsumae05,2025-01-07 11:21:09,2025-01-07 11:21:09,0.0,0.0,0.0,0.0,41.451983,140.023583,41.451983,140.023583,2025-01-07,2025-01-07,2025
matsumae05_T3,matsumae05,2025-05-09 01:52:10,2025-05-09 07:01:09,5.1497222222222225,1.9825000000000002,3.167222222222222,50.65632991020358,41.461167,140.006283,41.458867,140.008517,2025-05-09,2025-05-09,2025
matsumae06_T0,matsumae06,2025-06-13 10:50:24,2025-06-13 10:53:24,0.05,0.0,0.05,1.2726681388333034,41.3948,140.19735,41.398367,140.183083,2025-06-13,2025-06-13,2025
matsumae07_T1,matsumae07,2025-06-03 02:24:34,2025-06-03 07:34:34,5.166666666666667,3.816666666666667,1.35,21.233607085852693,41.490667,139.990933,41.491483,139.991133,2025-06-03,2025-06-03,2025
matsumae07_T2,matsumae07,2025-06-09 02:17:35,2025-06-09 06:37:34,4.333055555555555,2.733888888888889,1.5991666666666666,21.740700018342565,41.49295,139.990983,41.492467,139.9898,2025-06-09,2025-06-09,2025
matsumae07_T3,matsumae07,2025-06-24 01:40:35,2025-06-24 07:12:35,5.533333333333333,2.5508333333333333,2.9825,46.19511895252392,41.493783,139.990733,41.48165,139.9955,2025-06-24,2025-06-24,2025
matsumae08_T1,matsumae08,2025-03-18 15:14:39,2025-03-18 23:41:40,8.450277777777778,5.566944444444444,2.8833333333333333,43.702484450353076,41.481583,139.9954,41.482517,139.994067,2025-03-18,2025-03-18,2025
matsumae08_T2,matsumae08,2025-04-11 15:40:39,2025-04-12 04:17:40,12.616944444444444,9.766944444444444,2.85,42.43868133969335,41.483567,139.994083,41.4842,139.992733,2025-04-11,2025-04-12,2025
matsumae08_T3,matsumae08,2025-06-03 06:50:39,2025-06-03 08:07:40,1.283611111111111,0.6836111111111112,0.6,9.772652244776744,41.492867,139.990733,41.489467,139.990683,2025-06-03,2025-06-03,2025
matsumae08_T4,matsumae08,2025-06-24 01:43:39,2025-06-24 06:56:39,5.216666666666667,2.350277777777778,2.866388888888889,43.24379199815972,41.494917,139.991217,41.4775,139.996683,2025-06-24,2025-06-24,2025
matsumae12_T1,matsumae12,2025-01-26 09:30:49,2025-01-26 11:14:49,1.7333333333333334,1.6169444444444445,0.11638888888888889,2.2296565597497087,41.53725,139.9683,41.540117,139.966933,2025-01-26,2025-01-26,2025
matsumae12_T2,matsumae12,2025-02-03 09:03:49,2025-02-03 10:28:50,1.4169444444444446,1.2502777777777778,0.16666666666666669,2.9791880278349767,41.541733,139.966933,41.5405,139.966983,2025-02-03,2025-02-03,2025
matsumae12_T3,matsumae12,2025-02-17 09:18:48,2025-02-17 10:05:50,0.783888888888889,0.5830555555555555,0.20083333333333334,2.7804710694918575,41.542533,139.966117,41.541267,139.967017,2025-02-17,2025-02-17,2025
matsumae12_T4,matsumae12,2025-02-17 10:17:50,2025-02-17 10:48:49,0.5163888888888889,0.4161111111111111,0.10027777777777779,2.567840241474748,41.553317,139.962083,41.5495,139.96425,2025-02-17,2025-02-17,2025
matsumae12_T5,matsumae12,2025-03-09 07:07:50,2025-03-09 08:12:49,1.0830555555555557,0.6330555555555556,0.45,5.906019639536645,41.552,139.964,41.53925,139.968117,2025-03-09,2025-03-09,2025
matsumae12_T6,matsumae12,2025-03-10 16:38:49,2025-03-10 16:39:50,0.016944444444444446,0.0,0.016944444444444446,0.29788760817932086,41.567183,139.975667,41.56985,139.976,2025-03-10,2025-03-10,2025
matsumae12_T7,matsumae12,2025-04-12 17:09:49,2025-04-13 01:20:50,8.183611111111112,0.0,8.183611111111112,0.6548315464406143,41.56535,139.975167,41.567117,139.97475,2025-04-12,2025-04-13,2025
matsumae12_T8,matsumae12,2025-04-22 17:09:51,2025-04-22 17:10:49,0.01611111111111111,0.0,0.01611111111111111,0.40254163456931047,41.5662,139.975383,41.5697,139.9766,2025-04-22,2025-04-22,2025
matsumae13_T0,matsumae13,2025-01-23 15:25:44,2025-01-23 15:32:45,0.11694444444444445,0.0,0.11694444444444445,2.2210973117551434,41.473633,139.970217,41.485333,139.9918,2025-01-23,2025-01-23,2025
matsumae13_T1,matsumae13,2025-03-18 15:07:44,2025-03-19 03:10:44,12.05,9.299999999999999,2.75,46.942064730752776,41.482567,139.993083,41.485317,139.992633,2025-03-18,2025-03-19,2025
matsumae13_T2,matsumae13,2025-05-07 16:12:44,2025-05-07 22:11:44,5.983333333333333,3.450277777777778,2.533055555555556,46.634851766801944,41.482417,139.989567,41.483483,139.993033,2025-05-07,2025-05-07,2025
matsumae14_T1,matsumae14,2025-01-23 07:15:19,2025-01-23 15:36:19,8.35,6.200277777777777,2.149722222222222,41.05772669386271,41.48505,139.9923,41.4849,139.99245,2025-01-23,2025-01-23,2025
matsumae14_T2,matsumae14,2025-03-18 15:26:19,2025-03-18 23:42:20,8.266944444444444,5.733888888888889,2.533055555555556,46.83296577292938,41.483917,139.993967,41.484217,139.9932,2025-03-18,2025-03-18,2025
matsumae14_T3,matsumae14,2025-05-07 16:11:20,2025-05-07 22:22:19,6.183055555555556,3.783333333333333,2.399722222222222,43.57208339350273,41.485583,139.991233,41.485833,139.992017,2025-05-07,2025-05-07,2025
matsumae15_T1,matsumae15,2025-01-03 07:28:04,2025-01-03 07:28:04,0.0,0.0,0.0,0.0,41.45235,140.020983,41.45235,140.020983,2025-01-03,2025-01-03,2025
matsumae15_T10,matsumae15,2025-01-05 15:04:05,2025-01-05 15:04:05,0.0,0.0,0.0,0.0,41.452317,140.022,41.452317,140.022,2025-01-05,2025-01-05,2025
matsumae15_T11,matsumae15,2025-01-20 08:31:04,2025-01-20 08:31:04,0.0,0.0,0.0,0.0,41.452,140.023283,41.452,140.023283,2025-01-20,2025-01-20,2025
matsumae15_T12,matsumae15,2025-01-20 10:09:04,2025-01-20 10:18:05,0.1502777777777778,0.1,0.05027777777777778,0.4275764596589613,41.42935,140.048683,41.429167,140.050933,2025-01-20,2025-01-20,2025
matsumae15_T13,matsumae15,2025-03-08 15:11:05,2025-03-09 06:50:04,15.649722222222223,12.817222222222222,2.8325,48.13543251017042,41.4865,139.992533,41.483767,139.993617,2025-03-08,2025-03-09,2025
matsumae15_T14,matsumae15,2025-03-18 15:10:04,2025-03-19 03:26:04,12.266666666666666,9.233333333333334,3.033333333333333,46.46031920413753,41.483833,139.992633,41.482633,139.99345,2025-03-18,2025-03-19,2025
matsumae15_T15,matsumae15,2025-04-11 15:45:05,2025-04-12 05:14:04,13.483055555555556,10.751111111111111,2.7319444444444447,46.68156197971136,41.4846,139.9937,41.4866,139.99215,2025-04-11,2025-04-12,2025
matsumae15_T16,matsumae15,2025-05-07 16:04:04,2025-05-08 01:45:04,9.683333333333334,7.366388888888889,2.3169444444444447,43.84465278988386,41.484233,139.991983,41.484583,139.992783,2025-05-07,2025-05-08,2025
matsumae15_T17,matsumae15,2025-06-03 15:26:05,2025-06-03 15:31:05,0.08333333333333334,0.0,0.08333333333333334,2.473265436246165,41.5054,139.997283,41.525917,139.985817,2025-06-03,2025-06-03,2025
matsumae15_T18,matsumae15,2025-06-08 09:19:04,2025-06-08 09:24:04,0.08333333333333334,0.0,0.08333333333333334,2.2635877365621253,41.525417,139.988317,41.505817,139.995617,2025-06-08,2025-06-08,2025
matsumae15_T19,matsumae15,2025-06-24 07:02:04,2025-06-24 13:55:05,6.883611111111112,4.716666666666667,2.1669444444444443,40.59369887120513,41.487017,139.991483,41.482767,139.9936,2025-06-24,2025-06-24,2025
matsumae15_T2,matsumae15,2025-01-03 10:31:04,2025-01-03 10:36:04,0.08333333333333333,0.06666666666666667,0.016666666666666666,0.31284289118573294,41.43,140.051383,41.42995,140.051267,2025-01-03,2025-01-03,2025
matsumae15_T3,matsumae15,2025-01-03 10:58:05,2025-01-03 11:01:05,0.05,0.05,0.0,0.19993605586333962,41.429867,140.0511,41.429717,140.050717,2025-01-03,2025-01-03,2025
matsumae15_T4,matsumae15,2025-01-03 11:29:05,2025-01-03 11:32:04,0.04972222222222222,0.03333333333333334,0.01638888888888889,0.16277657181971117,41.4301,140.05145,41.42995,140.051217,2025-01-03,2025-01-03,2025
matsumae15_T5,matsumae15,2025-01-03 12:02:04,2025-01-03 12:02:04,0.0,0.0,0.0,0.16039616621537586,41.45125,140.022367,41.45255,140.021533,2025-01-03,2025-01-03,2025
matsumae15_T6,matsumae15,2025-01-05 09:10:04,2025-01-05 09:10:04,0.0,0.0,0.0,0.0,41.45175,140.021233,41.45175,140.021233,2025-01-05,2025-01-05,2025
matsumae15_T7,matsumae15,2025-01-05 11:13:04,2025-01-05 13:46:04,2.5500000000000003,2.2994444444444446,0.2505555555555556,5.702329517134356,41.42985,140.052467,41.429667,140.051433,2025-01-05,2025-01-05,2025
matsumae15_T8,matsumae15,2025-01-05 14:00:04,2025-01-05 14:11:04,0.18333333333333335,0.16666666666666666,0.016666666666666666,0.392394005629799,41.43005,140.05125,41.42955,140.050017,2025-01-05,2025-01-05,2025
matsumae15_T9,matsumae15,2025-01-05 14:21:04,2025-01-05 14:37:04,0.26666666666666666,0.21694444444444444,0.04972222222222222,0.3264828895239428,41.429783,140.05045,41.429733,140.0513,2025-01-05,2025-01-05,2025
matsumae16_T1,matsumae16,2025-03-18 15:46:19,2025-03-19 01:56:20,10.166944444444445,7.949722222222222,2.2172222222222224,44.140200075590215,41.482933,139.992367,41.4825,139.995033,2025-03-18,2025-03-19,2025
matsumae16_T2,matsumae16,2025-04-11 15:40:19,2025-04-12 03:51:19,12.183333333333334,9.416944444444445,2.766388888888889,50.66585386357635,41.484833,139.993683,41.481717,139.994167,2025-04-11,2025-04-12,2025
matsumae16_T3,matsumae16,2025-05-16 16:40:20,2025-05-17 03:13:20,10.55,8.116666666666667,2.4333333333333336,42.363634832230524,41.484017,139.993867,41.483783,139.994283,2025-05-16,2025-05-17,2025
matsumae16_T4,matsumae16,2025-05-29 22:07:19,2025-05-30 00:55:20,2.8002777777777776,1.600277777777778,1.2,20.2763209174924,41.3623,139.8174,41.4836,139.994567,2025-05-29,2025-05-30,2025
matsumae17_T1,matsumae17,2025-01-13 07:17:39,2025-01-13 10:04:39,2.783333333333333,1.833611111111111,0.9497222222222222,16.792056377914935,41.499917,139.99315,41.4966,139.99135,2025-01-13,2025-01-13,2025
matsumae17_T10,matsumae17,2025-05-28 16:44:39,2025-05-29 02:44:39,10.0,7.516388888888889,2.483611111111111,46.5903234903082,41.473667,139.983867,41.49165,139.990483,2025-05-28,2025-05-29,2025
matsumae17_T11,matsumae17,2025-05-29 16:44:40,2025-05-30 01:00:39,8.266388888888889,5.716666666666667,2.5497222222222224,47.48459318717311,41.484583,139.992817,41.484217,139.99245,2025-05-29,2025-05-30,2025
matsumae17_T12,matsumae17,2025-06-10 12:35:39,2025-06-10 12:43:40,0.13361111111111112,0.0,0.13361111111111112,2.1309248093840822,41.507667,140.00135,41.525583,139.992683,2025-06-10,2025-06-10,2025
matsumae17_T2,matsumae17,2025-01-21 03:32:39,2025-01-21 11:08:39,7.6000000000000005,3.8655555555555554,3.7344444444444447,46.81002814957721,41.4968,139.990567,41.487533,139.991783,2025-01-21,2025-01-21,2025
matsumae17_T3,matsumae17,2025-03-18 15:11:39,2025-03-18 23:13:40,8.03361111111111,0.0,8.03361111111111,43.51757198833124,41.482333,139.9943,41.478533,139.995117,2025-03-18,2025-03-18,2025
matsumae17_T4,matsumae17,2025-03-18 23:14:39,2025-03-18 23:14:39,0.0,0.0,0.0,0.0,41.480417,139.996767,41.480417,139.996767,2025-03-18,2025-03-18,2025
matsumae17_T5,matsumae17,2025-04-11 16:15:39,2025-04-11 23:15:39,7.0,4.233055555555556,2.7669444444444444,45.13781935401746,41.48475,139.99205,41.447733,140.017667,2025-04-11,2025-04-11,2025
matsumae17_T6,matsumae17,2025-05-07 18:45:40,2025-05-07 22:35:39,3.8330555555555557,3.8330555555555557,0.0,0.2596712799596318,41.353667,139.81005,41.353917,139.81,2025-05-07,2025-05-07,2025
matsumae17_T7,matsumae17,2025-05-14 16:39:40,2025-05-15 06:24:39,13.749722222222223,10.882777777777777,2.8669444444444445,43.414700816450136,41.478283,139.9963,41.488083,139.990817,2025-05-14,2025-05-15,2025
matsumae17_T8,matsumae17,2025-05-16 16:44:40,2025-05-17 06:29:39,13.749722222222223,9.217222222222222,4.5325,72.00484047584447,41.48615,139.992533,41.481783,139.995217,2025-05-16,2025-05-17,2025
matsumae17_T9,matsumae17,2025-05-27 16:55:39,2025-05-28 05:14:39,12.316666666666666,10.200555555555555,2.116111111111111,37.93175546974488,41.436017,139.91755,41.486317,139.991517,2025-05-27,2025-05-28,2025
matsumae18_T1,matsumae18,2025-05-07 08:17:04,2025-05-07 08:27:05,0.16694444444444445,0.0,0.16694444444444445,2.696421049823071,41.5039,139.99485,41.52615,139.98205,2025-05-07,2025-05-07,2025
matsumae18_T2,matsumae18,2025-05-15 08:52:05,2025-05-15 09:01:05,0.15000000000000002,0.0,0.15000000000000002,2.954149871901136,41.52735,139.980517,41.503067,139.994667,2025-05-15,2025-05-15,2025
matsumae18_T3,matsumae18,2025-06-24 07:00:04,2025-06-24 13:51:06,6.850555555555556,4.550277777777778,2.3002777777777776,40.97563361403997,41.4876,139.99085,41.483483,139.9936,2025-06-24,2025-06-24,2025
matsumae19_T1,matsumae19,2025-01-27 05:28:24,2025-01-27 14:56:24,9.466666666666667,0.03333333333333333,9.433333333333334,39.82555670890636,41.471133,140.00425,41.473133,139.99875,2025-01-27,2025-01-27,2025
matsumae20_T1,matsumae20,2025-03-08 15:00:44,2025-03-09 04:57:45,13.950277777777778,11.234166666666667,2.716111111111111,44.047604961664206,41.47335,139.999417,41.4755,139.99785,2025-03-08,2025-03-09,2025
matsumae20_T2,matsumae20,2025-03-18 14:58:44,2025-03-19 00:42:45,9.733611111111111,7.150555555555556,2.5830555555555557,44.56465710834844,41.472267,140.000833,41.47335,140.000483,2025-03-18,2025-03-19,2025
matsumae20_T3,matsumae20,2025-05-07 16:06:45,2025-05-08 01:58:44,9.866388888888888,7.300277777777778,2.5661111111111112,42.426613741967294,41.472017,140.001767,41.473933,139.998567,2025-05-07,2025-05-08,2025
matsumae20_T4,matsumae20,2025-06-20 13:39:44,2025-06-20 13:39:44,0.0,0.0,0.0,0.16413276058446427,41.467217,140.0072,41.465783,140.006733,2025-06-20,2025-06-20,2025
matsumae20_T5,matsumae20,2025-06-20 13:40:44,2025-06-20 13:50:44,0.16666666666666669,0.0,0.16666666666666669,3.150016764076935,41.462917,140.005983,41.43795,140.020067,2025-06-20,2025-06-20,2025
matsumae20_T6,matsumae20,2025-06-20 13:53:44,2025-06-24 15:41:44,97.8,93.9,3.9,80.09467798489965,41.431483,140.02815,41.781767,140.724933,2025-06-20,2025-06-24,2025
matsumae22_T1,matsumae22,2025-03-18 15:02:09,2025-03-18 23:03:10,8.016944444444444,5.1658333333333335,2.851111111111111,47.023477291387074,41.472167,140.00075,41.472217,140.002767,2025-03-18,2025-03-18,2025
matsumae23_T1,matsumae23,2025-03-08 14:56:34,2025-03-09 06:56:35,16.00027777777778,13.733055555555557,2.2672222222222222,44.64565949927484,41.473317,140.00135,41.471083,140.00335,2025-03-08,2025-03-09,2025
matsumae23_T2,matsumae23,2025-03-18 14:57:34,2025-03-19 05:41:34,14.733333333333334,11.816944444444445,2.916388888888889,50.35937622942184,41.471867,140.001717,41.473267,139.999783,2025-03-18,2025-03-19,2025
matsumae26_T1,matsumae26,2025-03-10 06:51:10,2025-03-10 07:06:10,0.25,0.05,0.2,2.449925214907073,41.505033,139.997167,41.525717,139.988167,2025-03-10,2025-03-10,2025
matsumae27_T1,matsumae27,2025-01-05 15:41:55,2025-01-05 15:41:55,0.0,0.0,0.0,0.11292614853045455,41.451383,140.021517,41.452267,140.02085,2025-01-05,2025-01-05,2025
matsumae27_T2,matsumae27,2025-01-07 07:57:54,2025-01-07 07:57:54,0.0,0.0,0.0,0.0,41.452417,140.022833,41.452417,140.022833,2025-01-07,2025-01-07,2025
matsumae27_T3,matsumae27,2025-01-07 12:07:55,2025-01-07 12:07:55,0.0,0.0,0.0,0.0,41.45195,140.022333,41.45195,140.022333,2025-01-07,2025-01-07,2025
matsumae27_T4,matsumae27,2025-01-11 09:34:54,2025-01-11 09:36:54,0.03333333333333333,0.03333333333333333,0.0,0.029885499387682618,41.430133,140.051883,41.430217,140.051767,2025-01-11,2025-01-11,2025
matsumae27_T5,matsumae27,2025-01-20 07:08:54,2025-01-20 09:33:54,2.4166666666666665,0.8833333333333333,1.5333333333333334,21.626279414747728,41.460633,140.0072,41.358117,139.8203,2025-01-20,2025-01-20,2025
matsumae27_T6,matsumae27,2025-05-08 01:46:55,2025-05-08 07:15:54,5.483055555555556,2.1166666666666667,3.366388888888889,49.71841271995376,41.459817,140.008033,41.460317,140.007867,2025-05-08,2025-05-08,2025
matsumae28_T1,matsumae28,2025-05-14 16:49:34,2025-05-15 04:14:34,11.416666666666668,8.745833333333334,2.6708333333333334,41.859598491211266,41.434683,140.022833,41.43645,140.02135,2025-05-14,2025-05-15,2025
matsumae28_T10,matsumae28,2025-06-23 04:51:34,2025-06-23 08:46:35,3.9169444444444443,2.817222222222222,1.0997222222222223,18.03462925889159,41.429283,140.03455,41.4286,140.04665,2025-06-23,2025-06-23,2025
matsumae28_T2,matsumae28,2025-05-28 17:39:34,2025-05-28 17:49:34,0.16666666666666666,0.05,0.11666666666666667,1.3671884475272553,41.4369,140.0209,41.4349,140.0233,2025-05-28,2025-05-28,2025
matsumae28_T3,matsumae28,2025-05-30 15:57:35,2025-05-30 16:25:35,0.4666666666666667,0.11694444444444445,0.3497222222222222,4.485939601104648,41.428617,140.037533,41.428483,140.0445,2025-05-30,2025-05-30,2025
matsumae28_T4,matsumae28,2025-05-30 17:33:35,2025-05-30 17:41:35,0.13333333333333333,0.06666666666666667,0.06666666666666667,0.8504585289083958,41.436317,140.02055,41.435133,140.022683,2025-05-30,2025-05-30,2025
matsumae28_T5,matsumae28,2025-06-08 16:43:34,2025-06-08 17:14:34,0.5166666666666667,0.3502777777777778,0.1663888888888889,2.9524307180475677,41.444033,140.017433,41.443883,140.017833,2025-06-08,2025-06-08,2025
matsumae28_T6,matsumae28,2025-06-13 05:22:34,2025-06-13 06:47:34,1.4166666666666667,0.9172222222222223,0.49944444444444447,7.8629966696870826,41.43355,140.02405,41.444983,140.01705,2025-06-13,2025-06-13,2025
matsumae28_T7,matsumae28,2025-06-14 16:34:34,2025-06-14 17:32:35,0.9669444444444445,0.8841666666666667,0.08277777777777778,0.719947594736064,41.429933,140.051,41.42895,140.050083,2025-06-14,2025-06-14,2025
matsumae28_T8,matsumae28,2025-06-16 05:27:34,2025-06-16 09:26:35,3.983611111111111,3.068888888888889,0.9147222222222222,12.41402410628755,41.4345,140.023867,41.436317,140.020733,2025-06-16,2025-06-16,2025
matsumae28_T9,matsumae28,2025-06-19 09:16:34,2025-06-19 11:40:35,2.4002777777777777,2.0502777777777776,0.35,4.988914072980345,41.428333,140.035233,41.428217,140.0393,2025-06-19,2025-06-19,2025
matsumae29_T1,matsumae29,2025-01-27 06:36:25,2025-01-27 14:59:25,8.383333333333335,2.6169444444444445,5.76638888888889,44.64068499859601,41.43485,140.022083,41.43315,140.023083,2025-01-27,2025-01-27,2025
matsumae29_T2,matsumae29,2025-01-28 07:07:24,2025-01-28 12:17:24,5.166666666666666,3.516388888888889,1.6502777777777777,29.71514030128148,41.400917,139.922283,41.432867,140.024733,2025-01-28,2025-01-28,2025
matsumae29_T3,matsumae29,2025-05-22 09:31:25,2025-05-22 09:36:24,0.08305555555555555,0.0,0.08305555555555555,1.483345361662875,41.429933,140.051983,41.420933,140.065083,2025-05-22,2025-05-22,2025
matsumae30_T0,matsumae30,2025-05-14 09:12:34,2025-06-14 13:37:34,748.4166666666666,699.9755555555556,48.44111111111111,664.729269067538,41.523933,140.002183,41.525333,139.995367,2025-05-14,2025-06-14,2025
matsumae30_T1,matsumae30,2025-06-14 13:47:34,2025-06-14 13:57:35,0.16694444444444445,0.0,0.16694444444444445,2.0181235918348466,41.525333,139.993,41.5099,140.0046,2025-06-14,2025-06-14,2025
matsumae30_T2,matsumae30,2025-06-14 14:01:34,2025-06-20 13:33:35,143.5336111111111,106.18249999999999,37.35111111111111,195.7440726047598,41.507667,139.999817,41.52425,140.002083,2025-06-14,2025-06-20,2025
